region_id	group	haps	reads_kept	kappa	n_flank	called_len	truth_len	panel_call_ed	ceiling_ed	error
TR761026	hurt	16	129	0.0747	553	1478/3743	1478/3756	13	0	
TR755910	hurt	18	440	0.0937	694	3587/4324	974/4391	2682	69	
TR761129	hurt	25	666	0.0937	694	5618/5644	5705/5656	103	41	
TR760137	hurt	9	308	0.0727	538	3390/2898	3450/2778	180	180	
TR773368	hurt	8	192	0.0978	724	1235/1235	1235/1235	0	0	
TR772413	hurt	22	280	0.097	718	1767/1581	1767/1581	0	0	
TR755896	hurt	7	481	0.0754	558	3190/3505	3190/3505	2	0	
TR770009	hurt	9	111	0.097	718	926/926	926/926	0	0	
TR769752	helped	29	193	0.0939	695	1659/1745	1633/1968	252	33	
TR772976	helped	32	120	0.0793	587	2852/2828	2810/2801	115	101	
TR755726	helped	26	124	0.1021	756	1697/1505	1599/1697	141	65	
TR766584	helped	2	143	0.0879	651	734/734	734/734	0	0	
TR773452	helped	10	356	0.0963	713	2003/4361	4381/2003	21	0	
TR757936	helped	11	1060	0.0851	630	6462/6470	6472/6462	2	2	
TR772945	hotspot	25	191	0.0832	616	1858/930	1765/930	93	63	
TR772999	hotspot	32	99	0.1195	885	3086/4669	3077/4669	130	130	
TR773491	hotspot	24	358	0.0868	643	4044/3835	3897/2847	1230	177	
TR772198	hotspot	28	312	0.0744	551	2232/2100	2100/2234	124	104	
TR764119	mc_right	23	133	0.0736	545	1109/1093	1098/1093	11	1	
TR765271	mc_right	22	227	0.0943	698	1606/1622	1602/1622	4	4	
TR773234	mc_right	10	130	0.0809	599	1153/1147	1147/1155	3	2	
TR772722	mc_right	9	131	0.091	674	2038/2039	2039/2038	1	1	
