source	chrom	pos	end	id	ref_len	alt_len	len_diff	gt	called	qual	filter	truvari	aardvark	vg_truvari	pg_truvari	applied_h1	applied_h2	in_sv_benchmark	svtype	TRFperiod	MatchId	overlaps_span_edge
vg	chr13	26280256	26280300	>48122208>48122256	45	1	-44	1|1	1	13.3521	PASS	-	-	.	.	.	.	.	.	.	.	0
truth_stvar	chr13	26280270	26280270	.	1	1	0	1|0	.	.	.	.	.	-	-	yes	ref	1	.	.	.	0
truth_smvar	chr13	26280270	26280270	.	1	1	0	1|0	.	.	.	.	.	-	-	no:duplicate_of_stvar	ref	1	.	.	.	0
truth_stvar	chr13	26280304	26280304	.	1	1	0	1|0	.	.	.	.	.	-	-	yes	ref	1	.	.	.	0
truth_smvar	chr13	26280304	26280304	.	1	1	0	1|0	.	.	.	.	.	-	-	no:duplicate_of_stvar	ref	1	.	.	.	0
vg	chr13	26280304	26280304	>48122256>48122261	1	1	0	1|1	1	8.09815	PASS	-	-	.	.	.	.	.	.	.	.	0
vg	chr13	26280314	26280534	>48122264>48122444	221	1	-220	1|2	1	25.3088	PASS	TP	-	.	.	.	.	.	.	.	67.1,67.1	0
vg	chr13	26280314	26280534	>48122264>48122444	221	1	-220	1|2	1	25.3088	PASS	FP	-	.	.	.	.	.	.	.	67.1,67.0	0
truth_stvar	chr13	26280334	26280802	.	469	1	468	0|1	.	.	.	.	.	FN	FN	ref	yes	1	DEL	88	.	0
truth_smvar	chr13	26280334	26280802	.	469	1	468	0|1	.	.	.	.	.	-	-	ref	no:duplicate_of_stvar	1	.	88	.	0
truth_stvar	chr13	26280335	26280335	.	1	1	0	0|1	.	.	.	.	.	-	-	ref	no:star_allele	1	.	.	.	0
truth_stvar	chr13	26280335	26280335	.	1	1	0	1|0	.	.	.	.	.	-	-	yes	ref	1	.	.	.	0
truth_smvar	chr13	26280335	26280335	.	1	1,1	0	1|2	.	.	.	.	.	-	-	no:duplicate_of_stvar	no:star_allele	1	.	.	.	0
truth_stvar	chr13	26280348	26280348	.	1	1	0	0|1	.	.	.	.	.	-	-	ref	no:star_allele	1	.	.	.	0
truth_stvar	chr13	26280348	26280348	.	1	1	0	1|0	.	.	.	.	.	-	-	yes	ref	1	.	.	.	0
truth_smvar	chr13	26280348	26280348	.	1	1,1	0	1|2	.	.	.	.	.	-	-	no:duplicate_of_stvar	no:star_allele	1	.	.	.	0
truth_stvar	chr13	26280392	26280392	.	1	1	0	0|1	.	.	.	.	.	-	-	ref	no:star_allele	1	.	.	.	0
truth_stvar	chr13	26280392	26280392	.	1	1	0	1|0	.	.	.	.	.	-	-	yes	ref	1	.	.	.	0
truth_smvar	chr13	26280392	26280392	.	1	1,1	0	1|2	.	.	.	.	.	-	-	no:duplicate_of_stvar	no:star_allele	1	.	.	.	0
truth_stvar	chr13	26280467	26280467	.	1	1	0	0|1	.	.	.	.	.	-	-	ref	no:star_allele	1	.	.	.	0
truth_stvar	chr13	26280467	26280467	.	1	1	0	1|0	.	.	.	.	.	-	-	yes	ref	1	.	.	.	0
truth_smvar	chr13	26280467	26280467	.	1	1,1	0	1|2	.	.	.	.	.	-	-	no:duplicate_of_stvar	no:star_allele	1	.	.	.	0
truth_stvar	chr13	26280479	26280479	.	1	1	0	0|1	.	.	.	.	.	-	-	ref	no:star_allele	1	.	.	.	0
truth_stvar	chr13	26280479	26280479	.	1	1	0	1|0	.	.	.	.	.	-	-	yes	ref	1	.	.	.	0
truth_smvar	chr13	26280479	26280479	.	1	1,1	0	1|2	.	.	.	.	.	-	-	no:duplicate_of_stvar	no:star_allele	1	.	.	.	0
truth_stvar	chr13	26280483	26280483	.	1	1	0	0|1	.	.	.	.	.	-	-	ref	no:star_allele	1	.	.	.	0
truth_stvar	chr13	26280483	26280483	.	1	1	0	1|0	.	.	.	.	.	-	-	yes	ref	1	.	.	.	0
truth_smvar	chr13	26280483	26280483	.	1	1,1	0	1|2	.	.	.	.	.	-	-	no:duplicate_of_stvar	no:star_allele	1	.	.	.	0
truth_stvar	chr13	26280534	26280534	.	1	1	0	0|1	.	.	.	.	.	-	-	ref	no:star_allele	1	.	.	.	0
truth_stvar	chr13	26280534	26280534	.	1	1	0	1|0	.	.	.	.	.	-	-	yes	ref	1	.	.	.	0
truth_smvar	chr13	26280534	26280534	.	1	1,1	0	1|2	.	.	.	.	.	-	-	no:duplicate_of_stvar	no:star_allele	1	.	.	.	0
truth_stvar	chr13	26280554	26280802	.	249	1	0	0|1	.	.	.	.	.	-	-	ref	no:star_allele	1	DEL	88	.	0
truth_stvar	chr13	26280554	26280802	.	249	1	248	1|0	.	.	.	.	.	TP	FN	yes	ref	1	DEL	88	.	0
truth_smvar	chr13	26280554	26280802	.	249	1,1	248	1|2	.	.	.	.	.	-	-	no:duplicate_of_stvar	no:star_allele	1	.	88	.	0
vg	chr13	26280555	26280555	>48122453>48122457	1	1	0	1|1	1	7.92617	PASS	-	-	.	.	.	.	.	.	.	.	0
vg	chr13	26280667	26280667	>48122548>48122551	1	1	0	1|1	1	5.42049	PASS	-	-	.	.	.	.	.	.	.	.	0
vg	chr13	26280680	26280680	>48122558>48122567	1	1	0	1|1	1	10.1731	PASS	-	-	.	.	.	.	.	.	.	.	0
vg	chr13	26280701	26280701	>48122597>48122615	1	10	9	2|1	1	7.50904	PASS	-	-	.	.	.	.	.	.	.	.	0
vg	chr13	26280701	26280701	>48122597>48122615	1	21	20	2|1	1	7.50904	PASS	-	-	.	.	.	.	.	.	.	.	0
vg	chr13	26280703	26280704	>48122615>48122621	2	2	0	1|2	1	8.20048	PASS	-	-	.	.	.	.	.	.	.	.	0
vg	chr13	26280703	26280704	>48122615>48122621	2	2	0	1|2	1	8.20048	PASS	-	-	.	.	.	.	.	.	.	.	0
vg	chr13	26280707	26280707	>48122623>48122627	1	1	0	1|0	1	5.17188	PASS	-	-	.	.	.	.	.	.	.	.	0
vg	chr13	26280715	26280812	>48122635>48122742	98	1	-97	2|1	1	18.6615	PASS	FP	-	.	.	.	.	.	.	.	67.5,67.2	0
vg	chr13	26280715	26280812	>48122635>48122742	98	30	-68	2|1	1	18.6615	PASS	FP	-	.	.	.	.	.	.	.	67.5,67.3	0
vg	chr13	26280778	26280802	>48122708>48122726	25	1	-24	1|.	1	4.74771	PASS	-	-	.	.	.	.	.	.	.	.	0
vg	chr13	26280814	26280818	>48122751>48122763	5	1	-4	0|1	1	9.1861	PASS	-	-	.	.	.	.	.	.	.	.	0
truth_stvar	chr13	26280816	26280816	.	1	1	0	0|1	.	.	.	.	.	-	-	ref	yes	1	.	.	.	0
truth_smvar	chr13	26280816	26280816	.	1	1	0	0|1	.	.	.	.	.	-	-	ref	no:duplicate_of_stvar	1	.	.	.	0
vg	chr13	26280825	26280869	>48122773>48122815	45	1	-44	1|1	1	10.4878	PASS	-	-	.	.	.	.	.	.	.	.	0
truth_stvar	chr13	26280859	26280859	.	1	1	0	0|1	.	.	.	.	.	-	-	ref	yes	1	.	.	.	0
truth_smvar	chr13	26280859	26280859	.	1	1	0	0|1	.	.	.	.	.	-	-	ref	no:duplicate_of_stvar	1	.	.	.	0
truth_stvar	chr13	26280863	26280863	.	1	1	0	0|1	.	.	.	.	.	-	-	ref	yes	1	.	.	.	0
truth_smvar	chr13	26280863	26280863	.	1	1	0	0|1	.	.	.	.	.	-	-	ref	no:duplicate_of_stvar	1	.	.	.	0
vg	chr13	26280887	26280975	>48122843>48122956	89	1	-88	1|1	1	12.109	PASS	FP	-	.	.	.	.	.	.	.	67.5,67.4	0
truth_stvar	chr13	26280891	26280891	.	1	1	0	1|1	.	.	.	.	.	-	-	yes	yes	1	.	.	.	0
truth_smvar	chr13	26280891	26280891	.	1	1	0	1|1	.	.	.	.	.	-	-	no:duplicate_of_stvar	no:duplicate_of_stvar	1	.	.	.	0
truth_stvar	chr13	26280947	26280947	.	1	1	0	1|0	.	.	.	.	.	-	-	yes	ref	1	.	.	.	0
truth_smvar	chr13	26280947	26280947	.	1	1	0	1|0	.	.	.	.	.	-	-	no:duplicate_of_stvar	ref	1	.	.	.	0
truth_stvar	chr13	26280951	26280951	.	1	1	0	1|0	.	.	.	.	.	-	-	yes	ref	1	.	.	.	0
truth_smvar	chr13	26280951	26280951	.	1	1	0	1|0	.	.	.	.	.	-	-	no:duplicate_of_stvar	ref	1	.	.	.	0
vg	chr13	26280991	26281143	>48122973>48123115	153	1	-152	1|1	1	24.8201	PASS	FP	-	.	.	.	.	.	.	.	67.5,67.5	0
truth_stvar	chr13	26280992	26280992	.	1	1	0	0|1	.	.	.	.	.	-	-	ref	yes	1	.	.	.	0
truth_smvar	chr13	26280992	26280992	.	1	1	0	0|1	.	.	.	.	.	-	-	ref	no:duplicate_of_stvar	1	.	.	.	0
truth_stvar	chr13	26281023	26281023	.	1	1	0	1|1	.	.	.	.	.	-	-	yes	yes	1	.	.	.	0
truth_smvar	chr13	26281023	26281023	.	1	1	0	1|1	.	.	.	.	.	-	-	no:duplicate_of_stvar	no:duplicate_of_stvar	1	.	.	.	0
truth_stvar	chr13	26281036	26281036	.	1	1	0	0|1	.	.	.	.	.	-	-	ref	yes	1	.	.	.	0
truth_smvar	chr13	26281036	26281036	.	1	1	0	0|1	.	.	.	.	.	-	-	ref	no:duplicate_of_stvar	1	.	.	.	0
truth_stvar	chr13	26281123	26281123	.	1	1	0	0|1	.	.	.	.	.	-	-	ref	yes	1	.	.	.	0
truth_smvar	chr13	26281123	26281123	.	1	1	0	0|1	.	.	.	.	.	-	-	ref	no:duplicate_of_stvar	1	.	.	.	0
truth_stvar	chr13	26281127	26281127	.	1	1	0	0|1	.	.	.	.	.	-	-	ref	yes	1	.	.	.	0
truth_smvar	chr13	26281127	26281127	.	1	1	0	0|1	.	.	.	.	.	-	-	ref	no:duplicate_of_stvar	1	.	.	.	0
vg	chr13	26281145	26281165	>48123115>48123133	21	1	-20	1|1	1	9.851	PASS	-	-	.	.	.	.	.	.	.	.	0
truth_stvar	chr13	26281155	26281155	.	1	1	0	1|1	.	.	.	.	.	-	-	yes	yes	1	.	.	.	0
truth_smvar	chr13	26281155	26281155	.	1	1	0	1|1	.	.	.	.	.	-	-	no:duplicate_of_stvar	no:duplicate_of_stvar	1	.	.	.	0
vg	chr13	26281166	26281170	>48123133>48123139	5	1	-4	1|1	1	8.00719	PASS	-	-	.	.	.	.	.	.	.	.	0
truth_stvar	chr13	26281167	26281167	.	1	1	0	1|0	.	.	.	.	.	-	-	yes	ref	1	.	.	.	0
truth_smvar	chr13	26281167	26281167	.	1	1	0	1|0	.	.	.	.	.	-	-	no:duplicate_of_stvar	ref	1	.	.	.	0
truth_stvar	chr13	26281171	26281171	.	1	1	0	1|0	.	.	.	.	.	-	-	yes	ref	1	.	.	.	0
truth_smvar	chr13	26281171	26281171	.	1	1	0	1|0	.	.	.	.	.	-	-	no:duplicate_of_stvar	ref	1	.	.	.	0
vg	chr13	26281205	26281357	>48123188>48123466	153	1	-152	1|1	1	33.4209	PASS	FP	-	.	.	.	.	.	.	.	67.5,67.6	0
truth_stvar	chr13	26281242	26284559	.	3318	1	3317	0|1	.	.	.	.	.	FN	FN	ref	yes	1	DEL	88	.	0
truth_smvar	chr13	26281242	26284559	.	3318	1	3317	0|1	.	.	.	.	.	-	-	ref	no:duplicate_of_stvar	1	.	88	.	0
truth_stvar	chr13	26281243	26281243	.	1	1	0	0|1	.	.	.	.	.	-	-	ref	no:star_allele	1	.	.	.	0
truth_stvar	chr13	26281243	26281243	.	1	1	0	1|0	.	.	.	.	.	-	-	yes	ref	1	.	.	.	0
truth_smvar	chr13	26281243	26281243	.	1	1,1	0	1|2	.	.	.	.	.	-	-	no:duplicate_of_stvar	no:star_allele	1	.	.	.	0
truth_stvar	chr13	26281252	26283398	.	2147	1	0	0|1	.	.	.	.	.	-	-	ref	no:star_allele	1	DEL	88	.	0
truth_stvar	chr13	26281252	26283398	.	2147	1	2146	1|0	.	.	.	.	.	FN	FN	yes	ref	1	DEL	88	.	0
truth_smvar	chr13	26281252	26283398	.	2147	1,1	2146	1|2	.	.	.	.	.	-	-	no:duplicate_of_stvar	no:star_allele	1	.	88	.	0
vg	chr13	26281363	26281484	>48123188>48123466	122	2	-120	1|2	1	33.4209	PASS	FP	-	.	.	.	.	.	.	.	67.5,67.7	0
vg	chr13	26281363	26281484	>48123188>48123466	122	2	-120	1|2	1	33.4209	PASS	FP	-	.	.	.	.	.	.	.	67.5,67.8	0
vg	chr13	26281487	26281487	>48123467>48123470	1	1	0	0|1	1	4.55342	PASS	-	-	.	.	.	.	.	.	.	.	0
vg	chr13	26281489	26281506	>48123472>48123480	18	1	-17	1|1	1	5.66997	PASS	-	-	.	.	.	.	.	.	.	.	0
vg	chr13	26281510	26281511	>48123487>48123491	2	1	-1	1|1	1	5.03655	PASS	-	-	.	.	.	.	.	.	.	.	0
vg	chr13	26281513	26281513	>48123491>48123493	1	3	2	1|1	1	4.92372	PASS	-	-	.	.	.	.	.	.	.	.	0
vg	chr13	26281514	26281538	>48123493>48123512	25	1	-24	1|1	1	5.96373	PASS	-	-	.	.	.	.	.	.	.	.	0
vg	chr13	26281547	26281878	>48123515>48123911	332	1	-331	2|1	1	34.4355	PASS	FP	-	.	.	.	.	.	.	.	67.1,67.9	0
vg	chr13	26281547	26281878	>48123515>48123911	332	3	-329	2|1	1	34.4355	PASS	FP	-	.	.	.	.	.	.	.	67.1,67.10	0
vg	chr13	26281882	26281894	>48120960>48124078	13	1	-12	2|1	1	148.303	PASS	-	-	.	.	.	.	.	.	.	.	0
vg	chr13	26281882	26281894	>48120960>48124078	13	14	1	2|1	1	148.303	PASS	-	-	.	.	.	.	.	.	.	.	0
vg	chr13	26281884	26281884	>48123915>48123920	1	1	0	1|.	1	5.00044	PASS	-	-	.	.	.	.	.	.	.	.	0
vg	chr13	26281885	26281885	>48123920>48123922	1	2	1	1|.	1	3.35625	PASS	-	-	.	.	.	.	.	.	.	.	0
vg	chr13	26281895	26282013	>48120960>48124078	119	1	-118	2|1	1	148.303	PASS	FP	-	.	.	.	.	.	.	.	67.5,67.11	0
vg	chr13	26281895	26282013	>48120960>48124078	119	9	-110	2|1	1	148.303	PASS	FP	-	.	.	.	.	.	.	.	67.5,67.12	0
vg	chr13	26282037	26283022	>48124084>48125494	986	61	-925	1|0	1	12.8098	PASS	FP	-	.	.	.	.	.	.	.	67.4,67.14	0
vg	chr13	26282037	26282037	>48124105>48124108	1	1	0	1|0	1	7.35392	PASS	-	-	.	.	.	.	.	.	.	.	0
vg	chr13	26282043	26282485	>48124111>48124722	443	1	-442	1|0	1	21.2698	PASS	FP	-	.	.	.	.	.	.	.	67.0,67.13	0
vg	chr13	26282323	26282323	>48124540>48124544	1	1	0	.|1	1	7.14471	PASS	-	-	.	.	.	.	.	.	.	.	0
vg	chr13	26282489	26282732	>48124723>48124948	244	1	-243	1|0	1	12.9724	PASS	FP	-	.	.	.	.	.	.	.	67.1,67.15	0
vg	chr13	26282763	26282763	>48125015>48125018	1	2	1	1|1	1	21.392	PASS	-	-	.	.	.	.	.	.	.	.	0
vg	chr13	26282767	26282767	>48125018>48125022	1	1	0	1|1	1	21.1919	PASS	-	-	.	.	.	.	.	.	.	.	0
vg	chr13	26282771	26283012	>48125024>48125443	242	1	-241	2|1	1	15.2667	PASS	FP	-	.	.	.	.	.	.	.	67.1,67.16	0
vg	chr13	26282771	26283012	>48125024>48125443	242	5	-237	2|1	1	15.2667	PASS	FP	-	.	.	.	.	.	.	.	67.1,67.17	0
vg	chr13	26283018	26283019	>48125446>48125451	2	2	0	1|0	1	16.217	PASS	-	-	.	.	.	.	.	.	.	.	0
vg	chr13	26283061	26283105	>48125520>48125626	45	1	-44	1|0	1	29.816	PASS	-	-	.	.	.	.	.	.	.	.	0
vg	chr13	26283128	26283152	>48125655>48125681	25	1	-24	1|1	1	42.8305	PASS	-	-	.	.	.	.	.	.	.	.	0
vg	chr13	26283162	26283162	>48125698>48125704	1	1	0	1|1	1	38.9245	PASS	-	-	.	.	.	.	.	.	.	.	0
vg	chr13	26283237	26283237	>48125854>48125858	1	2	1	1|1	1	34.9672	PASS	-	-	.	.	.	.	.	.	.	.	0
vg	chr13	26283249	26283249	>48125918>48125921	1	1	0	1|1	1	32.3087	PASS	-	-	.	.	.	.	.	.	.	.	0
vg	chr13	26283261	26283286	>48125514>48128859	26	2	-24	1|0	1	18.5763	PASS	-	-	.	.	.	.	.	.	.	.	0
vg	chr13	26283289	26283292	>48126023>48126033	4	1	-3	1|0	1	26.1797	PASS	-	-	.	.	.	.	.	.	.	.	0
vg	chr13	26283296	26283379	>48126034>48126139	84	1	-83	1|1	1	43.7391	PASS	FP	-	.	.	.	.	.	.	.	67.5,67.18	0
vg	chr13	26283380	26284129	>48125514>48128859	750	1	-749	1|0	1	18.5763	PASS	TP	-	.	.	.	.	.	.	.	67.4,67.19	0
truth_stvar	chr13	26283441	26284308	.	868	1	0	0|1	.	.	.	.	.	-	-	ref	no:star_allele	1	DEL	88	.	0
truth_stvar	chr13	26283441	26284308	.	868	1	867	1|0	.	.	.	.	.	TP	FN	yes	ref	1	DEL	88	.	0
truth_smvar	chr13	26283441	26284308	.	868	1,1	867	1|2	.	.	.	.	.	-	-	no:duplicate_of_stvar	no:star_allele	1	.	88	.	0
vg	chr13	26284011	26284015	>48127341>48127345	5	1	-4	.|1	1	5.45562	PASS	-	-	.	.	.	.	.	.	.	.	0
vg	chr13	26284020	26284020	>48127357>48127363	1	5	4	.|1	1	4.76413	PASS	-	-	.	.	.	.	.	.	.	.	0
vg	chr13	26284022	26284030	>48127390>48127402	9	1	-8	.|1	1	4.76803	PASS	-	-	.	.	.	.	.	.	.	.	0
vg	chr13	26284035	26284035	>48127405>48127408	1	1	0	.|1	1	4.76193	PASS	-	-	.	.	.	.	.	.	.	.	0
vg	chr13	26284036	26284036	>48127408>48127411	1	2	1	.|1	1	4.76376	PASS	-	-	.	.	.	.	.	.	.	.	0
vg	chr13	26284038	26284038	>48127411>48127414	1	1	0	.|1	1	4.7509	PASS	-	-	.	.	.	.	.	.	.	.	0
vg	chr13	26284067	26284069	>48127539>48127546	3	1	-2	.|1	1	4.40408	PASS	-	-	.	.	.	.	.	.	.	.	0
vg	chr13	26284130	26284582	>48127712>48128812	453	1	-452	1|0	1	17.1274	PASS	FP	-	.	.	.	.	.	.	.	67.0,67.20	0
vg	chr13	26284134	26284138	>48127720>48127773	5	1	-4	1|0	1	17.778	PASS	-	-	.	.	.	.	.	.	.	.	0
vg	chr13	26284160	26284160	>48127799>48127804	1	1	0	1|0	1	16.9621	PASS	-	-	.	.	.	.	.	.	.	.	0
vg	chr13	26284171	26284191	>48127815>48127981	21	1	-20	1|0	1	20.4632	PASS	-	-	.	.	.	.	.	.	.	.	0
truth_stvar	chr13	26284424	26284520	.	97	1	0	0|1	.	.	.	.	.	-	-	ref	no:star_allele	1	DEL	88	.	0
truth_stvar	chr13	26284424	26284520	.	97	1	96	1|0	.	.	.	.	.	FN	FN	yes	ref	1	DEL	88	.	0
truth_smvar	chr13	26284424	26284520	.	97	1,1	96	1|2	.	.	.	.	.	-	-	no:duplicate_of_stvar	no:star_allele	1	.	88	.	0
truth_stvar	chr13	26284678	26284696	.	19	1	18	1|1	.	.	.	.	.	-	-	yes	yes	1	.	.	.	0
truth_smvar	chr13	26284678	26284696	.	19	1	18	1|1	.	.	.	.	.	-	-	no:duplicate_of_stvar	no:duplicate_of_stvar	1	.	.	.	0
vg	chr13	26284681	26284699	>48128882>48128902	19	1	-18	1|1	1	216.989	PASS	-	-	.	.	.	.	.	.	.	.	0
