method	region_id	stratum	span_bp	n_seqs	n_distinct	max_len	max_interior	total_bp	status	bar_rule	rows_ge_10kb	rows_gt_20kb	unaligned_bp	abpoa_calls	progressive	align_s	abpoa_s	graph_s	total_s	peak_rss_mb	sampled_rss_mb	predicted_mb	waited_s	timeout_s	mem_cap_mb	columns	gap_frac	nodes	nodes_per_kb	frac_nodes_1bp	masked_runs	masked_bp	finished	note
poa_abpoa_mc	L000034	hotspot_vntr	3169	34	32	4469	4467	117137	ok	single	0	0	0	1	1	1.84	1.83	0.59	2.43	651.2	652.0	1493.6	0.0	1800.0	10000.0	4621	0.2544	1114	351.5	0.5718	0	0	2026-09-26T21:24:44	
poa_abpoa_mc	L000289	hotspot_vntr	5787	34	34	7155	7153	127890	ok	single	0	0	0	1	1	2.97	2.95	0.97	3.94	3050.6	1985.4	2927.2	0.0	1800.0	10000.0	7155	0.4743	4132	714.0	0.7655	0	0	2026-09-26T21:25:33	
poa_abpoa_mc	L000308	control_vntr_matched	4108	34	9	4108	4106	105859	ok	single	0	0	0	1	1	1.43	1.41	0.39	1.82	576.2	577.0	776.8	0.0	1800.0	10000.0	4125	0.2452	93	22.6	0.5484	0	0	2026-09-26T21:25:03	
poa_abpoa_mc	L000381	control_vntr_matched	6949	34	8	7080	7078	240551	ok	single	0	0	0	1	1	3.35	3.33	0.51	3.85	966.8	966.1	2927.2	0.0	1800.0	10000.0	7126	0.0072	206	29.6	0.6214	0	0	2026-09-26T21:26:04	
poa_abpoa_mc	L000407	control_vntr_correct	2722	34	9	2814	2812	93388	ok	single	0	0	0	1	1	0.95	0.94	0.38	1.33	157.4	158.2	418.4	0.0	1800.0	10000.0	2817	0.025	28	10.3	0.3929	0	0	2026-09-26T21:24:21	
poa_abpoa_mc	L000506	control_nontr_sv	1129	34	5	1131	1129	33462	ok	single	0	0	0	1	1	0.21	0.2	0.34	0.56	28.5	0	149.6	0.0	1800.0	10000.0	1131	0.1298	7	6.2	0.4286	0	0	2026-09-26T21:23:56	
poa_abpoa_mc	L000698	control_vntr_correct	3490	34	9	4353	4351	146098	ok	single	0	0	0	1	1	1.7	1.69	0.4	2.1	369.0	369.2	1493.6	0.0	1800.0	10000.0	4397	0.0227	57	16.3	0.5263	0	0	2026-09-26T21:24:50	
poa_abpoa_mc	L000709	control_vntr_matched	6261	34	3	6261	6259	209409	ok	single	0	0	0	1	1	2.87	2.85	0.43	3.3	757.1	757.8	2927.2	0.0	1800.0	10000.0	6261	0.0163	12	1.9	0.5	0	0	2026-09-26T21:25:45	
poa_abpoa_mc	L001084	hotspot_vntr	8972	34	33	22561	22552	344272	ok	ends	13	2	4925	2	1,1	14.18	13.97	1.17	15.36	4280.2	4198.6	5794.4	0.0	1800.0	10000.0	24971	0.5945	3615	402.9	0.7831	0	0	2026-09-26T21:26:45	
poa_abpoa_mc	L001264	hotspot_vntr	6906	34	34	14213	14211	214682	ok	ends	3	0	0	2	1,1	14.85	14.66	1.39	16.24	4092.8	4093.2	5794.4	0.0	1800.0	10000.0	16072	0.6071	6147	890.1	0.7358	0	0	2026-09-26T21:26:16	
poa_abpoa_mc	L001491	control_vntr_correct	1217	34	9	1668	1666	49085	ok	single	0	0	0	1	1	0.38	0.37	0.39	0.78	58.1	59.0	239.2	0.0	1800.0	10000.0	1707	0.1543	98	80.5	0.6327	0	0	2026-09-26T21:23:57	
poa_abpoa_mc	L001527	control_nontr_sv	1133	34	12	1134	1081	35864	ok	single	0	0	0	1	1	0.22	0.21	0.35	0.58	26.5	0	149.6	0.0	1800.0	10000.0	1134	0.0698	41	36.2	0.6098	0	0	2026-09-26T21:23:57	
poa_abpoa_mc	L001894	control_vntr_matched	6461	34	5	6471	6469	219210	ok	single	0	0	0	1	1	2.99	2.97	0.49	3.48	815.9	800.6	2927.2	0.0	1800.0	10000.0	6571	0.0188	247	38.2	0.5628	0	0	2026-09-26T21:25:52	
poa_abpoa_mc	L001899	control_vntr_matched	1959	34	9	2031	2029	63105	ok	single	0	0	0	1	1	0.57	0.55	0.38	0.95	83.4	79.3	239.2	0.0	1800.0	10000.0	2037	0.0888	127	64.8	0.5433	0	0	2026-09-26T21:24:02	
poa_abpoa_mc	L001909	hotspot_vntr	15660	34	34	20243	20235	442919	ok	ends	29	1	235	2	1,1	18.0	17.76	1.64	19.65	4723.9	4718.7	5794.4	0.0	1800.0	10000.0	23100	0.4361	4714	301.0	0.5552	0	0	2026-09-26T21:27:31	
poa_abpoa_mc	L001922	control_vntr_correct	3542	34	12	3578	3576	101471	ok	single	0	0	0	1	1	1.23	1.22	0.38	1.61	250.5	249.5	776.8	0.0	1800.0	10000.0	3579	0.1661	72	20.3	0.5139	0	0	2026-09-26T21:24:51	
poa_abpoa_mc	L002013	hotspot_vntr	4381	34	32	8509	8507	147997	ok	single	0	0	0	1	1	4.91	4.89	0.86	5.78	1363.9	1364.5	5794.4	0.0	1800.0	10000.0	8797	0.5052	2836	647.3	0.695	0	0	2026-09-26T21:25:17	
poa_abpoa_mc	L002096	hotspot_vntr	2879	34	33	5942	5917	158494	ok	single	0	0	0	1	1	2.38	2.37	0.59	2.97	1143.5	1144.3	1493.6	0.0	1800.0	10000.0	6012	0.2246	814	282.7	0.6216	0	0	2026-09-26T21:24:28	
poa_abpoa_mc	L002143	hotspot_vntr	7402	34	23	8362	8360	249251	ok	single	0	0	0	1	1	3.94	3.93	0.64	4.58	1239.0	1119.4	2927.2	0.0	1800.0	10000.0	8519	0.1395	753	101.7	0.5471	0	0	2026-09-26T21:26:19	
poa_abpoa_mc	L002182	hotspot_vntr	2388	34	32	5439	5416	84162	ok	single	0	0	0	1	1	1.14	1.12	0.61	1.76	1461.4	332.5	1493.6	0.0	1800.0	10000.0	5448	0.5456	1986	831.7	0.7482	0	0	2026-09-26T21:24:12	
poa_abpoa_mc	L002292	control_nontr_sv	2183	34	6	2186	2184	52131	ok	single	0	0	0	1	1	0.5	0.48	0.36	0.85	96.9	97.5	418.4	0.0	1800.0	10000.0	2186	0.2986	19	8.7	0.4737	0	0	2026-09-26T21:24:06	
poa_abpoa_mc	L002884	control_vntr_matched	3786	34	12	4116	3980	139327	ok	single	0	0	0	1	1	1.52	1.51	0.41	1.93	310.2	311.0	776.8	0.0	1800.0	10000.0	4116	0.0044	68	18.0	0.3824	0	0	2026-09-26T21:25:02	
poa_abpoa_mc	L002940	hotspot_other	2259	34	26	3003	3001	62820	ok	single	0	0	0	1	1	0.74	0.72	0.44	1.18	252.2	107.1	776.8	0.0	1800.0	10000.0	3089	0.4019	493	218.2	0.5963	0	0	2026-09-26T21:24:09	
poa_abpoa_mc	L003119	control_vntr_correct	2909	34	6	2909	2907	63656	ok	single	0	0	0	1	1	0.79	0.78	0.36	1.15	167.4	168.2	418.4	0.0	1800.0	10000.0	2911	0.3568	11	3.8	0.4545	0	0	2026-09-26T21:24:29	
poa_abpoa_mc	L003171	control_nontr_sv	1064	34	2	1064	964	25220	ok	single	0	0	0	1	1	0.1	0.09	0.33	0.43	22.7	0	104.8	0.0	1800.0	10000.0	1064	0.3029	12	11.3	0.5	0	0	2026-09-26T21:23:56	
poa_abpoa_mc	L003672	control_vntr_correct	2583	34	7	2583	2581	86184	ok	single	0	0	0	1	1	0.85	0.84	0.37	1.22	261.8	134.3	418.4	0.0	1800.0	10000.0	2689	0.0573	45	17.4	0.5556	0	0	2026-09-26T21:24:17	
poa_abpoa_mc	L003695	hotspot_other	2215	34	12	2806	2804	69367	ok	single	0	0	0	1	1	0.78	0.77	0.39	1.17	253.6	120.1	418.4	0.0	1800.0	10000.0	2842	0.2821	154	69.5	0.3766	0	0	2026-09-26T21:24:07	
poa_abpoa_mc	L003826	control_vntr_matched	3461	34	33	3649	3331	116324	ok	single	0	0	0	1	1	1.19	1.18	0.53	1.73	227.4	211.0	776.8	0.0	1800.0	10000.0	3891	0.1207	742	214.4	0.593	0	0	2026-09-26T21:24:48	
poa_abpoa_mc	L003828	hotspot_other	5387	34	26	5387	5367	70916	ok	single	0	0	0	1	1	0.87	0.86	0.47	1.34	777.2	90.2	1493.6	0.0	1800.0	10000.0	5400	0.6137	539	100.1	0.6011	0	0	2026-09-26T21:25:29	
poa_abpoa_mc	L003872	control_vntr_matched	2955	34	7	2959	2938	97295	ok	single	0	0	0	1	1	1.02	1.01	0.45	1.47	171.8	170.1	418.4	0.0	1800.0	10000.0	3037	0.0577	200	67.7	0.435	0	0	2026-09-26T21:24:33	
poa_abpoa_mc	L003883	control_nontr_sv	828	34	3	3714	3712	77214	ok	single	0	0	0	1	1	0.97	0.96	0.39	1.36	269.6	270.4	776.8	0.0	1800.0	10000.0	3714	0.3885	27	32.6	0.5926	0	0	2026-09-26T21:23:55	
poa_abpoa_mc	L004021	control_vntr_matched	7737	34	20	7737	7734	254586	ok	single	0	0	0	1	1	3.87	3.86	0.51	4.38	1139.8	1139.6	2927.2	0.0	1800.0	10000.0	7742	0.0328	168	21.7	0.5952	0	0	2026-09-26T21:26:24	
poa_abpoa_mc	L004145	hotspot_vntr	15607	32	31	15683	15672	431752	ok	ends	31	0	0	2	1,1	14.7	14.37	1.31	16.02	4189.8	4178.0	5794.4	0.0	1800.0	10000.0	16655	0.1899	3173	203.3	0.5689	0	0	2026-09-26T21:27:20	
poa_abpoa_mc	L004620	control_nontr_sv	972	34	5	972	970	27746	ok	single	0	0	0	1	1	0.15	0.14	0.36	0.5	21.9	0	104.8	0.0	1800.0	10000.0	972	0.1604	11	11.3	0.4545	0	0	2026-09-26T21:23:55	
poa_abpoa_mc	L004848	hotspot_other	2107	34	30	2531	2529	55876	ok	single	0	0	0	1	1	0.61	0.6	0.53	1.14	121.5	84.6	418.4	0.0	1800.0	10000.0	2552	0.356	1084	514.5	0.7417	0	0	2026-09-26T21:24:05	
poa_abpoa_mc	L004989	hotspot_other	1798	34	29	1904	1902	43840	ok	single	0	0	0	1	1	0.39	0.38	0.45	0.83	133.8	57.0	239.2	0.0	1800.0	10000.0	1945	0.3371	614	341.5	0.7166	0	0	2026-09-26T21:24:00	
poa_abpoa_mc	L005064	hotspot_other	3272	34	29	4126	4124	106757	ok	single	0	0	0	1	1	1.36	1.35	0.46	1.82	589.9	590.7	776.8	0.0	1800.0	10000.0	4557	0.311	423	129.3	0.4657	0	0	2026-09-26T21:24:46	
poa_abpoa_mc	L005261	hotspot_other	859	34	26	2211	2209	43402	ok	single	0	0	0	1	1	0.33	0.31	0.42	0.74	197.2	111.1	418.4	0.0	1800.0	10000.0	2267	0.4369	408	475.0	0.549	0	0	2026-09-26T21:23:54	
poa_abpoa_mc	L005411	hotspot_vntr	6353	34	33	6353	6335	178024	ok	single	0	0	0	1	1	2.38	2.37	0.58	2.97	700.3	701.1	2927.2	0.0	1800.0	10000.0	6515	0.1963	759	119.5	0.6324	0	0	2026-09-26T21:25:48	
poa_abpoa_mc	L005481	hotspot_vntr	3018	34	23	3379	3377	90969	ok	single	0	0	0	1	1	0.9	0.89	0.43	1.33	216.3	153.2	776.8	0.0	1800.0	10000.0	3477	0.2305	331	109.7	0.5438	0	0	2026-09-26T21:24:40	
poa_abpoa_mc	L005618	hotspot_other	3582	34	32	3678	3613	96398	ok	single	0	0	0	1	1	1.47	1.46	0.7	2.16	525.1	525.8	776.8	0.0	1800.0	10000.0	3797	0.2533	1746	487.4	0.6793	0	0	2026-09-26T21:24:54	
poa_abpoa_mc	L005688	control_nontr_sv	712	34	5	965	894	31039	ok	single	0	0	0	1	1	0.17	0.14	0.35	0.52	19.3	0	104.8	0.0	1800.0	10000.0	967	0.0559	127	178.4	0.6299	0	0	2026-09-26T21:23:52	
poa_abpoa_mc	L005990	hotspot_vntr	6577	32	32	11714	11712	261809	ok	ends	4	0	0	2	1,1	9.88	9.7	0.72	10.61	3913.6	3630.6	5794.4	0.0	1800.0	10000.0	13158	0.3782	1012	153.9	0.4506	0	0	2026-09-26T21:26:00	
poa_abpoa_mc	L006556	control_nontr_sv	926	34	4	926	924	26299	ok	single	0	0	0	1	1	0.19	0.17	0.34	0.53	20.2	0	104.8	0.0	1800.0	10000.0	926	0.1647	15	16.2	0.5333	0	0	2026-09-26T21:23:55	
poa_abpoa_mc	L006952	hotspot_vntr	2403	34	28	3099	3000	55698	ok	single	0	0	0	1	1	0.79	0.74	0.52	1.3	324.3	170.1	776.8	0.0	1800.0	10000.0	3102	0.4719	1472	612.6	0.6556	0	0	2026-09-26T21:24:13	
poa_abpoa_mc	L007009	hotspot_vntr	15479	34	27	19252	19250	245888	ok	ends	13	0	0	2	1,1	11.35	11.17	1.22	12.58	5143.7	5055.9	5794.4	0.0	1800.0	10000.0	20149	0.6411	4927	318.3	0.6757	0	0	2026-09-26T21:27:11	
poa_abpoa_mc	L007033	control_vntr_correct	2536	34	3	2698	2696	23090	ok	single	0	0	0	1	1	0.17	0.16	0.34	0.5	168.2	0	418.4	0.0	1800.0	10000.0	2698	0.7483	32	12.6	0.5312	0	0	2026-09-26T21:24:14	
poa_abpoa_mc	L007040	hotspot_vntr	19420	34	27	19420	19413	136259	ok	ends	1	0	0	2	1,1	4.47	4.3	0.89	5.38	2341.3	365.1	5794.4	0.0	1800.0	10000.0	19468	0.7941	1193	61.4	0.6337	0	0	2026-09-26T21:27:43	
poa_abpoa_mc	L007065	control_vntr_matched	4254	34	9	4321	4319	143383	ok	single	0	0	0	1	1	1.71	1.7	0.41	2.11	364.8	365.6	1493.6	0.0	1800.0	10000.0	4321	0.024	39	9.2	0.5128	0	0	2026-09-26T21:25:07	
poa_abpoa_mc	L007081	hotspot_vntr	1493	34	33	4398	4311	78725	ok	single	0	0	0	1	1	0.94	0.92	0.52	1.46	789.7	157.1	1493.6	0.0	1800.0	10000.0	4490	0.4843	1021	683.9	0.7003	0	0	2026-09-26T21:24:00	
poa_abpoa_mc	L007161	hotspot_other	3479	34	25	3596	3594	108828	ok	single	0	0	0	1	1	1.35	1.34	0.54	1.9	254.9	255.7	776.8	0.0	1800.0	10000.0	3724	0.1405	781	224.5	0.6261	0	0	2026-09-26T21:24:49	
poa_abpoa_mc	L007172	control_vntr_matched	3009	34	11	3551	3465	101125	ok	single	0	0	0	1	1	1.14	1.13	0.42	1.56	238.1	210.9	776.8	0.0	1800.0	10000.0	3794	0.2161	358	119.0	0.5363	0	0	2026-09-26T21:24:39	
poa_abpoa_mc	L007184	hotspot_other	1295	34	21	1295	1293	32355	ok	single	0	0	0	1	1	0.22	0.21	0.36	0.58	36.1	0	149.6	0.0	1800.0	10000.0	1310	0.2736	106	81.9	0.4528	0	0	2026-09-26T21:23:58	
poa_abpoa_mc	L007192	control_nontr_sv	685	34	11	928	883	25211	ok	single	0	0	0	1	1	0.14	0.13	0.32	0.46	18.5	0	104.8	0.0	1800.0	10000.0	928	0.201	19	27.7	0.5263	0	0	2026-09-26T21:23:51	
poa_abpoa_mc	L007376	control_vntr_matched	19353	34	9	19353	19313	613016	ok	ends	32	0	0	2	1,1	11.39	11.04	0.87	12.28	1662.0	1635.3	5794.4	0.0	1800.0	10000.0	19353	0.0684	705	36.4	0.5745	0	0	2026-09-26T21:27:43	
poa_abpoa_mc	L007480	hotspot_other	1687	34	21	3379	3377	68861	ok	single	0	0	0	1	1	0.84	0.82	0.47	1.31	324.5	105.6	776.8	0.0	1800.0	10000.0	3385	0.4017	498	295.2	0.6928	0	0	2026-09-26T21:24:00	
poa_abpoa_mc	L007687	control_vntr_matched	2645	34	10	2815	2791	91223	ok	single	0	0	0	1	1	0.9	0.89	0.39	1.28	155.0	155.8	418.4	0.0	1800.0	10000.0	2873	0.0661	119	45.0	0.5966	0	0	2026-09-26T21:24:19	
poa_abpoa_mc	L007717	control_vntr_matched	4426	34	21	4448	4446	144924	ok	single	0	0	0	1	1	1.78	1.77	0.49	2.27	390.9	391.7	1493.6	0.0	1800.0	10000.0	4472	0.0469	237	53.5	0.4346	0	0	2026-09-26T21:25:19	
poa_abpoa_mc	L007798	hotspot_other	4360	34	32	11775	11754	128721	ok	ends	3	0	0	2	1,1	5.62	5.46	0.75	6.38	5186.5	5115.3	5794.4	0.0	1800.0	10000.0	12357	0.6936	3461	793.8	0.6406	0	0	2026-09-26T21:25:17	
poa_abpoa_mc	L007844	hotspot_other	1988	34	34	4211	4209	92642	ok	single	0	0	0	1	1	1.79	1.78	0.83	2.62	631.2	632.0	776.8	0.0	1800.0	10000.0	4541	0.4	2553	1284.2	0.7579	0	0	2026-09-26T21:24:04	
poa_abpoa_mc	L008216	hotspot_vntr	2993	34	21	3131	3129	93410	ok	single	0	0	0	1	1	1.08	1.06	0.45	1.53	192.4	180.7	776.8	0.0	1800.0	10000.0	3184	0.1371	384	128.3	0.6276	0	0	2026-09-26T21:24:36	
poa_abpoa_mc	L008631	control_nontr_sv	703	34	8	1038	1036	25895	ok	single	0	0	0	1	1	0.16	0.15	0.32	0.48	24.5	0	104.8	0.0	1800.0	10000.0	1038	0.2663	14	19.9	0.4286	0	0	2026-09-26T21:23:52	
poa_abpoa_mc	L008864	hotspot_vntr	2131	34	28	10880	10878	101907	ok	ends	1	0	0	2	1,1	3.56	3.39	0.78	4.35	2925.2	1436.5	5794.4	0.0	1800.0	10000.0	11138	0.7309	2440	1145.0	0.6303	0	0	2026-09-26T21:24:09	
poa_abpoa_mc	L008877	hotspot_other	2687	34	30	6896	6894	142343	ok	single	0	0	0	1	1	2.93	2.91	0.75	3.68	849.3	613.1	2927.2	0.0	1800.0	10000.0	7289	0.4256	1945	723.9	0.5758	0	0	2026-09-26T21:24:23	
poa_abpoa_mc	L008887	control_vntr_correct	2592	34	7	2950	2948	99887	ok	single	0	0	0	1	1	0.97	0.96	0.38	1.35	172.6	173.2	418.4	0.0	1800.0	10000.0	2950	0.0041	38	14.7	0.5263	0	0	2026-09-26T21:24:17	
poa_abpoa_mc	L008902	control_vntr_correct	2816	34	7	2931	2929	98661	ok	single	0	0	0	1	1	1.03	1.02	0.4	1.43	175.2	171.2	418.4	0.0	1800.0	10000.0	3037	0.0445	136	48.3	0.3824	0	0	2026-09-26T21:24:26	
poa_abpoa_mc	L008976	hotspot_vntr	5631	28	28	19792	19769	191414	ok	ends	5	0	0	2	1,1	11.99	11.84	1.04	13.04	4131.7	4132.3	5794.4	0.0	1800.0	10000.0	19793	0.6546	4657	827.0	0.7518	0	0	2026-09-26T21:25:42	
poa_abpoa_mc	L009000	hotspot_vntr	14411	34	34	14411	14409	167783	ok	ends	2	0	0	2	1,1	9.73	9.56	1.3	11.04	4633.6	3956.3	5794.4	0.0	1800.0	10000.0	15797	0.6876	5718	396.8	0.6719	0	0	2026-09-26T21:27:04	
poa_abpoa_mc	L009283	control_nontr_sv	784	34	4	784	779	24528	ok	single	0	0	0	1	1	0.15	0.14	0.34	0.49	15.5	0	104.8	0.0	1800.0	10000.0	784	0.0798	15	19.1	0.5333	0	0	2026-09-26T21:23:53	
poa_abpoa_mc	L009398	hotspot_vntr	1951	33	25	1982	1875	48384	ok	single	0	0	0	1	1	0.44	0.43	0.39	0.83	71.8	72.6	239.2	0.0	1800.0	10000.0	1984	0.261	177	90.7	0.3842	0	0	2026-09-26T21:24:01	
poa_abpoa_mc	L009448	hotspot_vntr	7487	24	24	10747	10741	152247	ok	ends	2	0	0	2	1,1	12.0	11.86	1.25	13.26	4236.9	4237.6	5794.4	0.0	1800.0	10000.0	11434	0.4452	6818	910.6	0.6896	0	0	2026-09-26T21:26:29	
poa_abpoa_mc	L009600	control_nontr_sv	1012	34	2	1117	1115	37873	ok	single	0	0	0	1	1	0.21	0.2	0.33	0.54	28.0	0	149.6	0.0	1800.0	10000.0	1117	0.0028	3	3.0	0.0	0	0	2026-09-26T21:23:56	
poa_abpoa_mc	L009656	hotspot_vntr	5039	34	26	6503	6235	154450	ok	single	0	0	0	1	1	2.03	2.02	0.64	2.68	1210.4	432.0	2927.2	0.0	1800.0	10000.0	6724	0.3244	1288	255.6	0.566	0	0	2026-09-26T21:25:28	
poa_abpoa_mc	L009658	hotspot_vntr	10831	32	31	10831	10828	216129	ok	ends	1	0	0	2	1,1	9.74	9.57	0.86	10.62	2541.6	2229.3	5794.4	0.0	1800.0	10000.0	11900	0.4324	2161	199.5	0.5766	0	0	2026-09-26T21:26:40	
poa_abpoa_mc	L009770	control_vntr_matched	4682	34	7	4682	4680	123343	ok	single	0	0	0	1	1	1.43	1.41	0.42	1.84	587.1	360.4	1493.6	0.0	1800.0	10000.0	4682	0.2252	64	13.7	0.5938	0	0	2026-09-26T21:25:21	
poa_abpoa_mc	L009771	control_vntr_correct	1172	34	2	1284	1263	43544	ok	single	0	0	0	1	1	0.28	0.27	0.35	0.63	34.6	35.6	149.6	0.0	1800.0	10000.0	1284	0.0026	12	10.2	0.5	0	0	2026-09-26T21:23:57	
poa_abpoa_mc	L009803	hotspot_vntr	5127	34	30	5226	5224	95217	ok	single	0	0	0	1	1	2.11	2.09	0.74	2.85	519.3	520.0	1493.6	0.0	1800.0	10000.0	5280	0.4696	2189	427.0	0.7401	0	0	2026-09-26T21:25:29	
poa_abpoa_mc	L009885	control_vntr_correct	4169	34	17	4169	4163	132912	ok	single	0	0	0	1	1	1.53	1.51	0.42	1.95	335.2	322.7	776.8	0.0	1800.0	10000.0	4201	0.0695	123	29.5	0.4228	0	0	2026-09-26T21:25:05	
poa_abpoa_mc	L010060	hotspot_other	2397	34	24	3029	3027	84347	ok	single	0	0	0	1	1	0.9	0.89	0.4	1.3	191.5	145.3	776.8	0.0	1800.0	10000.0	3385	0.2671	348	145.2	0.6006	0	0	2026-09-26T21:24:13	
poa_abpoa_mc	L010113	control_vntr_correct	3002	34	8	3021	3019	101048	ok	single	0	0	0	1	1	1.03	1.02	0.38	1.41	181.2	182.0	776.8	0.0	1800.0	10000.0	3021	0.0162	42	14.0	0.5714	0	0	2026-09-26T21:24:38	
poa_abpoa_mc	L010328	hotspot_vntr	2940	33	29	10483	10481	158808	ok	ends	1	0	0	2	1,1	7.56	7.33	1.12	8.69	5531.8	5121.9	5794.4	0.0	1800.0	10000.0	13880	0.6533	4599	1564.3	0.6538	0	0	2026-09-26T21:24:39	
poa_abpoa_mc	L010350	control_vntr_matched	7377	34	11	7594	7456	255357	ok	single	0	0	0	1	1	3.71	3.69	0.49	4.19	1071.9	1072.7	2927.2	0.0	1800.0	10000.0	7594	0.011	44	6.0	0.6136	0	0	2026-09-26T21:26:08	
poa_abpoa_mc	L010452	control_nontr_sv	803	34	2	862	860	29190	ok	single	0	0	0	1	1	0.16	0.15	0.34	0.5	18.0	0	104.8	0.0	1800.0	10000.0	862	0.004	9	11.2	0.4444	0	0	2026-09-26T21:23:53	
poa_abpoa_mc	L010508	control_vntr_correct	3528	34	11	3598	3596	121072	ok	single	0	0	0	1	1	1.27	1.26	0.39	1.66	255.0	255.5	776.8	0.0	1800.0	10000.0	3598	0.0103	52	14.7	0.5769	0	0	2026-09-26T21:24:50	
poa_abpoa_mc	L011121	control_vntr_correct	2551	34	10	2894	2891	96743	ok	single	0	0	0	1	1	0.95	0.94	0.43	1.38	167.0	167.5	418.4	0.0	1800.0	10000.0	2897	0.0178	114	44.7	0.5439	0	0	2026-09-26T21:24:16	
poa_abpoa_mc	L011138	hotspot_vntr	12558	33	28	27744	27741	362657	ok	ends	19	1	7741	2	1,1	13.14	12.94	1.13	14.28	3704.8	3705.4	5794.4	0.0	1800.0	10000.0	28261	0.6111	2110	168.0	0.6711	0	0	2026-09-26T21:26:59	
poa_abpoa_mc	L011224	control_vntr_correct	2577	34	13	3095	3068	96089	ok	single	0	0	0	1	1	1.08	1.06	0.4	1.48	186.3	187.0	776.8	0.0	1800.0	10000.0	3222	0.1229	147	57.0	0.5034	0	0	2026-09-26T21:24:16	
poa_abpoa_mc	L011227	control_vntr_matched	3613	34	11	4093	4056	120991	ok	single	0	0	0	1	1	1.35	1.34	0.44	1.79	562.5	511.2	776.8	0.0	1800.0	10000.0	4207	0.1541	217	60.1	0.5207	0	0	2026-09-26T21:24:57	
poa_abpoa_mc	L011430	control_vntr_matched	3231	34	13	3278	3143	107140	ok	single	0	0	0	1	1	1.12	1.11	0.41	1.53	198.3	189.8	776.8	0.0	1800.0	10000.0	3403	0.074	211	65.3	0.3128	0	0	2026-09-26T21:24:45	
poa_abpoa_mc	L011463	hotspot_vntr	5878	34	27	5878	5876	164680	ok	single	0	0	0	1	1	2.79	2.77	0.56	3.36	622.4	623.1	1493.6	0.0	1800.0	10000.0	6443	0.2482	656	111.6	0.5473	0	0	2026-09-26T21:25:36	
poa_abpoa_mc	L011931	control_nontr_sv	965	34	8	1824	1740	47106	ok	single	0	0	0	1	1	0.38	0.37	0.36	0.73	61.9	62.6	239.2	0.0	1800.0	10000.0	1824	0.2404	24	24.9	0.5	0	0	2026-09-26T21:23:55	
poa_abpoa_mc	L012184	hotspot_vntr	4759	32	31	9707	9705	261997	ok	single	0	0	0	1	1	5.91	5.87	0.98	6.9	2739.4	2740.1	5794.4	0.0	1800.0	10000.0	13115	0.3757	2123	446.1	0.6722	1	3146	2026-09-26T21:25:26	
poa_abpoa_mc	L012256	hotspot_other	3964	34	30	4547	4545	119186	ok	single	0	0	0	1	1	1.82	1.81	0.45	2.27	403.2	404.0	1493.6	0.0	1800.0	10000.0	4599	0.2378	360	90.8	0.4278	0	0	2026-09-26T21:25:03	
poa_abpoa_mc	L012272	hotspot_vntr	55376	34	31	55376	55368	1778629	ok	ends	34	34	1098357	2	1,1	14.27	12.2	16.15	30.45	3787.8	3735.5	5794.4	0.0	1800.0	10000.0	1121082	0.9533	1262	22.8	0.7092	0	0	2026-09-26T21:28:13	
poa_abpoa_mc	L012294	hotspot_vntr	3586	34	33	12643	12641	129774	ok	ends	1	0	0	2	1,1	5.39	5.22	0.67	6.07	3049.3	2667.1	5794.4	0.0	1800.0	10000.0	13727	0.7219	1485	414.1	0.4815	0	0	2026-09-26T21:25:00	
poa_abpoa_mc	L012313	control_vntr_matched	3199	34	14	3266	3264	108077	ok	single	0	0	0	1	1	1.13	1.12	0.41	1.54	211.0	211.8	776.8	0.0	1800.0	10000.0	3267	0.027	65	20.3	0.6154	0	0	2026-09-26T21:24:44	
poa_abpoa_mc	L012489	hotspot_other	2812	34	30	3010	3008	94402	ok	single	0	0	0	1	1	1.08	1.07	0.46	1.54	194.4	179.7	776.8	0.0	1800.0	10000.0	3651	0.2395	423	150.4	0.565	0	0	2026-09-26T21:24:25	
poa_abpoa_mc	L012530	control_nontr_sv	778	34	7	779	755	24625	ok	single	0	0	0	1	1	0.11	0.1	0.33	0.44	14.4	0	104.8	0.0	1800.0	10000.0	781	0.0726	22	28.3	0.5	0	0	2026-09-26T21:23:53	
poa_abpoa_mc	L013000	control_vntr_correct	4280	34	22	4280	4273	116563	ok	single	0	0	0	1	1	1.27	1.26	0.45	1.72	539.9	506.9	1493.6	0.0	1800.0	10000.0	4315	0.2055	140	32.7	0.5786	0	0	2026-09-26T21:25:07	
poa_abpoa_mc	L013064	hotspot_other	1987	34	32	2440	2415	77710	ok	single	0	0	0	1	1	0.78	0.77	0.44	1.22	122.0	114.4	418.4	0.0	1800.0	10000.0	2630	0.131	366	184.2	0.5082	0	0	2026-09-26T21:24:02	
poa_abpoa_mc	L013074	control_vntr_correct	6844	34	3	6844	6830	69973	ok	single	0	0	0	1	1	0.61	0.59	0.39	1.0	323.7	75.2	2927.2	0.0	1800.0	10000.0	6844	0.6993	27	3.9	0.5926	0	0	2026-09-26T21:25:54	
poa_abpoa_mc	L013244	hotspot_vntr	5890	34	17	19476	19474	185690	ok	ends	1	0	0	2	1,1	7.28	7.1	0.6	7.89	2202.6	1851.0	5794.4	0.0	1800.0	10000.0	19479	0.7196	386	65.5	0.5285	0	0	2026-09-26T21:25:44	
poa_abpoa_mc	L013399	control_nontr_sv	658	34	3	1438	1415	42652	ok	single	0	0	0	1	1	0.28	0.27	0.33	0.61	42.4	43.3	149.6	0.0	1800.0	10000.0	1438	0.1276	6	9.1	0.3333	0	0	2026-09-26T21:23:51	
poa_abpoa_mc	L013531	hotspot_other	2616	34	21	2989	2959	58617	ok	single	0	0	0	1	1	0.61	0.6	0.42	1.03	279.2	76.7	418.4	0.0	1800.0	10000.0	3076	0.4395	549	209.9	0.5483	0	0	2026-09-26T21:24:18	
poa_abpoa_mc	L014111	control_vntr_matched	4216	34	4	4216	4170	142217	ok	single	0	0	0	1	1	1.65	1.64	0.42	2.07	348.7	349.4	776.8	0.0	1800.0	10000.0	4336	0.0353	142	33.7	0.5493	0	0	2026-09-26T21:25:05	
poa_abpoa_mc	L014160	hotspot_vntr	7998	34	34	8526	8523	242543	ok	single	0	0	0	1	1	5.15	5.13	0.78	5.93	1415.6	1416.3	5794.4	0.0	1800.0	10000.0	8916	0.1999	1314	164.3	0.5928	0	0	2026-09-26T21:26:30	
poa_abpoa_mc	L014181	control_vntr_matched	3784	34	5	3983	3981	133711	ok	single	0	0	0	1	1	1.52	1.51	0.45	1.97	310.1	311.0	776.8	0.0	1800.0	10000.0	3990	0.0144	246	65.0	0.5203	0	0	2026-09-26T21:25:01	
poa_abpoa_mc	L014210	hotspot_vntr	6321	34	13	7328	7326	198016	ok	single	0	0	0	1	1	4.17	4.15	0.66	4.83	1034.8	1035.5	2927.2	0.0	1800.0	10000.0	7432	0.2164	899	142.2	0.5996	0	0	2026-09-26T21:25:49	
poa_abpoa_mc	L014297	hotspot_vntr	3012	34	15	3012	3010	67986	ok	single	0	0	0	1	1	0.67	0.66	0.41	1.08	243.5	94.5	776.8	0.0	1800.0	10000.0	3012	0.3361	285	94.6	0.5053	0	0	2026-09-26T21:24:40	
poa_abpoa_mc	L014324	control_vntr_correct	2514	34	6	2967	2965	99517	ok	single	0	0	0	1	1	1.01	1.0	0.37	1.38	174.9	175.6	418.4	0.0	1800.0	10000.0	2968	0.0138	32	12.7	0.5312	0	0	2026-09-26T21:24:14	
poa_abpoa_mc	L014358	hotspot_vntr	1419	34	31	2607	2605	58144	ok	single	0	0	0	1	1	0.62	0.6	0.42	1.04	266.5	83.8	418.4	0.0	1800.0	10000.0	2662	0.3576	422	297.4	0.564	0	0	2026-09-26T21:23:59	
poa_abpoa_mc	L014426	control_vntr_correct	1886	34	9	1886	1884	55682	ok	single	0	0	0	1	1	0.49	0.48	0.39	0.88	72.3	72.6	239.2	0.0	1800.0	10000.0	1890	0.1335	40	21.2	0.35	0	0	2026-09-26T21:24:01	
poa_abpoa_mc	L014899	control_nontr_sv	1000	34	2	1000	830	33100	ok	single	0	0	0	1	1	0.16	0.15	0.33	0.49	17.0	0	104.8	0.0	1800.0	10000.0	1000	0.0265	6	6.0	0.3333	0	0	2026-09-26T21:23:56	
poa_abpoa_mc	L015126	hotspot_other	3094	34	30	3685	3683	97249	ok	single	0	0	0	1	1	1.16	1.15	0.63	1.78	518.9	172.2	776.8	0.0	1800.0	10000.0	3754	0.2381	1444	466.7	0.7064	0	0	2026-09-26T21:24:42	
poa_abpoa_mc	L015223	control_vntr_matched	2752	34	4	4070	3978	134453	ok	single	0	0	0	1	1	1.48	1.46	0.42	1.9	309.9	310.8	776.8	0.0	1800.0	10000.0	4145	0.046	122	44.3	0.3607	0	0	2026-09-26T21:24:25	
poa_abpoa_mc	L015285	control_vntr_correct	2681	34	4	2681	2679	87754	ok	single	0	0	0	1	1	0.84	0.83	0.36	1.2	143.2	144.0	418.4	0.0	1800.0	10000.0	2681	0.0373	24	9.0	0.5833	0	0	2026-09-26T21:24:20	
poa_abpoa_mc	L015331	hotspot_vntr	4307	34	30	5528	5526	136040	ok	single	0	0	0	1	1	2.43	2.42	0.71	3.14	1127.4	1128.2	1493.6	0.0	1800.0	10000.0	5562	0.2806	1482	344.1	0.6835	0	0	2026-09-26T21:25:11	
poa_abpoa_mc	L015347	hotspot_vntr	19125	29	29	33556	33504	426307	ok	ends	20	7	36395	2	1,1	15.44	15.19	2.5	17.95	4200.0	4200.7	5794.4	0.0	1800.0	10000.0	58384	0.7482	8167	427.0	0.6362	0	0	2026-09-26T21:27:38	
poa_abpoa_mc	L015415	hotspot_vntr	2913	34	14	5138	5123	100334	ok	single	0	0	0	1	1	1.71	1.69	0.45	2.16	503.9	504.6	1493.6	0.0	1800.0	10000.0	5138	0.4257	416	142.8	0.5433	0	0	2026-09-26T21:24:30	
poa_abpoa_mc	L015708	hotspot_other	2896	34	24	2966	2856	98158	ok	single	0	0	0	1	1	0.97	0.96	0.44	1.41	163.7	159.3	418.4	0.0	1800.0	10000.0	3015	0.0425	155	53.5	0.5355	0	0	2026-09-26T21:24:28	
poa_abpoa_mc	L015743	control_vntr_correct	4792	34	7	4792	4790	81350	ok	single	0	0	0	1	1	1.54	1.52	0.43	1.97	445.2	446.0	1493.6	0.0	1800.0	10000.0	4797	0.5012	28	5.8	0.5357	0	0	2026-09-26T21:25:23	
poa_abpoa_mc	L015847	hotspot_other	4289	34	29	4289	4287	90309	ok	single	0	0	0	1	1	0.99	0.97	0.53	1.51	260.8	151.8	1493.6	0.0	1800.0	10000.0	4376	0.393	771	179.8	0.5149	0	0	2026-09-26T21:25:09	
poa_abpoa_mc	L015904	hotspot_other	2319	34	33	5718	5716	106323	ok	single	0	0	0	1	1	1.71	1.69	0.83	2.54	1528.7	751.4	1493.6	0.0	1800.0	10000.0	5872	0.4674	2741	1182.0	0.7545	0	0	2026-09-26T21:24:12	
poa_abpoa_mc	L016040	control_nontr_sv	718	34	4	779	743	25449	ok	single	0	0	0	1	1	0.09	0.09	0.33	0.42	14.1	0	82.4	0.0	1800.0	10000.0	779	0.0392	21	29.2	0.5714	0	0	2026-09-26T21:23:52	
poa_abpoa_mc	L016062	control_vntr_correct	2630	34	4	2747	2745	88593	ok	single	0	0	0	1	1	0.85	0.84	0.37	1.22	144.3	138.9	418.4	0.0	1800.0	10000.0	2748	0.0518	37	14.1	0.5135	0	0	2026-09-26T21:24:18	
poa_abpoa_mc	L016124	control_vntr_matched	3725	34	6	3725	3392	123010	ok	single	0	0	0	1	1	1.25	1.23	0.56	1.8	227.2	228.0	776.8	0.0	1800.0	10000.0	3845	0.0591	78	20.9	0.5641	0	0	2026-09-26T21:24:59	
poa_abpoa_mc	L016274	control_nontr_sv	742	34	3	1270	1268	32615	ok	single	0	0	0	1	1	0.21	0.2	0.33	0.53	34.9	0	149.6	0.0	1800.0	10000.0	1270	0.2447	5	6.7	0.2	0	0	2026-09-26T21:23:52	
poa_abpoa_mc	L016523	control_vntr_correct	2747	34	12	2845	2843	94851	ok	single	0	0	0	1	1	0.92	0.91	0.37	1.29	161.5	162.2	418.4	0.0	1800.0	10000.0	2857	0.0235	42	15.3	0.5238	0	0	2026-09-26T21:24:24	
poa_abpoa_mc	L016830	control_vntr_correct	4801	34	7	4801	4777	126074	ok	single	0	0	0	1	1	1.88	1.87	0.41	2.3	409.0	409.8	1493.6	0.0	1800.0	10000.0	4813	0.2296	102	21.2	0.4412	0	0	2026-09-26T21:25:25	
poa_abpoa_mc	L016870	hotspot_other	6619	34	20	8677	8590	69824	ok	single	0	0	0	1	1	0.86	0.84	0.5	1.37	2221.6	49.6	5794.4	0.0	1800.0	10000.0	9031	0.7726	1378	208.2	0.5044	0	0	2026-09-26T21:25:53	
poa_abpoa_mc	L016884	control_vntr_correct	2096	34	28	2286	2245	64168	ok	single	0	0	0	1	1	0.6	0.59	0.43	1.04	99.0	90.5	418.4	0.0	1800.0	10000.0	2385	0.2087	435	207.5	0.5172	0	0	2026-09-26T21:24:04	
poa_abpoa_mc	L017097	control_nontr_sv	762	34	10	1619	1617	43905	ok	single	0	0	0	1	1	0.32	0.31	0.35	0.67	54.9	55.7	239.2	0.0	1800.0	10000.0	1619	0.2024	51	66.9	0.6275	0	0	2026-09-26T21:23:53	
poa_abpoa_mc	L017325	control_vntr_matched	6845	34	24	6845	6765	123621	ok	single	0	0	0	1	1	1.47	1.45	0.55	2.02	1378.6	1063.1	2927.2	0.0	1800.0	10000.0	7306	0.5023	725	105.9	0.4345	0	0	2026-09-26T21:25:56	
poa_abpoa_mc	TR101140	control_vntr_matched	7400	33	12	9179	9091	252351	ok	single	0	0	0	1	1	5.58	5.56	0.91	6.5	1524.2	1524.9	5794.4	0.0	1800.0	10000.0	9191	0.168	1297	175.3	0.6276	0	0	2026-09-26T21:26:15	
poa_abpoa_mc	TR368009	control_vntr_matched	10964	34	6	10964	10962	369242	ok	ends	33	0	0	2	1,1	11.63	11.43	0.66	12.3	1782.3	1485.6	5794.4	0.0	1800.0	10000.0	10967	0.0098	519	47.3	0.605	0	0	2026-09-26T21:26:53	
poa_abpoa_mc	TR423938	control_vntr_matched	2256	34	3	2256	2254	76374	ok	single	0	0	0	1	1	0.73	0.72	0.35	1.08	102.8	103.8	418.4	0.0	1800.0	10000.0	2256	0.0043	9	4.0	0.4444	0	0	2026-09-26T21:24:08	
poa_abpoa_mc	TR424743	control_vntr_matched	3571	34	19	9269	9267	190870	ok	single	0	0	0	1	1	4.62	4.6	0.48	5.11	1421.7	1422.3	5794.4	0.0	1800.0	10000.0	9335	0.3986	122	34.2	0.5902	0	0	2026-09-26T21:24:55	
poa_abpoa_mc	TR446002	control_vntr_matched	2314	34	5	2314	2312	78064	ok	single	0	0	0	1	1	0.74	0.73	0.36	1.1	108.4	109.1	418.4	0.0	1800.0	10000.0	2314	0.0078	25	10.8	0.4	0	0	2026-09-26T21:24:10	
poa_abpoa_mc	TR455654	control_vntr_matched	2403	34	7	2441	2439	81235	ok	single	0	0	0	1	1	0.74	0.73	0.36	1.1	118.2	117.3	418.4	0.0	1800.0	10000.0	2447	0.0236	34	14.1	0.4412	0	0	2026-09-26T21:24:14	
poa_abpoa_mc	TR460913	control_vntr_matched	1313	34	7	1313	1311	44616	ok	single	0	0	0	1	1	0.32	0.31	0.35	0.68	37.3	38.1	149.6	0.0	1800.0	10000.0	1313	0.0006	36	27.4	0.6111	0	0	2026-09-26T21:23:58	
poa_abpoa_mc	TR499275	control_vntr_matched	4345	34	4	4345	4280	147058	ok	single	0	0	0	1	1	1.66	1.65	0.41	2.07	359.5	356.0	1493.6	0.0	1800.0	10000.0	4345	0.0045	30	6.9	0.5333	0	0	2026-09-26T21:25:11	
poa_abpoa_mc	TR499276	control_vntr_matched	4483	34	5	4483	4481	152422	ok	single	0	0	0	1	1	1.79	1.77	0.42	2.21	393.0	393.2	1493.6	0.0	1800.0	10000.0	4483	0.0	40	8.9	0.675	0	0	2026-09-26T21:25:19	
poa_abpoa_mc	TR573259	control_vntr_matched	2919	34	4	3925	3923	100134	ok	single	0	0	0	1	1	1.05	0.96	0.41	1.46	225.6	170.2	776.8	0.0	1800.0	10000.0	3940	0.2525	138	47.3	0.5	0	0	2026-09-26T21:24:30	
poa_abpoa_mc	TR668316	control_vntr_matched	3063	30	13	3819	3817	93102	ok	single	0	0	0	1	1	1.07	1.06	0.41	1.49	257.2	223.4	776.8	0.0	1800.0	10000.0	3832	0.1901	65	21.2	0.5231	0	0	2026-09-26T21:24:42	
poa_abpoa_mc	TR687433	control_vntr_matched	3352	34	4	3352	3350	112993	ok	single	0	0	0	1	1	1.15	1.14	0.38	1.52	221.5	222.3	776.8	0.0	1800.0	10000.0	3352	0.0086	8	2.4	0.25	0	0	2026-09-26T21:24:47	
poa_abpoa_mc	TR687489	control_vntr_matched	2731	34	2	2734	2687	92857	ok	single	0	0	0	1	1	0.84	0.83	0.47	1.31	143.8	144.7	418.4	0.0	1800.0	10000.0	2734	0.0011	12	4.4	0.5	0	0	2026-09-26T21:24:22	
poa_abpoa_mc	TR724750	control_vntr_matched	2978	34	4	3143	2986	101417	ok	single	0	0	0	1	1	0.96	0.95	0.46	1.42	168.1	159.7	418.4	0.0	1800.0	10000.0	3150	0.0531	324	108.8	0.6235	0	0	2026-09-26T21:24:35	
poa_abpoa_mc	TR743754	control_vntr_matched	2923	34	9	2923	2910	97450	ok	single	0	0	0	1	1	0.96	0.95	0.38	1.34	169.2	169.4	418.4	0.0	1800.0	10000.0	2923	0.0194	44	15.1	0.5909	0	0	2026-09-26T21:24:32	
poa_abpoa_mc	TR831034	control_vntr_matched	6904	31	27	7077	7071	212842	ok	single	0	0	0	1	1	3.3	3.29	0.76	4.06	2118.9	1010.4	2927.2	0.0	1800.0	10000.0	7796	0.1193	1602	232.0	0.6311	0	0	2026-09-26T21:26:00	
