region_id	method	panel	status	stratum	span_bp	n_records	n_distinct	n_hap32_only	max_interior	len2	aligned_bp	bar_rule	rows_ge_10kb	rows_gt_20kb	unaligned_bp	unaligned_rows	abpoa_calls	progressive	predicted_mb	peak_rss_mb	sampled_rss_mb	waited_s	free_mb_at_start	mem_cap_mb	timeout_s	seconds	align_s	abpoa_s	abpoa_nodes_max	columns_full	dup_split	panel_graph_s	project_s	graph_s	nodes_full	edges_full	columns_proj	nodes_proj	nodes_per_kb_proj	frac_nodes_1bp_proj	masked_runs	masked_bp	finished	note
L000034	poa_abpoa_mc__all	all	ok	hotspot_vntr	3169	449	394	0	9526	9374	1965070	single	0	0	0	0	1	1	4565.6	3024.6	3024.8	0.0		10000.0	1800.0	80.9	78.12	77.87	13500	9985	0	1.88	0.02	0.79	8902	13109	6307	1812	571.8	0.6015	0	0	2026-09-26T22:17:30	
L000289	poa_abpoa_mc__all	all	ok	hotspot_vntr	5787	436	436	0	29869	20140	4521744	ends	41	2	10009	2	2	1,1	9071.2	5701.4	5698.4	0.0		10000.0	1800.0	146.47	140.84	138.17	16126	30386	0	4.38	0.06	1.05	19029	28554	7708	4401	760.5	0.771	0	0	2026-09-26T22:40:15	
L000308	poa_abpoa_mc__all	all	ok	control_vntr_matched	4108	455	58	0	4121	4106	1582432	single	0	0	0	0	1	1	1186.4	381.3	380.0	0.0		10000.0	1800.0	21.75	21.15	21.07	4222	4155	0	0.15	0.01	0.4	220	304	4125	88	21.4	0.5341	0	0	2026-09-26T22:13:47	
L000381	poa_abpoa_mc__all	all	ok	control_vntr_matched	6949	426	99	0	7147	7124	3008781	single	0	0	0	0	1	1	4565.6	1085.8	1082.9	0.0		10000.0	1800.0	44.48	43.44	43.31	7516	7327	0	0.45	0.02	0.51	607	822	7126	206	29.6	0.6214	0	0	2026-09-26T22:24:33	
L000407	poa_abpoa_mc__all	all	ok	control_vntr_correct	2722	452	84	0	3086	3086	1259164	single	0	0	0	0	1	1	623.2	226.4	225.7	0.0		10000.0	1800.0	14.71	14.13	14.06	3308	3241	0	0.17	0.01	0.37	282	401	2817	29	10.7	0.3793	0	0	2026-09-26T22:07:22	
L000506	poa_abpoa_mc__all	all	ok	control_nontr_sv	1129	456	27	0	1139	1138	428975	single	0	0	0	0	1	1	130.4	43.5	43.9	0.0		10000.0	1800.0	2.76	2.37	2.33	1149	1141	0	0.03	0.0	0.33	51	78	1131	7	6.2	0.4286	0	0	2026-09-26T22:02:05	
L000698	poa_abpoa_mc__all	all	ok	control_vntr_correct	3490	358	87	0	4401	4397	1548627	single	0	0	0	0	1	1	1186.4	428.1	429.1	0.0		10000.0	1800.0	18.51	17.84	17.77	4476	4420	0	0.23	0.01	0.4	217	310	4397	57	16.3	0.5088	0	0	2026-09-26T22:13:36	
L000709	poa_abpoa_mc__all	all	ok	control_vntr_matched	6261	453	46	0	6259	6259	2809710	single	0	0	0	0	1	1	2312.8	830.0	827.9	0.0		10000.0	1800.0	38.14	37.46	37.34	6313	6261	0	0.18	0.01	0.44	165	220	6261	12	1.9	0.5	0	0	2026-09-26T22:23:36	
L001084	poa_abpoa_mc__all	all	ok	hotspot_vntr	8972	429	428	0	55891	53086	6903800	ends	130	30	374693	30	2	1,1	9071.2	4215.5	4213.9	0.0		10000.0	1800.0	240.87	192.36	173.27	15813	398978	0	45.58	0.73	1.29	8640	12442	24973	3681	410.3	0.7821	0	0	2026-09-26T23:01:45	
L001264	poa_abpoa_mc__all	all	ok	hotspot_vntr	6906	456	439	0	25100	21118	4444924	ends	40	2	6218	2	2	1,1	9071.2	5243.1	5212.9	0.0		10000.0	1800.0	127.93	122.69	119.81	16263	28585	0	3.44	0.06	1.59	13411	19875	17590	6410	928.2	0.7456	0	0	2026-09-26T22:34:18	
L001491	poa_abpoa_mc__all	all	ok	control_vntr_correct	1217	449	50	0	1666	1666	627701	single	0	0	0	0	1	1	200.8	75.5	75.7	0.0		10000.0	1800.0	5.71	5.18	5.13	1823	1711	0	0.09	0.01	0.41	337	461	1707	98	80.5	0.6327	0	0	2026-09-26T22:02:33	
L001527	poa_abpoa_mc__all	all	ok	control_nontr_sv	1133	458	30	0	1083	1083	447728	single	0	0	0	0	1	1	130.4	41.6	42.0	0.0		10000.0	1800.0	2.87	2.45	2.42	1103	1137	0	0.04	0.0	0.36	70	100	1134	41	36.2	0.6098	0	0	2026-09-26T22:02:08	
L001894	poa_abpoa_mc__all	all	ok	control_vntr_matched	6461	455	84	0	6807	6807	2950195	single	0	0	0	0	1	1	2312.8	965.1	963.0	0.0		10000.0	1800.0	43.45	42.51	42.38	7057	6881	0	0.37	0.01	0.49	540	733	6571	254	39.3	0.5591	0	0	2026-09-26T22:23:48	
L001899	poa_abpoa_mc__all	all	ok	control_vntr_matched	1959	456	122	0	4195	4195	930631	single	0	0	0	0	1	1	1186.4	374.4	373.2	0.0		10000.0	1800.0	17.98	17.32	17.21	4735	4376	0	0.25	0.01	0.37	1161	1682	2572	144	73.5	0.4861	0	0	2026-09-26T22:03:58	
L001909	poa_abpoa_mc__all	all	ok	hotspot_vntr	15660	479	470	22	37886	32696	9262226	ends	365	20	85311	20	2	1,1	9071.2	3502.3	3502.3	0.0		10000.0	1800.0	301.22	283.83	276.36	18180	108144	0	15.04	0.21	1.6	11627	17244	22133	5137	328.0	0.5517	0	0	2026-09-26T23:16:18	
L001922	poa_abpoa_mc__all	all	ok	control_vntr_correct	3542	454	107	0	15834	4979	2790490	ends	1	0	0	0	2	1,1	9071.2	1611.1	494.2	0.0		10000.0	1800.0	50.44	49.35	47.22	11226	15878	0	0.58	0.03	0.41	2362	3309	3686	145	40.9	0.5379	0	0	2026-09-26T22:23:03	
L002013	poa_abpoa_mc__all	all	ok	hotspot_vntr	4381	456	447	0	26014	19002	4461358	ends	39	1	6014	1	2	1,1	9071.2	4461.1	4462.2	0.0		10000.0	1800.0	248.9	243.87	240.8	16758	30577	0	3.83	0.06	0.98	14221	20986	13743	4154	948.2	0.6755	0	0	2026-09-26T22:38:27	
L002096	poa_abpoa_mc__all	all	ok	hotspot_vntr	2879	456	280	0	7782	6057	1459161	single	0	0	0	0	1	1	4565.6	1803.6	750.6	0.0		10000.0	1800.0	40.03	38.51	38.29	8940	8200	0	0.84	0.02	0.6	2592	3878	6123	849	294.9	0.5913	0	0	2026-09-26T22:12:06	
L002143	poa_abpoa_mc__all	all	ok	hotspot_vntr	7402	388	192	0	11954	8849	5736226	ends	1	0	0	0	2	1,1	9071.2	1929.9	1926.8	0.0		10000.0	1800.0	125.7	123.54	121.43	11660	15266	0	1.3	0.03	0.76	3654	5098	10030	1338	180.8	0.5777	0	0	2026-09-26T22:45:47	
L002182	poa_abpoa_mc__all	all	ok	hotspot_vntr	2388	450	408	0	8413	6901	1239713	single	0	0	0	0	1	1	4565.6	2026.4	2027.4	0.0		10000.0	1800.0	52.5	50.56	50.33	10150	8508	0	1.24	0.02	0.63	4073	5834	6799	1879	786.9	0.7802	0	0	2026-09-26T22:06:51	
L002292	poa_abpoa_mc__all	all	ok	control_nontr_sv	2183	456	31	0	2185	2185	935730	single	0	0	0	0	1	1	341.6	128.7	128.4	0.0		10000.0	1800.0	8.38	7.95	7.9	2204	2190	0	0.06	0.01	0.35	65	92	2186	19	8.7	0.4737	0	0	2026-09-26T22:03:57	
L002884	poa_abpoa_mc__all	all	ok	control_vntr_matched	3786	456	112	0	4010	3980	1738725	single	0	0	0	0	1	1	1186.4	367.3	366.5	0.0		10000.0	1800.0	21.19	20.41	20.32	4136	4176	0	0.3	0.01	0.43	389	546	4116	72	19.0	0.3889	0	0	2026-09-26T22:14:17	
L002940	poa_abpoa_mc__all	all	ok	hotspot_other	2259	453	359	0	3301	3301	943491	single	0	0	0	0	1	1	623.2	280.0	279.2	0.0		10000.0	1800.0	17.26	16.08	15.99	4151	3529	0	0.61	0.01	0.53	1833	2686	3350	1002	443.6	0.7365	0	0	2026-09-26T22:04:15	
L003119	poa_abpoa_mc__all	all	ok	control_vntr_correct	2909	407	42	0	2907	1809	736180	single	0	0	0	0	1	1	623.2	188.2	85.2	0.0		10000.0	1800.0	6.33	5.87	5.8	2938	2914	0	0.07	0.01	0.36	91	125	2911	12	4.1	0.4167	0	0	2026-09-26T22:02:57	
L003171	poa_abpoa_mc__all	all	ok	control_nontr_sv	1064	413	24	0	973	970	357080	single	0	0	0	0	1	1	130.4	30.9	31.5	0.0		10000.0	1800.0	2.05	1.69	1.66	986	1074	0	0.03	0.0	0.32	53	79	1064	12	11.3	0.5	0	0	2026-09-26T22:01:54	
L003672	poa_abpoa_mc__all	all	ok	control_vntr_correct	2583	453	58	0	2600	2600	1124483	single	0	0	0	0	1	1	623.2	177.7	176.1	0.0		10000.0	1800.0	11.51	10.99	10.93	2891	2840	0	0.11	0.01	0.38	194	269	2690	47	18.2	0.5532	0	0	2026-09-26T22:04:55	
L003695	poa_abpoa_mc__all	all	ok	hotspot_other	2215	386	114	0	3776	3086	846100	single	0	0	0	0	1	1	1186.4	276.2	202.0	0.0		10000.0	1800.0	11.79	11.15	11.06	4056	3892	0	0.2	0.01	0.4	647	959	3061	286	129.1	0.4755	0	0	2026-09-26T22:03:40	
L003826	poa_abpoa_mc__all	all	ok	control_vntr_matched	3461	459	412	1	3538	3538	1357960	single	0	0	0	0	1	1	1186.4	611.6	610.8	0.0		10000.0	1800.0	22.6	20.84	20.74	4972	4357	0	1.06	0.01	0.63	2643	3908	4125	1003	289.8	0.6261	0	0	2026-09-26T22:10:30	
L003828	poa_abpoa_mc__all	all	ok	hotspot_other	5387	453	393	0	8663	8219	1281475	single	0	0	0	0	1	1	4565.6	5615.4	5547.0	0.0		10000.0	1800.0	36.3	33.68	33.25	17826	13383	0	1.91	0.03	0.58	10356	16766	5519	1313	243.7	0.591	0	0	2026-09-26T22:08:14	
L003872	poa_abpoa_mc__all	all	ok	control_vntr_matched	2955	456	89	0	2938	2938	1294297	single	0	0	0	0	1	1	623.2	209.9	209.2	0.0		10000.0	1800.0	13.77	13.13	13.07	3110	3043	0	0.18	0.01	0.42	404	577	3037	208	70.4	0.4327	0	0	2026-09-26T22:08:41	
L003883	poa_abpoa_mc__all	all	ok	control_nontr_sv	828	454	29	0	3712	3712	1255227	single	0	0	0	0	1	1	1186.4	307.7	306.9	0.0		10000.0	1800.0	14.79	14.29	14.2	3743	3714	0	0.08	0.01	0.38	102	136	3714	27	32.6	0.5926	0	0	2026-09-26T22:07:08	
L004021	poa_abpoa_mc__all	all	ok	control_vntr_matched	7737	419	233	0	11086	11086	6368962	ends	2	0	0	0	2	1,1	9071.2	1932.2	1933.2	0.0		10000.0	1800.0	163.15	161.36	159.03	11639	11304	0	1.12	0.02	0.57	1052	1443	7742	170	22.0	0.5941	0	0	2026-09-26T22:53:32	
L004145	poa_abpoa_mc__all	all	ok	hotspot_vntr	15607	457	436	0	15850	15841	9132660	ends	456	0	0	0	2	1,1	9071.2	3816.0	3816.0	0.0		10000.0	1800.0	222.55	216.11	212.34	21928	23528	0	4.81	0.05	1.31	8664	12817	19349	2623	168.1	0.5414	0	0	2026-09-26T23:13:09	
L004620	poa_abpoa_mc__all	all	ok	control_nontr_sv	972	456	14	0	980	973	369614	single	0	0	0	0	1	1	130.4	31.4	32.0	0.0		10000.0	1800.0	2.11	1.75	1.72	990	983	0	0.02	0.0	0.33	38	52	972	11	11.3	0.4545	0	0	2026-09-26T22:01:57	
L004848	poa_abpoa_mc__all	all	ok	hotspot_other	2107	454	359	0	4584	4223	719702	single	0	0	0	0	1	1	1186.4	893.8	666.6	0.0		10000.0	1800.0	13.55	12.13	11.99	6111	4668	0	0.72	0.01	0.64	3470	5146	2773	1538	729.9	0.7854	0	0	2026-09-26T22:02:56	
L004989	poa_abpoa_mc__all	all	ok	hotspot_other	1798	453	247	0	3484	2818	520835	single	0	0	0	0	1	1	623.2	440.9	144.4	0.0		10000.0	1800.0	6.07	5.23	5.11	4196	3547	0	0.34	0.01	0.47	1725	2647	1979	874	486.1	0.8009	0	0	2026-09-26T22:02:15	
L005064	poa_abpoa_mc__all	all	ok	hotspot_other	3272	456	240	0	4124	4122	1426393	single	0	0	0	0	1	1	1186.4	460.3	400.9	0.0		10000.0	1800.0	25.15	23.91	23.8	5452	4655	0	0.62	0.01	0.56	2269	3465	4435	983	300.4	0.527	0	0	2026-09-26T22:11:18	
L005261	poa_abpoa_mc__all	all	ok	hotspot_other	859	455	209	0	4301	3776	432123	single	0	0	0	0	1	1	1186.4	793.3	166.7	0.0		10000.0	1800.0	4.98	4.15	3.99	4998	4384	0	0.31	0.01	0.48	1979	2908	2229	933	1086.1	0.7224	0	0	2026-09-26T22:02:09	
L005411	poa_abpoa_mc__all	all	ok	hotspot_vntr	6353	456	421	0	9386	9368	2403695	single	0	0	0	0	1	1	4565.6	4091.3	4087.6	0.0		10000.0	1800.0	60.23	57.6	57.35	12070	10150	0	1.86	0.02	0.67	5825	8359	6880	1122	176.6	0.6114	0	0	2026-09-26T22:20:05	
L005481	poa_abpoa_mc__all	all	ok	hotspot_vntr	3018	456	232	0	5349	5348	1350632	single	0	0	0	0	1	1	2312.8	1158.5	601.5	0.0		10000.0	1800.0	24.03	22.88	22.74	6187	5408	1	0.61	0.01	0.48	2123	3087	3824	602	199.5	0.5997	0	0	2026-09-26T22:10:14	
L005618	poa_abpoa_mc__all	all	ok	hotspot_other	3582	457	442	0	6411	5768	1119916	single	0	0	0	0	1	1	2312.8	1702.3	1381.3	0.0		10000.0	1800.0	21.8	19.77	19.58	8207	6568	0	1.15	0.02	0.81	4522	6705	3897	2372	662.2	0.715	0	0	2026-09-26T22:05:03	
L005688	poa_abpoa_mc__all	all	ok	control_nontr_sv	712	455	18	0	894	894	385012	single	0	0	0	0	1	1	130.4	29.0	29.6	0.0		10000.0	1800.0	2.15	1.71	1.69	950	967	0	0.04	0.0	0.38	154	206	967	127	178.4	0.6299	0	0	2026-09-26T22:01:59	
L005990	poa_abpoa_mc__all	all	ok	hotspot_vntr	6577	407	368	0	11716	11712	5789664	ends	24	0	0	0	2	1,1	9071.2	4287.0	4288.1	0.0		10000.0	1800.0	197.52	194.48	192.01	14249	13779	0	2.15	0.03	0.76	5143	8097	12240	1217	185.0	0.4363	0	0	2026-09-26T22:48:51	
L006556	poa_abpoa_mc__all	all	ok	control_nontr_sv	926	355	22	0	926	926	306753	single	0	0	0	0	1	1	130.4	28.3	29.0	0.0		10000.0	1800.0	1.77	1.42	1.38	943	928	0	0.02	0.0	0.32	56	76	926	15	16.2	0.5333	0	0	2026-09-26T22:01:48	
L006952	poa_abpoa_mc__all	all	ok	hotspot_vntr	2403	457	310	0	3804	3297	593702	single	0	0	0	0	1	1	1186.4	708.9	662.2	0.0		10000.0	1800.0	11.19	9.98	9.86	4835	3930	0	0.55	0.01	0.61	2789	4036	3150	1832	762.4	0.6659	0	0	2026-09-26T22:02:29	
L007009	poa_abpoa_mc__all	all	ok	hotspot_vntr	15479	456	294	9	43024	33693	5418268	ends	156	25	131963	25	2	1,1	9071.2	3896.5	3896.7	0.0		10000.0	1800.0	204.24	191.94	183.83	14554	153296	0	10.28	0.29	1.32	15410	22356	20284	6020	388.9	0.6831	0	0	2026-09-26T22:43:40	
L007033	poa_abpoa_mc__all	all	ok	control_vntr_correct	2536	450	187	0	3768	3660	702712	single	0	0	0	0	1	1	1186.4	544.8	544.0	0.0		10000.0	1800.0	10.71	9.97	9.85	4168	3798	0	0.34	0.01	0.37	1118	1564	2706	63	24.8	0.5238	0	0	2026-09-26T22:02:50	
L007040	poa_abpoa_mc__all	all	ok	hotspot_vntr	19420	473	371	17	42599	33021	6548740	ends	206	34	156724	34	2	1,1	9071.2	3811.3	3807.4	0.0		10000.0	1800.0	251.11	232.62	223.32	14030	178504	2	16.87	0.34	0.82	12748	18582	19976	1671	86.0	0.6463	0	0	2026-09-26T22:57:43	
L007065	poa_abpoa_mc__all	all	ok	control_vntr_matched	4254	451	49	0	4319	4319	1919556	single	0	0	0	0	1	1	1186.4	420.4	419.1	0.0		10000.0	1800.0	22.34	21.76	21.68	4375	4324	0	0.15	0.01	0.39	187	254	4321	39	9.2	0.5128	0	0	2026-09-26T22:16:08	
L007081	poa_abpoa_mc__all	all	ok	hotspot_vntr	1493	448	432	0	12813	10964	2282150	ends	2	0	0	0	2	1,1	9071.2	4111.7	2471.6	0.0		10000.0	1800.0	60.26	57.53	55.07	13258	20243	0	2.01	0.04	0.6	5653	8789	5497	1226	821.2	0.7015	0	0	2026-09-26T22:18:47	
L007161	poa_abpoa_mc__all	all	ok	hotspot_other	3479	357	147	0	4024	3908	799194	single	0	0	0	0	1	1	1186.4	698.7	698.0	0.0		10000.0	1800.0	17.04	15.86	15.77	5526	4338	0	0.49	0.01	0.65	3442	5104	3833	1146	329.4	0.6597	0	0	2026-09-26T22:03:28	
L007172	poa_abpoa_mc__all	all	ok	control_vntr_matched	3009	457	141	0	3682	3680	1390209	single	0	0	0	0	1	1	1186.4	587.6	586.4	0.0		10000.0	1800.0	20.65	19.77	19.66	4569	4411	0	0.34	0.01	0.49	866	1227	4273	484	160.9	0.5165	0	0	2026-09-26T22:10:52	
L007184	poa_abpoa_mc__all	all	ok	hotspot_other	1295	454	170	0	1749	1541	406933	single	0	0	0	0	1	1	341.6	105.4	49.3	0.0		10000.0	1800.0	3.18	2.69	2.63	1848	1758	0	0.12	0.0	0.35	256	385	1311	111	85.7	0.4775	0	0	2026-09-26T22:02:01	
L007192	poa_abpoa_mc__all	all	ok	control_nontr_sv	685	452	20	0	883	882	291167	single	0	0	0	0	1	1	130.4	26.8	27.8	0.0		10000.0	1800.0	1.65	1.28	1.25	895	929	0	0.02	0.0	0.33	43	60	929	22	32.1	0.5455	0	0	2026-09-26T22:01:46	
L007376	poa_abpoa_mc__all	all	ok	control_vntr_matched	19353	455	149	0	21189	20300	9084086	ends	454	5	2389	5	2	1,1	9071.2	3415.6	3349.4	0.0		10000.0	1800.0	163.75	160.82	158.29	12778	23675	1	1.85	0.05	0.79	1792	2418	19353	128	6.6	0.5625	0	0	2026-09-26T23:11:15	
L007480	poa_abpoa_mc__all	all	ok	hotspot_other	1687	449	199	0	3377	3195	791264	single	0	0	0	0	1	1	623.2	273.7	224.0	0.0		10000.0	1800.0	13.1	12.29	12.2	3949	3391	0	0.31	0.01	0.47	1510	2165	3387	815	483.1	0.7276	0	0	2026-09-26T22:03:11	
L007687	poa_abpoa_mc__all	all	ok	control_vntr_matched	2645	458	47	0	2791	2791	1198585	single	0	0	0	0	1	1	623.2	190.6	190.1	0.0		10000.0	1800.0	13.0	12.43	12.36	2943	2876	0	0.12	0.01	0.42	285	388	2873	138	52.2	0.6014	0	0	2026-09-26T22:05:34	
L007717	poa_abpoa_mc__all	all	ok	control_vntr_matched	4426	456	127	0	6163	4737	1917566	single	0	0	0	0	1	1	2312.8	1137.6	1135.4	0.0		10000.0	1800.0	29.9	28.94	28.77	6949	6692	0	0.41	0.01	0.48	912	1280	4476	256	57.8	0.4492	0	0	2026-09-26T22:16:05	
L007798	poa_abpoa_mc__all	all	ok	hotspot_other	4360	457	374	0	20044	18216	3092304	ends	18	1	44	1	2	1,1	9071.2	6490.8	6428.3	0.0		10000.0	1800.0	94.27	90.3	86.66	22275	32540	0	2.78	0.08	0.94	12385	17759	22140	3342	766.5	0.6242	0	0	2026-09-26T22:26:09	
L007844	poa_abpoa_mc__all	all	ok	hotspot_other	1988	456	436	0	4962	4941	1278828	single	0	0	0	0	1	1	2312.8	1203.6	1121.6	0.0		10000.0	1800.0	32.32	29.8	29.67	7058	5006	0	1.39	0.01	1.05	5278	7659	4598	3262	1640.8	0.7872	0	0	2026-09-26T22:07:54	
L008216	poa_abpoa_mc__all	all	ok	hotspot_vntr	2993	449	204	0	6036	6011	1308751	single	0	0	0	0	1	1	2312.8	737.4	735.7	0.0		10000.0	1800.0	34.2	33.1	32.95	6618	6054	0	0.57	0.01	0.47	1623	2268	3905	481	160.7	0.6237	0	0	2026-09-26T22:09:05	
L008631	poa_abpoa_mc__all	all	ok	control_nontr_sv	703	427	15	0	1036	1036	301284	single	0	0	0	0	1	1	130.4	32.8	33.3	0.0		10000.0	1800.0	1.88	1.53	1.5	1044	1038	0	0.02	0.0	0.32	33	46	1038	14	19.9	0.4286	0	0	2026-09-26T22:01:48	
L008864	poa_abpoa_mc__all	all	ok	hotspot_vntr	2131	455	342	0	11331	10878	2774132	ends	4	0	0	0	2	1,1	9071.2	5742.5	5700.0	0.0		10000.0	1800.0	112.58	109.67	106.47	22777	18994	0	1.83	0.05	0.94	10841	16460	13916	3225	1513.4	0.6298	0	0	2026-09-26T22:22:57	
L008877	poa_abpoa_mc__all	all	ok	hotspot_other	2687	457	390	0	10822	8221	4279260	ends	1	0	0	0	2	1,1	9071.2	3583.3	1694.7	0.0		10000.0	1800.0	163.92	160.89	158.53	13817	13081	0	1.99	0.03	0.89	6869	10626	8505	3317	1234.5	0.6373	0	0	2026-09-26T22:32:06	
L008887	poa_abpoa_mc__all	all	ok	control_vntr_correct	2592	446	56	0	4225	3074	1281383	single	0	0	0	0	1	1	1186.4	295.7	217.1	0.0		10000.0	1800.0	13.84	13.25	13.14	4346	4304	0	0.13	0.01	0.41	182	253	2950	38	14.7	0.5263	0	0	2026-09-26T22:07:38	
L008902	poa_abpoa_mc__all	all	ok	control_vntr_correct	2816	453	73	0	4678	4674	1285094	single	0	0	0	0	1	1	1186.4	621.1	205.9	0.0		10000.0	1800.0	14.37	13.63	13.49	4853	4796	0	0.18	0.01	0.51	307	439	3039	137	48.7	0.3796	0	0	2026-09-26T22:08:10	
L008976	poa_abpoa_mc__all	all	ok	hotspot_vntr	5631	444	434	0	37780	30178	5331416	ends	91	17	73580	17	2	1,1	9071.2	5320.3	5321.3	0.0		10000.0	1800.0	196.37	185.32	180.11	13568	93971	0	9.46	0.16	1.17	13295	19228	20022	5003	888.5	0.7511	0	0	2026-09-26T22:41:43	
L009000	poa_abpoa_mc__all	all	ok	hotspot_vntr	14411	456	450	0	18314	17584	4153586	ends	21	0	0	0	2	1,1	9071.2	4792.0	4793.0	0.0		10000.0	1800.0	186.94	181.0	177.63	23040	29874	0	4.24	0.06	1.47	19164	28776	20038	6019	417.7	0.6762	0	0	2026-09-26T22:32:09	
L009283	poa_abpoa_mc__all	all	ok	control_nontr_sv	784	453	19	0	780	779	346673	single	0	0	0	0	1	1	95.2	24.8	25.4	0.0		10000.0	1800.0	1.68	1.32	1.29	795	785	0	0.02	0.0	0.33	54	73	784	15	19.1	0.5333	0	0	2026-09-26T22:01:52	
L009398	poa_abpoa_mc__all	all	ok	hotspot_vntr	1951	457	166	0	4169	2619	672251	single	0	0	0	0	1	1	1186.4	370.5	145.6	0.0		10000.0	1800.0	8.68	8.03	7.89	4352	4289	0	0.24	0.01	0.38	396	583	2139	194	99.4	0.3763	0	0	2026-09-26T22:02:42	
L009448	poa_abpoa_mc__all	all	ok	hotspot_vntr	7487	412	405	0	19783	16204	6028028	ends	67	0	0	0	2	1,1	9071.2	4687.6	4686.4	0.0		10000.0	1800.0	301.29	294.15	290.47	27404	24749	0	5.32	0.04	1.55	30563	48649	12025	10316	1377.9	0.7256	2	266	2026-09-26T22:50:48	
L009600	poa_abpoa_mc__all	all	ok	control_nontr_sv	1012	269	8	0	1115	1115	289015	single	0	0	0	0	1	1	130.4	35.1	35.8	0.0		10000.0	1800.0	1.86	1.51	1.49	1121	1117	0	0.01	0.0	0.32	21	27	1117	3	3.0	0.0	0	0	2026-09-26T22:01:46	
L009656	poa_abpoa_mc__all	all	ok	hotspot_vntr	5039	442	250	0	6726	6671	2044215	single	0	0	0	0	1	1	2312.8	1014.8	1007.9	0.0		10000.0	1800.0	53.32	51.69	51.52	8353	7784	0	0.88	0.02	0.66	2682	3912	6972	1311	260.2	0.598	0	0	2026-09-26T22:17:46	
L009658	poa_abpoa_mc__all	all	ok	hotspot_vntr	10831	416	377	0	17194	16713	5418478	ends	22	0	0	0	2	1,1	9071.2	4756.8	4729.6	0.0		10000.0	1800.0	229.39	225.22	222.66	16641	19797	0	2.86	0.04	1.12	10976	16621	12915	3902	360.3	0.621	0	0	2026-09-26T22:45:33	
L009770	poa_abpoa_mc__all	all	ok	control_vntr_matched	4682	380	88	1	5728	4714	1502410	single	0	0	0	0	1	1	2312.8	990.0	991.1	0.0		10000.0	1800.0	25.3	24.6	24.49	5835	5730	0	0.25	0.01	0.4	360	490	4682	69	14.7	0.5797	0	0	2026-09-26T22:12:40	
L009771	poa_abpoa_mc__all	all	ok	control_vntr_correct	1172	453	15	0	1319	1319	561502	single	0	0	0	0	1	1	200.8	53.7	54.0	0.0		10000.0	1800.0	4.02	3.62	3.59	1333	1340	0	0.03	0.0	0.34	50	67	1284	12	10.2	0.5	0	0	2026-09-26T22:02:17	
L009803	poa_abpoa_mc__all	all	ok	hotspot_vntr	5127	457	442	0	7046	6952	1511626	single	0	0	0	0	1	1	4565.6	2386.9	2383.5	0.0		10000.0	1800.0	44.26	41.6	41.41	10109	7081	0	1.7	0.02	0.88	7562	10859	5316	3187	621.6	0.7596	0	0	2026-09-26T22:13:25	
L009885	poa_abpoa_mc__all	all	ok	control_vntr_correct	4169	369	212	0	4291	4207	1483553	single	0	0	0	0	1	1	1186.4	426.7	403.6	0.0		10000.0	1800.0	18.74	17.82	17.74	4562	4449	0	0.45	0.01	0.42	553	811	4245	133	31.9	0.4211	0	0	2026-09-26T22:12:14	
L010060	poa_abpoa_mc__all	all	ok	hotspot_other	2397	456	247	0	3776	3691	1166812	single	0	0	0	0	1	1	1186.4	626.9	621.1	0.0		10000.0	1800.0	19.95	19.05	18.93	4903	4487	0	0.45	0.01	0.41	1285	1902	3672	403	168.1	0.5533	0	0	2026-09-26T22:05:24	
L010113	poa_abpoa_mc__all	all	ok	control_vntr_correct	3002	455	56	0	3488	3488	1362251	single	0	0	0	0	1	1	623.2	281.9	281.1	0.0		10000.0	1800.0	16.99	16.42	16.32	3997	3912	0	0.13	0.01	0.39	281	385	3021	41	13.7	0.5854	0	0	2026-09-26T22:10:31	
L010328	poa_abpoa_mc__all	all	ok	hotspot_vntr	2940	451	393	0	20049	17074	3452304	ends	8	1	49	1	2	1,1	9071.2	6027.6	5975.2	0.0		10000.0	1800.0	159.38	154.33	150.7	24414	30387	0	3.34	0.07	1.49	20765	29328	21278	6285	2137.8	0.6966	0	0	2026-09-26T22:29:22	
L010350	poa_abpoa_mc__all	all	ok	control_vntr_matched	7377	457	74	3	7564	7564	3321150	single	0	0	0	0	1	1	4565.6	1222.3	1219.8	0.0		10000.0	1800.0	52.11	51.2	51.04	7936	7984	0	0.34	0.02	0.48	314	434	7594	46	6.2	0.587	0	0	2026-09-26T22:27:01	
L010452	poa_abpoa_mc__all	all	ok	control_nontr_sv	803	453	9	0	860	860	367278	single	0	0	0	0	1	1	95.2	27.3	28.0	0.0		10000.0	1800.0	1.92	1.56	1.54	870	862	0	0.02	0.0	0.32	33	43	862	9	11.2	0.4444	0	0	2026-09-26T22:01:57	
L010508	poa_abpoa_mc__all	all	ok	control_vntr_correct	3528	453	75	0	3631	3629	1615603	single	0	0	0	0	1	1	1186.4	575.2	573.9	0.0		10000.0	1800.0	18.56	17.88	17.81	3868	3738	0	0.2	0.01	0.43	372	507	3598	64	18.1	0.5781	0	0	2026-09-26T22:13:55	
L011121	poa_abpoa_mc__all	all	ok	control_vntr_correct	2551	456	54	0	3087	3038	1292385	single	0	0	0	0	1	1	623.2	224.3	223.5	0.0		10000.0	1800.0	14.61	14.05	13.99	3271	3143	0	0.14	0.01	0.38	380	516	2897	114	44.7	0.5439	0	0	2026-09-26T22:08:30	
L011138	poa_abpoa_mc__all	all	ok	hotspot_vntr	12558	433	363	0	27741	24749	7599918	ends	277	10	28458	10	2	1,1	9071.2	3561.4	3539.4	0.0		10000.0	1800.0	227.84	219.29	215.82	14773	49650	0	6.87	0.1	1.36	14873	21150	28645	3161	251.7	0.6916	0	0	2026-09-26T23:06:34	
L011224	poa_abpoa_mc__all	all	ok	control_vntr_correct	2577	457	126	0	3142	3080	1264752	single	0	0	0	0	1	1	623.2	238.7	238.0	0.0		10000.0	1800.0	15.54	14.83	14.76	3448	3306	0	0.25	0.01	0.41	593	840	3200	231	89.6	0.4545	0	0	2026-09-26T22:07:23	
L011227	poa_abpoa_mc__all	all	ok	control_vntr_matched	3613	413	81	0	4325	4245	1435308	single	0	0	0	0	1	1	1186.4	395.8	394.7	0.0		10000.0	1800.0	21.37	20.67	20.58	4551	4436	0	0.21	0.01	0.44	487	682	4375	204	56.5	0.4314	0	0	2026-09-26T22:11:25	
L011430	poa_abpoa_mc__all	all	ok	control_vntr_matched	3231	458	161	0	3221	3193	1399103	single	0	0	0	0	1	1	623.2	250.4	249.7	0.0		10000.0	1800.0	16.75	15.84	15.76	3720	3580	0	0.41	0.01	0.45	1050	1562	3457	244	75.5	0.3156	0	0	2026-09-26T22:11:04	
L011463	poa_abpoa_mc__all	all	ok	hotspot_vntr	5878	456	386	0	6568	6568	2510959	single	0	0	0	0	1	1	2312.8	1038.5	1036.0	0.0		10000.0	1800.0	59.0	56.86	56.69	8794	8025	0	1.44	0.02	0.6	2411	3467	6871	735	125.0	0.5238	0	0	2026-09-26T22:21:04	
L011931	poa_abpoa_mc__all	all	ok	control_nontr_sv	965	451	51	0	1740	1739	598881	single	0	0	0	0	1	1	200.8	79.5	79.8	0.0		10000.0	1800.0	5.31	4.86	4.81	1758	1824	0	0.06	0.0	0.36	84	127	1824	24	24.9	0.5	0	0	2026-09-26T22:02:27	
L012184	poa_abpoa_mc__all	all	ok	hotspot_vntr	4759	447	364	0	39583	34316	6283366	ends	75	18	139700	18	2	1,1	9071.2	6876.8	6838.5	0.0		10000.0	1800.0	447.32	415.75	401.39	38077	177438	1	29.33	0.32	1.29	43454	75557	15998	3512	738.0	0.6939	2	5311	2026-09-26T22:56:19	
L012256	poa_abpoa_mc__all	all	ok	hotspot_other	3964	374	281	0	10156	10099	2510620	ends	3	0	0	0	2	1,1	9071.2	4839.2	4818.3	0.0		10000.0	1800.0	55.91	54.45	52.65	10989	12324	0	0.87	0.02	0.51	1629	2422	5857	563	142.0	0.4476	0	0	2026-09-26T22:20:26	
L012272	poa_abpoa_mc__all	all	skipped	hotspot_vntr	55376	459	406	0	115448	113237	9180000	ends	459	459					9071.2			0.0		10000.0	1800.0	0.28																	2026-09-26T23:11:16	not run: BAR would leave 15118799 bp unaligned over 459 rows, a full MSA of ~7.0e+09 cells (cap 2e+09) that the MSA-based pipeline cannot hold
L012294	poa_abpoa_mc__all	all	ok	hotspot_vntr	3586	456	449	0	24258	15963	3224130	ends	8	1	4258	1	2	1,1	9071.2	6714.2	6677.2	0.0		10000.0	1800.0	89.87	85.82	82.15	21431	33404	0	3.08	0.07	0.76	4452	6649	14473	1822	508.1	0.5225	0	0	2026-09-26T22:26:42	
L012313	poa_abpoa_mc__all	all	ok	control_vntr_matched	3199	430	65	0	3506	3266	1382150	single	0	0	0	0	1	1	1186.4	265.8	265.1	0.0		10000.0	1800.0	15.15	14.54	14.47	3556	3510	0	0.15	0.01	0.42	161	221	3266	65	20.3	0.6154	0	0	2026-09-26T22:10:46	
L012489	poa_abpoa_mc__all	all	ok	hotspot_other	2812	458	283	3	3049	3041	1291907	single	0	0	0	0	1	1	623.2	249.2	248.4	0.0		10000.0	1800.0	16.41	15.37	15.28	4017	3747	0	0.5	0.01	0.48	894	1286	3691	480	170.7	0.5292	0	0	2026-09-26T22:08:27	
L012530	poa_abpoa_mc__all	all	ok	control_nontr_sv	778	457	20	0	756	756	334073	single	0	0	0	0	1	1	95.2	23.5	24.0	0.0		10000.0	1800.0	1.6	1.25	1.22	768	782	0	0.02	0.0	0.32	44	62	781	22	28.3	0.5	0	0	2026-09-26T22:01:50	
L013000	poa_abpoa_mc__all	all	ok	control_vntr_correct	4280	458	174	0	4919	4902	1496933	single	0	0	0	0	1	1	1186.4	509.3	508.1	0.0		10000.0	1800.0	26.56	25.68	25.56	5204	5045	0	0.4	0.01	0.42	603	863	4553	188	43.9	0.5479	0	0	2026-09-26T22:12:33	
L013064	poa_abpoa_mc__all	all	ok	hotspot_other	1987	457	284	0	3208	2643	977113	single	0	0	0	0	1	1	623.2	377.9	329.5	0.0		10000.0	1800.0	14.17	13.12	13.03	3902	3477	0	0.51	0.01	0.49	1489	2316	2793	561	282.3	0.5062	0	0	2026-09-26T22:04:21	
L013074	poa_abpoa_mc__all	all	ok	control_vntr_correct	6844	435	52	0	6831	6830	1348575	single	0	0	0	0	1	1	2312.8	911.4	912.5	0.0		10000.0	1800.0	26.93	26.28	26.12	6882	6845	0	0.18	0.02	0.41	158	216	6844	27	3.9	0.5926	0	0	2026-09-26T22:10:07	
L013244	poa_abpoa_mc__all	all	ok	hotspot_vntr	5890	421	190	0	19474	13372	4428982	ends	6	0	0	0	2	1,1	9071.2	4058.0	4059.0	0.0		10000.0	1800.0	171.36	169.39	167.1	12818	20897	0	1.13	0.05	0.71	3379	4770	20050	1117	189.6	0.4763	0	0	2026-09-26T22:34:58	
L013399	poa_abpoa_mc__all	all	ok	control_nontr_sv	658	457	7	0	1415	1415	418895	single	0	0	0	0	1	1	200.8	56.4	56.7	0.0		10000.0	1800.0	3.21	2.82	2.78	1420	1438	0	0.02	0.0	0.35	18	23	1438	6	9.1	0.3333	0	0	2026-09-26T22:02:03	
L013531	poa_abpoa_mc__all	all	ok	hotspot_other	2616	451	251	0	4238	4216	885113	single	0	0	0	0	1	1	1186.4	1322.0	1289.3	0.0		10000.0	1800.0	16.91	15.89	15.71	6650	5772	0	0.54	0.01	0.43	2611	4156	3489	713	272.6	0.5905	0	0	2026-09-26T22:03:49	
L014111	poa_abpoa_mc__all	all	ok	control_vntr_matched	4216	458	46	0	4193	4170	1899333	single	0	0	0	0	1	1	1186.4	413.8	412.5	0.0		10000.0	1800.0	22.34	21.65	21.57	4415	4365	0	0.17	0.01	0.47	319	437	4336	142	33.7	0.5493	0	0	2026-09-26T22:15:35	
L014160	poa_abpoa_mc__all	all	ok	hotspot_vntr	7998	455	432	0	10412	9196	6984758	ends	1	0	0	0	2	1,1	9071.2	4262.2	4263.2	0.0		10000.0	1800.0	197.0	192.8	190.06	14641	15639	0	3.09	0.03	0.96	8230	12279	9417	1975	246.9	0.6061	0	0	2026-09-26T23:02:45	
L014181	poa_abpoa_mc__all	all	ok	control_vntr_matched	3784	453	95	0	7221	7195	1865680	single	0	0	0	0	1	1	4565.6	1048.6	1049.6	0.0		10000.0	1800.0	54.4	53.48	53.29	8114	7607	0	0.41	0.02	0.43	1609	2241	4614	215	56.8	0.4791	0	0	2026-09-26T22:15:12	
L014210	poa_abpoa_mc__all	all	ok	hotspot_vntr	6321	456	206	0	11227	11227	4486768	ends	6	0	0	0	2	1,1	9071.2	3958.8	3959.8	0.0		10000.0	1800.0	169.98	168.14	165.79	12490	13210	0	1.05	0.03	0.68	4731	6627	9477	1184	187.3	0.5684	0	0	2026-09-26T22:37:48	
L014297	poa_abpoa_mc__all	all	ok	hotspot_vntr	3012	457	299	0	8149	8127	1449119	single	0	0	0	0	1	1	4565.6	3096.5	2761.6	0.0		10000.0	1800.0	36.22	34.47	34.22	10408	8467	0	1.12	0.02	0.55	4806	6996	3879	605	200.9	0.5008	0	0	2026-09-26T22:11:55	
L014324	poa_abpoa_mc__all	all	ok	control_vntr_correct	2514	456	59	0	4081	4004	1242540	single	0	0	0	0	1	1	1186.4	355.0	353.7	0.0		10000.0	1800.0	21.6	21.0	20.89	4352	4215	0	0.16	0.01	0.4	445	615	2968	56	22.3	0.5714	0	0	2026-09-26T22:06:23	
L014358	poa_abpoa_mc__all	all	ok	hotspot_vntr	1419	452	352	0	4408	3759	776528	single	0	0	0	0	1	1	1186.4	622.2	219.6	0.0		10000.0	1800.0	13.29	12.33	12.19	4893	4556	0	0.49	0.01	0.43	1076	1579	3054	464	327.0	0.5582	0	0	2026-09-26T22:03:10	
L014426	poa_abpoa_mc__all	all	ok	control_vntr_correct	1886	456	42	0	1888	1884	843826	single	0	0	0	0	1	1	341.6	102.7	102.7	0.0		10000.0	1800.0	7.36	6.88	6.84	1929	1906	0	0.06	0.01	0.38	106	150	1890	41	21.7	0.3415	0	0	2026-09-26T22:03:31	
L014899	poa_abpoa_mc__all	all	ok	control_nontr_sv	1000	457	7	0	830	830	358616	single	0	0	0	0	1	1	95.2	26.4	27.0	0.0		10000.0	1800.0	1.83	1.47	1.45	838	1002	0	0.02	0.0	0.32	23	30	1000	6	6.0	0.3333	0	0	2026-09-26T22:01:55	
L015126	poa_abpoa_mc__all	all	ok	hotspot_other	3094	456	369	0	5216	4553	1221667	single	0	0	0	0	1	1	2312.8	1139.1	726.1	0.0		10000.0	1800.0	23.64	21.84	21.69	6799	5243	0	0.97	0.01	0.77	3724	5573	3745	2119	684.9	0.7371	0	0	2026-09-26T22:05:58	
L015223	poa_abpoa_mc__all	all	ok	control_vntr_matched	2752	458	80	1	4895	4891	1504025	single	0	0	0	0	1	1	1186.4	516.8	515.5	0.0		10000.0	1800.0	22.88	22.14	22.01	5087	5101	0	0.22	0.01	0.47	365	516	4145	122	44.3	0.3607	0	0	2026-09-26T22:12:57	
L015285	poa_abpoa_mc__all	all	ok	control_vntr_correct	2681	454	47	0	2759	2725	1187975	single	0	0	0	0	1	1	623.2	194.3	193.9	0.0		10000.0	1800.0	12.27	11.75	11.69	2946	2841	0	0.12	0.01	0.37	331	456	2681	24	9.0	0.5833	0	0	2026-09-26T22:05:20	
L015331	poa_abpoa_mc__all	all	ok	hotspot_vntr	4307	455	373	0	8707	8605	1868563	single	0	0	0	0	1	1	4565.6	2597.7	2489.0	0.0		10000.0	1800.0	41.36	39.17	38.93	10223	8800	0	1.32	0.02	0.78	4094	5790	5680	1877	435.8	0.6985	0	0	2026-09-26T22:15:11	
L015347	poa_abpoa_mc__all	all	ok	hotspot_vntr	19125	373	370	0	60782	46425	7238384	ends	311	119	698839	119	2	1,1	9071.2	3914.4	3909.6	0.0		10000.0	1800.0	404.6	310.02	271.32	20444	723773	0	88.4	1.38	3.13	27857	43785	58378	10285	537.8	0.6681	2	578	2026-09-26T23:08:30	
L015415	poa_abpoa_mc__all	all	ok	hotspot_vntr	2913	458	222	0	8992	8462	1338440	single	0	0	0	0	1	1	4565.6	2204.9	2097.2	0.0		10000.0	1800.0	34.97	33.69	33.42	9907	9025	0	0.72	0.02	0.49	2196	3098	5775	574	197.0	0.554	0	0	2026-09-26T22:09:50	
L015708	poa_abpoa_mc__all	all	ok	hotspot_other	2896	457	232	0	3059	3032	1253026	single	0	0	0	0	1	1	623.2	235.5	210.3	0.0		10000.0	1800.0	14.18	13.35	13.27	3430	3387	0	0.38	0.01	0.41	574	819	3044	175	60.4	0.5429	0	0	2026-09-26T22:07:06	
L015743	poa_abpoa_mc__all	all	ok	control_vntr_correct	4792	454	55	0	11163	11159	2631074	ends	2	0	0	0	2	1,1	9071.2	1907.5	1908.5	0.0		10000.0	1800.0	105.4	104.66	102.64	10458	11174	0	0.22	0.02	0.45	165	234	4795	31	6.5	0.4839	0	0	2026-09-26T22:22:12	
L015847	poa_abpoa_mc__all	all	ok	hotspot_other	4289	418	290	0	4582	4511	1250087	single	0	0	0	0	1	1	1186.4	517.2	515.7	0.0		10000.0	1800.0	28.93	27.39	27.13	6807	6878	0	0.84	0.02	0.62	2930	4434	5048	1005	234.3	0.6219	1	953	2026-09-26T22:06:52	
L015904	poa_abpoa_mc__all	all	ok	hotspot_other	2319	450	428	0	12096	5973	2966802	ends	1	0	0	0	2	1,1	9071.2	2685.2	1932.8	0.0		10000.0	1800.0	94.84	91.45	89.27	13330	13621	0	2.12	0.03	1.15	7933	12495	6493	3899	1681.3	0.7535	0	0	2026-09-26T22:25:11	
L016040	poa_abpoa_mc__all	all	ok	control_nontr_sv	718	452	11	0	804	804	321119	single	0	0	0	0	1	1	95.2	24.6	25.2	0.0		10000.0	1800.0	1.61	1.26	1.23	813	840	0	0.02	0.0	0.32	35	47	779	21	29.2	0.5714	0	0	2026-09-26T22:01:50	
L016062	poa_abpoa_mc__all	all	ok	control_vntr_correct	2630	415	78	0	4518	4518	1089457	single	0	0	0	0	1	1	1186.4	429.1	428.0	0.0		10000.0	1800.0	20.88	20.26	20.15	4737	4523	0	0.2	0.01	0.38	629	860	2748	90	34.2	0.6556	0	0	2026-09-26T22:04:43	
L016124	poa_abpoa_mc__all	all	ok	control_vntr_matched	3725	456	50	0	3671	3596	1545096	single	0	0	0	0	1	1	1186.4	554.5	553.8	0.0		10000.0	1800.0	19.31	18.6	18.51	4050	4248	0	0.16	0.01	0.49	386	525	3885	107	28.7	0.5607	0	0	2026-09-26T22:13:16	
L016274	poa_abpoa_mc__all	all	ok	control_nontr_sv	742	452	13	0	1268	1268	342403	single	0	0	0	0	1	1	200.8	43.5	44.0	0.0		10000.0	1800.0	2.45	2.08	2.03	1278	1271	0	0.02	0.0	0.34	34	45	1270	5	6.7	0.2	0	0	2026-09-26T22:01:52	
L016523	poa_abpoa_mc__all	all	ok	control_vntr_correct	2747	399	38	0	2868	2856	1125889	single	0	0	0	0	1	1	623.2	198.4	198.2	0.0		10000.0	1800.0	11.47	10.99	10.93	2926	2895	0	0.08	0.01	0.37	124	172	2857	42	15.3	0.5238	0	0	2026-09-26T22:05:07	
L016830	poa_abpoa_mc__all	all	ok	control_vntr_correct	4801	456	126	2	6287	6287	1908280	single	0	0	0	0	1	1	2312.8	1351.0	1348.8	0.0		10000.0	1800.0	32.15	31.24	31.08	6753	6485	0	0.41	0.02	0.44	1021	1430	5223	154	32.1	0.4156	0	0	2026-09-26T22:15:45	
L016870	poa_abpoa_mc__all	all	ok	hotspot_other	6619	347	162	7	29724	22844	2147308	ends	40	10	25511	10	2	1,1	9071.2	7085.3	7073.6	0.0		10000.0	1800.0	93.66	87.26	82.25	41156	68246	0	5.53	0.12	0.57	31685	48244	12645	1386	209.4	0.4618	0	0	2026-09-26T22:19:04	
L016884	poa_abpoa_mc__all	all	ok	control_vntr_correct	2096	343	273	0	2422	2327	660221	single	0	0	0	0	1	1	341.6	141.8	141.9	0.0		10000.0	1800.0	8.29	7.4	7.35	2768	2592	0	0.35	0.01	0.51	693	1031	2458	485	231.4	0.5691	0	0	2026-09-26T22:02:39	
L017097	poa_abpoa_mc__all	all	ok	control_nontr_sv	762	342	20	0	1617	1617	506733	single	0	0	0	0	1	1	200.8	70.0	70.3	0.0		10000.0	1800.0	4.15	3.73	3.69	1641	1619	0	0.03	0.0	0.37	77	103	1619	51	66.9	0.6275	0	0	2026-09-26T22:02:12	
L017325	poa_abpoa_mc__all	all	ok	control_vntr_matched	6845	341	196	0	6765	5677	1335793	single	0	0	0	0	1	1	2312.8	843.0	841.3	0.0		10000.0	1800.0	34.29	33.15	33.02	7808	7570	0	0.55	0.02	0.52	1157	1680	7196	561	82.0	0.3458	0	0	2026-09-26T22:09:39	
TR101140	poa_abpoa_mc__all	all	ok	control_vntr_matched	7400	457	147	0	10580	9551	6657952	ends	1	0	0	0	2	1,1	9071.2	3869.5	3864.7	0.0		10000.0	1800.0	187.57	185.7	183.13	12806	11126	0	0.99	0.03	0.76	3060	4156	10304	1183	159.9	0.6044	0	0	2026-09-26T22:59:27	
TR368009	poa_abpoa_mc__all	all	ok	control_vntr_matched	10964	455	114	0	13794	13794	9083956	ends	449	0	0	0	2	1,1	9071.2	3647.9	3648.9	0.0		10000.0	1800.0	171.54	169.72	166.99	12176	13799	0	0.99	0.03	0.65	1697	2280	10967	486	44.3	0.6152	0	0	2026-09-26T23:09:26	
TR423938	poa_abpoa_mc__all	all	ok	control_vntr_matched	2256	448	42	0	3100	3100	994735	single	0	0	0	0	1	1	623.2	221.1	220.4	0.0		10000.0	1800.0	13.57	13.07	12.98	3332	3264	0	0.1	0.01	0.37	239	332	2472	14	6.2	0.4286	0	0	2026-09-26T22:04:30	
TR424743	poa_abpoa_mc__all	all	ok	control_vntr_matched	3571	367	96	0	18252	12668	3825878	ends	10	0	0	0	2	1,1	9071.2	1946.9	1943.3	0.0		10000.0	1800.0	119.51	118.32	116.34	10745	19365	0	0.56	0.04	0.53	462	635	11505	125	35.0	0.568	0	0	2026-09-26T22:29:01	
TR446002	poa_abpoa_mc__all	all	ok	control_vntr_matched	2314	417	34	0	2322	2314	962074	single	0	0	0	0	1	1	341.6	139.9	139.1	0.0		10000.0	1800.0	8.79	8.32	8.27	2349	2326	0	0.07	0.01	0.38	102	144	2314	26	11.2	0.3846	0	0	2026-09-26T22:04:07	
TR455654	poa_abpoa_mc__all	all	ok	control_vntr_matched	2403	455	53	0	2439	2416	1092222	single	0	0	0	0	1	1	341.6	153.7	153.5	0.0		10000.0	1800.0	10.16	9.67	9.62	2506	2464	0	0.1	0.01	0.36	162	229	2449	43	17.9	0.4884	0	0	2026-09-26T22:04:41	
TR460913	poa_abpoa_mc__all	all	ok	control_vntr_matched	1313	440	42	0	1503	1311	575944	single	0	0	0	0	1	1	200.8	59.8	55.0	0.0		10000.0	1800.0	4.12	3.69	3.64	1541	1505	0	0.06	0.0	0.35	126	171	1313	36	27.4	0.6111	0	0	2026-09-26T22:02:20	
TR499275	poa_abpoa_mc__all	all	ok	control_vntr_matched	4345	457	45	0	4406	4281	1953007	single	0	0	0	0	1	1	1186.4	427.9	428.9	0.0		10000.0	1800.0	22.61	21.98	21.89	4446	4471	0	0.14	0.01	0.44	127	171	4345	30	6.9	0.5333	0	0	2026-09-26T22:16:28	
TR499276	poa_abpoa_mc__all	all	ok	control_vntr_matched	4483	456	65	1	4482	4482	2043371	single	0	0	0	0	1	1	1186.4	453.7	452.3	0.0		10000.0	1800.0	24.01	23.36	23.27	4541	4484	0	0.19	0.01	0.41	181	241	4483	40	8.9	0.675	0	0	2026-09-26T22:16:53	
TR573259	poa_abpoa_mc__all	all	ok	control_vntr_matched	2919	456	84	0	6617	5668	1691756	single	0	0	0	0	1	1	2312.8	793.5	794.5	0.0		10000.0	1800.0	41.41	40.62	40.44	7039	6809	0	0.29	0.02	0.43	981	1411	4262	169	57.9	0.4142	0	0	2026-09-26T22:14:29	
TR668316	poa_abpoa_mc__all	all	ok	control_vntr_matched	3063	394	123	0	4186	3817	1227064	single	0	0	0	0	1	1	1186.4	590.0	271.5	0.0		10000.0	1800.0	15.26	14.56	14.47	4351	4227	0	0.27	0.01	0.39	412	574	3832	81	26.4	0.4321	0	0	2026-09-26T22:06:00	
TR687433	poa_abpoa_mc__all	all	ok	control_vntr_matched	3352	278	47	0	4910	3720	835522	single	0	0	0	0	1	1	1186.4	406.2	309.9	0.0		10000.0	1800.0	11.93	11.35	11.26	5101	4913	0	0.14	0.01	0.41	543	741	3482	74	22.1	0.5135	0	0	2026-09-26T22:03:24	
TR687489	poa_abpoa_mc__all	all	ok	control_vntr_matched	2731	450	53	0	4200	3955	1209414	single	0	0	0	0	1	1	1186.4	360.1	358.9	0.0		10000.0	1800.0	20.88	20.33	20.21	4339	4321	0	0.13	0.01	0.38	254	351	2734	12	4.4	0.5	0	0	2026-09-26T22:05:45	
TR724750	poa_abpoa_mc__all	all	ok	control_vntr_matched	2978	458	76	0	3574	3570	1313040	single	0	0	0	0	1	1	1186.4	295.6	296.6	0.0		10000.0	1800.0	18.6	17.85	17.77	3982	3783	0	0.25	0.01	0.46	1078	1486	3522	393	132.0	0.6183	0	0	2026-09-26T22:09:00	
TR743754	poa_abpoa_mc__all	all	ok	control_vntr_matched	2923	457	42	0	2994	2994	1316370	single	0	0	0	0	1	1	623.2	214.4	214.0	0.0		10000.0	1800.0	14.0	13.48	13.41	3040	3010	0	0.1	0.01	0.38	140	187	2923	44	15.1	0.5909	0	0	2026-09-26T22:09:15	
TR831034	poa_abpoa_mc__all	all	ok	control_vntr_matched	6904	342	322	0	7456	7413	2355682	single	0	0	0	0	1	1	4565.6	2457.0	2458.0	0.0		10000.0	1800.0	42.94	40.16	40.02	11302	9096	0	1.87	0.02	0.79	6176	9176	8047	1720	249.1	0.6227	0	0	2026-09-26T22:19:30	
