region_id	stratum	mc_nodes	mc_nodes_missing_in_full	mc_nodes_seq_differs	mc_edges	mc_edges_missing_in_full	hap32_paths	hap32_reference	hap32_same_walk	hap32_same_seq_other_walk	hap32_absent	pairs	pairs_compared	pairs_identical_walks	pairs_same_alignment	pairs_same_cost	cost_mc_sum	cost_full_sum	not_same_walk	pairs_cost_differs	example_differences	seconds
L001909	hotspot_vntr	12839	0	0	15401	0	34	2	10	0	22	561	66	66	66	66	456807	456807	recombination#2#chr10#5:absent;recombination#4#chr10#2:absent;recombination#5#chr10#4:absent;recombination#7#chr10#10:absent;recombination#8#chr10#3:absent;recombination#10#chr10#4:absent;recombination#11#chr10#5:absent;recombination#12#chr10#5:absent;recombination#14#chr10#6:absent;recombination#15#chr10#4:absent;recombination#16#chr10#3:absent;recombination#18#chr10#2:absent;recombination#19#chr10#4:absent;recombination#20#chr10#4:absent;recombination#21#chr10#4:absent;recombination#23#chr10#7:absent;recombination#24#chr10#6:absent;recombination#25#chr10#5:absent;recombination#26#chr10#5:absent;recombination#28#chr10#7:absent;recombination#31#chr10#6:absent;recombination#32#chr10#8:absent	0	.	1.1
L009000	hotspot_vntr	10442	0	0	13497	0	34	2	32	0	0	561	561	561	561	561	1909211	1909211	.	0	.	1.3
L007009	hotspot_vntr	13661	0	0	15393	0	34	2	19	0	13	561	210	210	210	210	1547054	1547054	recombination#2#chr18#1:absent;recombination#4#chr18#2:absent;recombination#13#chr18#1:absent;recombination#14#chr18#0:absent;recombination#16#chr18#0:absent;recombination#18#chr18#0:absent;recombination#19#chr18#2:absent;recombination#20#chr18#1:absent;recombination#24#chr18#0:absent;recombination#25#chr18#0:absent;recombination#28#chr18#0:absent;recombination#29#chr18#1:absent;recombination#32#chr18#0:absent	0	.	1.1
L009658	hotspot_vntr	5331	0	0	6245	0	32	1	31	0	0	496	496	496	496	496	2129242	2129242	.	0	.	0.8
L005990	hotspot_vntr	3492	0	0	4083	0	32	1	31	0	0	496	496	496	496	496	801482	801482	.	0	.	0.7
L012184	hotspot_vntr	9292	0	0	10463	0	32	2	30	0	0	496	496	496	496	496	1482322	1482322	.	0	.	2.7
L005411	hotspot_vntr	3890	0	0	4496	0	34	2	32	0	0	561	561	561	561	561	1110524	1110524	.	0	.	1.1
L002013	hotspot_vntr	6291	0	0	7714	0	34	2	31	0	1	561	528	528	528	528	1695359	1695359	recombination#2#chr10#5:absent	0	.	1.0
L000289	hotspot_vntr	9726	0	0	12467	0	34	2	32	0	0	561	561	561	561	561	1793982	1793982	.	0	.	1.3
L001084	hotspot_vntr	13909	0	0	15822	0	34	2	31	0	1	561	528	528	528	528	3764785	3764785	recombination#2#chr1#1:absent	0	.	1.4
L010328	hotspot_vntr	9707	0	0	11519	0	33	2	31	0	0	528	528	528	528	528	2381860	2381860	.	0	.	0.7
L009803	hotspot_vntr	4118	0	0	5358	0	34	2	30	0	2	561	496	496	496	496	827992	827992	recombination#1#chr22#7:absent;recombination#12#chr22#10:absent	0	.	0.8
L013244	hotspot_vntr	2334	0	0	2558	0	34	2	32	0	0	561	561	561	561	561	1587118	1587118	.	0	.	0.4
L011138	hotspot_vntr	10818	0	0	11653	0	33	1	32	0	0	528	528	528	528	528	3237050	3237050	.	0	.	2.2
L002143	hotspot_vntr	2352	0	0	2724	0	34	2	32	0	0	561	561	561	561	561	617063	617063	.	0	.	0.7
L007040	hotspot_vntr	8685	0	0	9125	0	34	2	13	0	19	561	105	105	105	105	370898	370898	recombination#2#chr18#1:absent;recombination#3#chr18#0:absent;recombination#4#chr18#2:absent;recombination#8#chr18#0:absent;recombination#12#chr18#0:absent;recombination#17#chr18#0:absent;recombination#18#chr18#0:absent;recombination#19#chr18#2:absent;recombination#20#chr18#1:absent;recombination#21#chr18#0:absent;recombination#23#chr18#1:absent;recombination#24#chr18#0:absent;recombination#25#chr18#0:absent;recombination#26#chr18#0:absent;recombination#27#chr18#0:absent;recombination#28#chr18#0:absent;recombination#29#chr18#1:absent;recombination#31#chr18#0:absent;recombination#32#chr18#0:absent	0	.	1.2
L008864	hotspot_vntr	5697	0	0	6979	0	34	2	32	0	0	561	561	561	561	561	1404279	1404279	.	0	.	0.7
L015347	hotspot_vntr	38014	0	0	41599	0	29	2	27	0	0	406	406	406	406	406	5536604	5536604	.	0	.	3.7
L012294	hotspot_vntr	4310	0	0	5285	0	34	2	32	0	0	561	561	561	561	561	1935096	1935096	.	0	.	0.6
L007081	hotspot_vntr	2082	0	0	2777	0	34	2	32	0	0	561	561	561	561	561	626016	626016	.	0	.	0.7
L014160	hotspot_vntr	4144	0	0	4757	0	34	2	32	0	0	561	561	561	561	561	1237231	1237231	.	0	.	1.4
L002096	hotspot_vntr	1964	0	0	2213	0	34	2	32	0	0	561	561	561	561	561	1038874	1038874	.	0	.	0.8
L015331	hotspot_vntr	3702	0	0	4490	0	34	2	32	0	0	561	561	561	561	561	1008983	1008983	.	0	.	0.7
L005481	hotspot_vntr	905	0	0	1076	0	34	2	31	0	1	561	528	528	528	528	214055	214055	recombination#1#chr16#0:absent	0	.	0.3
L014358	hotspot_vntr	1018	0	0	1276	0	34	2	32	0	0	561	561	561	561	561	514305	514305	.	0	.	0.3
L014297	hotspot_vntr	1335	0	0	1516	0	34	2	32	0	0	561	561	561	561	561	259632	259632	.	0	.	0.5
L004145	hotspot_vntr	4924	0	0	5552	0	32	1	31	0	0	496	496	496	496	496	2374543	2374543	.	0	.	1.7
L009448	hotspot_vntr	16329	0	0	20565	0	24	2	22	0	0	276	276	276	276	276	1442389	1442389	.	0	.	2.1
L000034	hotspot_vntr	3659	0	0	4337	0	34	2	31	0	1	561	528	528	528	528	865699	865699	recombination#10#chr1#5:absent	0	.	0.9
L006952	hotspot_vntr	2278	0	0	3065	0	34	2	32	0	0	561	561	561	561	561	606801	606801	.	0	.	0.4
L008216	hotspot_vntr	1079	0	0	1238	0	34	2	31	0	1	561	528	528	528	528	638117	638117	recombination#29#chr2#5:absent	0	.	0.3
L008976	hotspot_vntr	15578	0	0	18250	0	28	2	26	0	0	378	378	378	378	378	2269473	2269473	.	0	.	1.4
L014210	hotspot_vntr	3547	0	0	4067	0	34	2	32	0	0	561	561	561	561	561	1604369	1604369	.	0	.	0.6
L001264	hotspot_vntr	12955	0	0	16098	0	34	2	32	0	0	561	561	561	561	561	3348751	3348751	.	0	.	1.3
L012272	hotspot_vntr	6174	0	0	7093	0	34	2	32	0	0	561	561	561	561	561	1303741	1303741	.	0	.	33.7
L015415	hotspot_vntr	1407	0	0	1585	0	34	2	32	0	0	561	561	561	561	561	975255	975255	.	0	.	0.3
L011463	hotspot_vntr	1636	0	0	1942	0	34	2	32	0	0	561	561	561	561	561	856016	856016	.	0	.	0.5
L002182	hotspot_vntr	5129	0	0	6030	0	34	2	31	0	1	561	528	528	528	528	962261	962261	recombination#15#chr11#1:absent	0	.	0.5
L009656	hotspot_vntr	1997	0	0	2388	0	34	2	31	0	1	561	528	528	528	528	699903	699903	recombination#17#chr21#6:absent	0	.	0.4
L009398	hotspot_vntr	321	0	0	407	0	33	2	30	0	1	528	496	496	496	496	360650	360650	recombination#6#chr20#0:absent	0	.	0.2
L007376	control_vntr_matched	719	0	0	743	0	34	2	31	0	1	561	528	528	528	528	565252	565252	recombination#23#chr19#2:absent	0	.	0.4
L001894	control_vntr_matched	361	0	0	416	0	34	2	32	0	0	561	561	561	561	561	47815	47815	.	0	.	0.2
L000709	control_vntr_matched	118	0	0	121	0	34	2	32	0	0	561	561	561	561	561	66693	66693	.	0	.	0.1
L010350	control_vntr_matched	233	0	0	247	0	34	2	25	0	7	561	351	351	351	351	40570	40570	recombination#4#chr3#2:absent;recombination#5#chr3#2:absent;recombination#8#chr3#1:absent;recombination#16#chr3#1:absent;recombination#17#chr3#3:absent;recombination#25#chr3#2:absent;recombination#31#chr3#1:absent	0	.	0.1
L007172	control_vntr_matched	609	0	0	719	0	34	2	32	0	0	561	561	561	561	561	254916	254916	.	0	.	0.2
L011430	control_vntr_matched	669	0	0	775	0	34	2	32	0	0	561	561	561	561	561	100899	100899	.	0	.	0.3
L000381	control_vntr_matched	505	0	0	576	0	34	2	32	0	0	561	561	561	561	561	12785	12785	.	0	.	0.2
L007065	control_vntr_matched	156	0	0	169	0	34	2	32	0	0	561	561	561	561	561	96407	96407	.	0	.	0.2
L017325	control_vntr_matched	952	0	0	1144	0	34	2	32	0	0	561	561	561	561	561	428136	428136	.	0	.	0.3
TR101140	control_vntr_matched	2554	0	0	2990	0	33	2	31	0	0	528	528	528	528	528	784324	784324	.	0	.	0.7
TR724750	control_vntr_matched	652	0	0	704	0	34	2	32	0	0	561	561	561	561	561	29439	29439	.	0	.	0.2
L000308	control_vntr_matched	213	0	0	250	0	34	2	32	0	0	561	561	561	561	561	602119	602119	.	0	.	0.1
TR368009	control_vntr_matched	1110	0	0	1344	0	34	2	32	0	0	561	561	561	561	561	139333	139333	.	0	.	0.4
L004021	control_vntr_matched	822	0	0	883	0	34	2	32	0	0	561	561	561	561	561	191478	191478	.	0	.	0.4
L002884	control_vntr_matched	325	0	0	350	0	34	2	31	0	1	561	528	528	528	528	17685	17685	recombination#4#chr11#0:absent	0	.	0.2
L003826	control_vntr_matched	1517	0	0	1800	0	34	2	30	0	2	561	496	496	496	496	238658	238658	recombination#29#chr13#1:absent;recombination#31#chr13#10:absent	0	.	0.5
TR423938	control_vntr_matched	129	0	0	133	0	34	2	32	0	0	561	561	561	561	561	10989	10989	.	0	.	0.1
TR687433	control_vntr_matched	452	0	0	477	0	34	2	32	0	0	561	561	561	561	561	61474	61474	.	0	.	0.2
TR424743	control_vntr_matched	430	0	0	483	0	34	2	32	0	0	561	561	561	561	561	1319592	1319592	.	0	.	0.2
TR460913	control_vntr_matched	133	0	0	153	0	34	2	32	0	0	561	561	561	561	561	1770	1770	.	0	.	0.1
TR499276	control_vntr_matched	137	0	0	149	0	34	2	31	0	1	561	528	528	528	528	512	512	recombination#30#chr11#2:absent	0	.	0.1
L003872	control_vntr_matched	473	0	0	587	0	34	2	32	0	0	561	561	561	561	561	136332	136332	.	0	.	0.2
L009770	control_vntr_matched	342	0	0	365	0	34	2	31	0	1	561	528	528	528	528	67773	67773	recombination#31#chr21#5:absent	0	.	0.2
L011227	control_vntr_matched	494	0	0	567	0	34	2	32	0	0	561	561	561	561	561	100156	100156	.	0	.	0.4
TR743754	control_vntr_matched	109	0	0	123	0	34	2	32	0	0	561	561	561	561	561	65785	65785	.	0	.	0.1
L016124	control_vntr_matched	372	0	0	400	0	34	2	32	0	0	561	561	561	561	561	141946	141946	.	0	.	0.2
TR499275	control_vntr_matched	98	0	0	107	0	34	2	32	0	0	561	561	561	561	561	1910	1910	.	0	.	0.1
TR668316	control_vntr_matched	380	0	0	413	0	30	1	29	0	0	435	435	435	435	435	68160	68160	.	0	.	0.2
L015223	control_vntr_matched	281	0	0	330	0	34	2	30	0	2	561	496	496	496	496	46271	46271	recombination#24#chr7#8:absent;recombination#28#chr7#5:absent	0	.	0.2
TR455654	control_vntr_matched	118	0	0	133	0	34	2	32	0	0	561	561	561	561	561	20957	20957	.	0	.	0.1
TR687489	control_vntr_matched	185	0	0	188	0	34	2	32	0	0	561	561	561	561	561	198	198	.	0	.	0.2
L007717	control_vntr_matched	674	0	0	772	0	34	2	32	0	0	561	561	561	561	561	150800	150800	.	0	.	0.4
L014181	control_vntr_matched	706	0	0	772	0	34	2	32	0	0	561	561	561	561	561	65821	65821	.	0	.	0.4
TR573259	control_vntr_matched	568	0	0	612	0	34	2	32	0	0	561	561	561	561	561	66362	66362	.	0	.	0.2
L014111	control_vntr_matched	238	0	0	289	0	34	2	32	0	0	561	561	561	561	561	101271	101271	.	0	.	0.1
L007687	control_vntr_matched	371	0	0	459	0	34	2	32	0	0	561	561	561	561	561	105515	105515	.	0	.	0.2
L012313	control_vntr_matched	141	0	0	164	0	34	2	32	0	0	561	561	561	561	561	39830	39830	.	0	.	0.3
TR446002	control_vntr_matched	107	0	0	116	0	34	2	32	0	0	561	561	561	561	561	19734	19734	.	0	.	0.1
TR831034	control_vntr_matched	3383	0	0	3976	0	31	1	29	0	1	465	435	435	435	435	362601	362601	recombination#8#chrX#0:absent	0	.	1.0
L001899	control_vntr_matched	429	0	0	462	0	34	2	32	0	0	561	561	561	561	561	100239	100239	.	0	.	0.2
L003119	control_vntr_correct	74	0	0	78	0	34	2	31	0	1	561	528	528	528	528	35752	35752	recombination#24#chr12#0:absent	0	.	0.1
L011121	control_vntr_correct	172	0	0	198	0	34	2	32	0	0	561	561	561	561	561	59605	59605	.	0	.	0.1
L001491	control_vntr_correct	259	0	0	293	0	34	2	32	0	0	561	561	561	561	561	135467	135467	.	0	.	0.1
L011224	control_vntr_correct	405	0	0	456	0	34	2	32	0	0	561	561	561	561	561	159824	159824	.	0	.	0.2
L010508	control_vntr_correct	255	0	0	272	0	34	2	32	0	0	561	561	561	561	561	23909	23909	.	0	.	0.1
L001922	control_vntr_correct	836	0	0	871	0	34	2	32	0	0	561	561	561	561	561	429130	429130	.	0	.	0.3
L014324	control_vntr_correct	343	0	0	374	0	34	2	32	0	0	561	561	561	561	561	66557	66557	.	0	.	0.1
L014426	control_vntr_correct	98	0	0	114	0	34	2	32	0	0	561	561	561	561	561	158039	158039	.	0	.	0.1
L000407	control_vntr_correct	238	0	0	273	0	34	2	32	0	0	561	561	561	561	561	53085	53085	.	0	.	0.1
L009885	control_vntr_correct	440	0	0	499	0	34	2	32	0	0	561	561	561	561	561	136229	136229	.	0	.	0.2
L008887	control_vntr_correct	167	0	0	180	0	34	2	32	0	0	561	561	561	561	561	15707	15707	.	0	.	0.1
L013000	control_vntr_correct	412	0	0	472	0	34	2	32	0	0	561	561	561	561	561	166887	166887	.	0	.	0.2
L003672	control_vntr_correct	158	0	0	174	0	34	2	32	0	0	561	561	561	561	561	94048	94048	.	0	.	0.1
L000698	control_vntr_correct	184	0	0	207	0	34	2	32	0	0	561	561	561	561	561	52232	52232	.	0	.	0.1
L008902	control_vntr_correct	285	0	0	342	0	34	2	32	0	0	561	561	561	561	561	82313	82313	.	0	.	0.2
L015743	control_vntr_correct	90	0	0	101	0	34	2	32	0	0	561	561	561	561	561	166806	166806	.	0	.	0.1
L009771	control_vntr_correct	43	0	0	47	0	34	2	32	0	0	561	561	561	561	561	3795	3795	.	0	.	0.1
L016523	control_vntr_correct	114	0	0	130	0	34	2	32	0	0	561	561	561	561	561	39080	39080	.	0	.	0.1
L016062	control_vntr_correct	493	0	0	526	0	34	2	32	0	0	561	561	561	561	561	57449	57449	.	0	.	0.2
L013074	control_vntr_correct	115	0	0	123	0	34	2	32	0	0	561	561	561	561	561	163179	163179	.	0	.	0.1
L016884	control_vntr_correct	516	0	0	711	0	34	2	31	0	1	561	528	528	528	528	227952	227952	recombination#1#chrX#1:absent	0	.	0.2
L010113	control_vntr_correct	173	0	0	187	0	34	2	32	0	0	561	561	561	561	561	29865	29865	.	0	.	0.2
L015285	control_vntr_correct	230	0	0	237	0	34	2	32	0	0	561	561	561	561	561	59549	59549	.	0	.	0.3
L016830	control_vntr_correct	504	0	0	532	0	34	2	20	0	12	561	231	231	231	231	186526	186526	recombination#7#chr9#4:absent;recombination#9#chr9#2:absent;recombination#10#chr9#4:absent;recombination#13#chr9#4:absent;recombination#15#chr9#4:absent;recombination#18#chr9#3:absent;recombination#20#chr9#4:absent;recombination#21#chr9#5:absent;recombination#22#chr9#3:absent;recombination#24#chr9#5:absent;recombination#30#chr9#5:absent;recombination#31#chr9#3:absent	0	.	0.2
L007033	control_vntr_correct	705	0	0	715	0	34	2	32	0	0	561	561	561	561	561	132107	132107	.	0	.	0.2
L003828	hotspot_other	3706	0	0	4125	0	34	2	32	0	0	561	561	561	561	561	531715	531715	.	0	.	0.7
L015904	hotspot_other	4220	0	0	5443	0	34	2	32	0	0	561	561	561	561	561	1089583	1089583	.	0	.	0.6
L015847	hotspot_other	1699	0	0	2002	0	34	2	32	0	0	561	561	561	561	561	269483	269483	.	0	.	0.5
L016870	hotspot_other	4589	0	0	4980	0	34	2	22	0	10	561	276	276	276	276	161030	161030	recombination#3#chrX#1:absent;recombination#10#chrX#0:absent;recombination#14#chrX#0:absent;recombination#16#chrX#0:absent;recombination#19#chrX#2:absent;recombination#22#chrX#0:absent;recombination#27#chrX#0:absent;recombination#28#chrX#0:absent;recombination#30#chrX#0:absent;recombination#32#chrX#0:absent	0	.	0.3
L008877	hotspot_other	4144	0	0	5178	0	34	2	32	0	0	561	561	561	561	561	1070529	1070529	.	0	.	0.7
L012256	hotspot_other	1033	0	0	1195	0	34	2	32	0	0	561	561	561	561	561	1059008	1059008	.	0	.	0.3
L004989	hotspot_other	748	0	0	977	0	34	2	31	0	1	561	528	528	528	528	222740	222740	recombination#28#chr15#4:absent	0	.	0.2
L007798	hotspot_other	6078	0	0	7398	0	34	2	32	0	0	561	561	561	561	561	1902873	1902873	.	0	.	0.6
L013531	hotspot_other	1315	0	0	1589	0	34	2	32	0	0	561	561	561	561	561	298809	298809	.	0	.	0.2
L005261	hotspot_other	885	0	0	1169	0	34	2	31	0	1	561	528	528	528	528	286571	286571	recombination#2#chr15#11:absent	0	.	0.2
L005618	hotspot_other	2730	0	0	3677	0	34	2	31	0	1	561	528	528	528	528	595724	595724	recombination#4#chr16#1:absent	0	.	0.6
L012489	hotspot_other	690	0	0	876	0	34	2	29	0	3	561	465	465	465	465	247135	247135	recombination#14#chr5#2:absent;recombination#22#chr5#0:absent;recombination#24#chr5#1:absent	0	.	0.3
L007844	hotspot_other	3620	0	0	4955	0	34	2	32	0	0	561	561	561	561	561	903782	903782	.	0	.	0.8
L007161	hotspot_other	1673	0	0	1862	0	34	2	32	0	0	561	561	561	561	561	858370	858370	.	0	.	0.5
L015126	hotspot_other	2593	0	0	3317	0	34	2	32	0	0	561	561	561	561	561	507256	507256	.	0	.	0.5
L010060	hotspot_other	790	0	0	967	0	34	2	31	0	1	561	528	528	528	528	312467	312467	recombination#21#chr22#12:absent	0	.	0.2
L004848	hotspot_other	2050	0	0	2645	0	34	2	32	0	0	561	561	561	561	561	351280	351280	.	0	.	0.4
L007480	hotspot_other	1032	0	0	1229	0	34	2	32	0	0	561	561	561	561	561	358506	358506	.	0	.	0.2
L005064	hotspot_other	1467	0	0	1723	0	34	2	31	0	1	561	528	528	528	528	365136	365136	recombination#5#chr15#4:absent	0	.	0.3
L003695	hotspot_other	500	0	0	636	0	34	2	32	0	0	561	561	561	561	561	226126	226126	.	0	.	0.2
L013064	hotspot_other	886	0	0	1097	0	34	2	32	0	0	561	561	561	561	561	233064	233064	.	0	.	0.3
L002940	hotspot_other	766	0	0	994	0	34	2	32	0	0	561	561	561	561	561	399198	399198	.	0	.	0.2
L007184	hotspot_other	234	0	0	287	0	34	2	31	0	1	561	528	528	528	528	112693	112693	recombination#4#chr19#6:absent	0	.	0.1
L015708	hotspot_other	431	0	0	500	0	34	2	32	0	0	561	561	561	561	561	129842	129842	.	0	.	0.2
L016040	control_nontr_sv	35	0	0	41	0	34	2	32	0	0	561	561	561	561	561	18938	18938	.	0	.	0.0
L010452	control_nontr_sv	28	0	0	30	0	34	2	32	0	0	561	561	561	561	561	3904	3904	.	0	.	0.0
L013399	control_nontr_sv	15	0	0	16	0	34	2	32	0	0	561	561	561	561	561	162273	162273	.	0	.	0.1
L000506	control_nontr_sv	34	0	0	37	0	34	2	32	0	0	561	561	561	561	561	93574	93574	.	0	.	0.1
L003171	control_nontr_sv	42	0	0	45	0	34	2	32	0	0	561	561	561	561	561	11055	11055	.	0	.	0.0
L006556	control_nontr_sv	45	0	0	49	0	34	2	31	0	1	561	528	528	528	528	83552	83552	recombination#2#chr17#3:absent	0	.	0.1
L017097	control_nontr_sv	71	0	0	88	0	34	2	32	0	0	561	561	561	561	561	235527	235527	.	0	.	0.0
L009600	control_nontr_sv	30	0	0	30	0	34	2	32	0	0	561	561	561	561	561	3465	3465	.	0	.	0.0
L007192	control_nontr_sv	45	0	0	54	0	34	2	32	0	0	561	561	561	561	561	50510	50510	.	0	.	0.1
L008631	control_nontr_sv	35	0	0	41	0	34	2	32	0	0	561	561	561	561	561	56196	56196	.	0	.	0.0
L012530	control_nontr_sv	40	0	0	47	0	34	2	32	0	0	561	561	561	561	561	35522	35522	.	0	.	0.1
L005688	control_nontr_sv	145	0	0	187	0	34	2	32	0	0	561	561	561	561	561	55920	55920	.	0	.	0.3
L011931	control_nontr_sv	72	0	0	82	0	34	2	32	0	0	561	561	561	561	561	245038	245038	.	0	.	0.1
L004620	control_nontr_sv	34	0	0	37	0	34	2	32	0	0	561	561	561	561	561	89703	89703	.	0	.	0.0
L014899	control_nontr_sv	19	0	0	20	0	34	2	32	0	0	561	561	561	561	561	14688	14688	.	0	.	0.0
L001527	control_nontr_sv	58	0	0	76	0	34	2	32	0	0	561	561	561	561	561	67675	67675	.	0	.	0.1
L002292	control_nontr_sv	59	0	0	67	0	34	2	32	0	0	561	561	561	561	561	421071	421071	.	0	.	0.1
L009283	control_nontr_sv	45	0	0	49	0	34	2	32	0	0	561	561	561	561	561	39193	39193	.	0	.	0.1
L003883	control_nontr_sv	82	0	0	90	0	34	2	32	0	0	561	561	561	561	561	834455	834455	.	0	.	0.0
L016274	control_nontr_sv	28	0	0	29	0	34	2	32	0	0	561	561	561	561	561	147785	147785	.	0	.	0.1
