region_id	stratum	contig	span_bp	chm13_bp	n_hap32	n_hap32_sampled	n_hap32_distinct	hprc_spanning	hprc_not_spanning	hprc_beyond_456	walks_left_anchor_only	walks_right_anchor_only	walks_anchor_other	reference_removed	chm13_walk_weight_before	gref_fragments_in_span	gref_fragments_with_anchor	gref_copy_equals_chm13	grch38_spanning_in_graph	panel_distinct_seqs	panel_distinct_walks	union_distinct_seqs	hap32_sampled_verbatim_seq	hap32_sampled_verbatim_walk	hap32_not_verbatim	hap32_not_verbatim_kinds	hap32_not_verbatim_why	distinct_bp_max	distinct_bp_min	distinct_bp_total	distinct_N_bp	distinct_seqs_with_N	panel_haplotypes_with_N	hap32_sampled_top_seq_share
L001909	hotspot_vntr	chr10	15660	15660	34	32	34	455	1	0	0	1	0	CHM13;gref_CHM13;GRCh38#0#chr10[47881460]	2	94	0	True	1	446	446	470	10	10	22	junction=22	recombination#2#chr10#5:junction;recombination#4#chr10#2:junction;recombination#5#chr10#4:junction;recombination#7#chr10#10:junction;recombination#8#chr10#3:junction;recombination#10#chr10#4:junction;recombination#11#chr10#5:junction;recombination#12#chr10#5:junction;recombination#14#chr10#6:junction;recombination#15#chr10#4:junction;recombination#16#chr10#3:junction;recombination#18#chr10#2:junction;recombination#19#chr10#4:junction;recombination#20#chr10#4:junction;recombination#21#chr10#4:junction;recombination#23#chr10#7:junction;recombination#24#chr10#6:junction;recombination#25#chr10#5:junction;recombination#26#chr10#5:junction;recombination#28#chr10#7:junction;recombination#31#chr10#6:junction;recombination#32#chr10#8:junction	37894	5784	6023977	0	0	0	0.007
L009000	hotspot_vntr	chr20	14411	14411	34	32	34	454	2	0	1	1	0	CHM13;gref_CHM13;GRCh38#0#chr20[60296]	2	51	0	True	1	448	448	450	32	32	0	.	.	18316	690	2121049	0	0	0	0.009
L007009	hotspot_vntr	chr18	15479	15479	34	32	27	445	11	0	1	11	0	CHM13;gref_CHM13;GRCh38#0#chr18[47021993]	2	80	0	True	1	283	283	294	19	19	13	junction=13	recombination#2#chr18#1:junction;recombination#4#chr18#2:junction;recombination#13#chr18#1:junction;recombination#14#chr18#0:junction;recombination#16#chr18#0:junction;recombination#18#chr18#0:junction;recombination#19#chr18#2:junction;recombination#20#chr18#1:junction;recombination#24#chr18#0:junction;recombination#25#chr18#0:junction;recombination#28#chr18#0:junction;recombination#29#chr18#1:junction;recombination#32#chr18#0:junction	43026	1198	3268777	0	0	0	0.261
L009658	hotspot_vntr	chr21	10831	10831	32	31	31	415	41	0	2	41	0	CHM13;gref_CHM13	2	80	0	True	0	376	376	377	31	31	0	.	.	17197	2439	2531568	0	0	0	0.007
L005990	hotspot_vntr	chr17	6577	6577	32	31	32	406	50	0	51	1	0	CHM13;gref_CHM13	2	28	0	True	0	367	367	368	31	31	0	.	.	11718	5072	2672223	0	0	0	0.012
L012184	hotspot_vntr	chr4	4759	4759	32	30	31	445	11	0	9	12	0	CHM13;gref_CHM13;GRCh38#0#chr4[58921381]	48	204	0	True	1	363	363	364	30	30	0	.	.	39585	2213	3145535	5311	2	2	0.103
L005411	hotspot_vntr	chr16	6353	6353	34	32	33	454	2	0	0	2	0	CHM13;gref_CHM13;GRCh38#0#chr16[10032]	2	37	0	True	1	419	419	421	32	32	0	.	.	9404	1566	2302412	0	0	0	0.035
L002013	hotspot_vntr	chr10	4381	4381	34	32	32	454	2	0	2	2	0	CHM13;gref_CHM13;GRCh38#0#chr10[47881460]	2	118	0	True	1	445	445	447	31	31	1	copy_of_CHM13=1	recombination#2#chr10#5:copy_of_CHM13	26016	907	2327208	0	0	0	0.004
L000289	hotspot_vntr	chr1	5787	5787	34	32	34	434	22	0	7	16	0	CHM13;gref_CHM13;GRCh38#0#chr1[16850179]	2	43	0	True	1	434	434	436	32	32	0	.	.	29871	909	2412627	0	0	0	0.002
L001084	hotspot_vntr	chr1	8972	8972	34	32	33	427	29	0	28	26	0	CHM13;gref_CHM13;GRCh38#0#chr1[228644567]	2	209	0	True	1	426	426	428	31	31	1	copy_of_CHM13=1	recombination#2#chr1#1:copy_of_CHM13	55900	3144	4436256	0	0	0	0.005
L010328	hotspot_vntr	chr3	2940	2940	33	31	29	449	7	0	3	5	0	CHM13;gref_CHM13;GRCh38#0#chr3[10994]	3	89	0	True	1	392	392	393	31	31	0	.	.	20051	934	1571507	0	0	0	0.009
L009803	hotspot_vntr	chr22	5127	5127	34	32	30	455	1	0	1	0	0	CHM13;gref_CHM13;GRCh38#0#chr22[16330551]	2	9	0	True	1	440	440	442	30	30	2	copy_of_CHM13=1;copy_of_GRCh38=1	recombination#1#chr22#7:copy_of_CHM13;recombination#12#chr22#10:copy_of_GRCh38	7048	618	1475165	0	0	0	0.007
L013244	hotspot_vntr	chr5	5890	5890	34	32	17	419	37	0	35	2	0	CHM13;gref_CHM13;GRCh38#0#chr5[50128892]	16	50	0	True	1	189	189	190	32	32	0	.	.	19476	1090	1068948	0	0	0	0.15
L011138	hotspot_vntr	chr4	12558	12558	33	32	28	432	24	0	25	3	0	CHM13;gref_CHM13	2	126	0	True	0	362	362	363	32	32	0	.	.	27744	1901	4437691	0	0	0	0.016
L002143	hotspot_vntr	chr11	7402	7402	34	32	23	386	70	0	63	7	0	CHM13;gref_CHM13;GRCh38#0#chr11[60000]	2	38	0	True	1	190	190	192	32	32	0	.	.	11956	4165	1412620	0	0	0	0.07
L007040	hotspot_vntr	chr18	19420	19420	34	32	27	454	2	0	2	0	0	CHM13;gref_CHM13;GRCh38#0#chr18[47021993]	2	89	0	True	1	353	353	371	13	13	19	junction=19	recombination#2#chr18#1:junction;recombination#3#chr18#0:junction;recombination#4#chr18#2:junction;recombination#8#chr18#0:junction;recombination#12#chr18#0:junction;recombination#17#chr18#0:junction;recombination#18#chr18#0:junction;recombination#19#chr18#2:junction;recombination#20#chr18#1:junction;recombination#21#chr18#0:junction;recombination#23#chr18#1:junction;recombination#24#chr18#0:junction;recombination#25#chr18#0:junction;recombination#26#chr18#0:junction;recombination#27#chr18#0:junction;recombination#28#chr18#0:junction;recombination#29#chr18#1:junction;recombination#31#chr18#0:junction;recombination#32#chr18#0:junction	42606	2262	4136853	0	0	0	0.037
L008864	hotspot_vntr	chr2	2131	2131	34	32	28	453	3	0	2	1	0	CHM13;gref_CHM13;GRCh38#0#chr2[110276238]	2	65	0	True	1	340	340	342	32	32	0	.	.	11333	917	1154582	0	0	0	0.071
L015347	hotspot_vntr	chr7	19125	19125	29	27	29	371	85	0	84	56	0	CHM13;gref_CHM13;GRCh38#0#chr7[143718445]	2	376	0	True	1	368	368	370	27	27	0	.	.	60834	1256	6484298	578	2	2	0.005
L012294	hotspot_vntr	chr5	3586	3586	34	32	33	454	2	0	2	2	0	CHM13;gref_CHM13;GRCh38#0#chr5[11214]	2	40	0	True	1	447	447	449	32	32	0	.	.	24260	649	1621461	0	0	0	0.004
L007081	hotspot_vntr	chr19	1493	1493	34	32	33	446	10	0	8	0	0	CHM13;gref_CHM13;GRCh38#0#chr19[60000]	2	33	0	True	1	431	431	432	32	32	0	.	.	12900	704	1155052	0	0	0	0.007
L014160	hotspot_vntr	chr6	7998	7998	34	32	34	453	3	0	0	3	0	CHM13;gref_CHM13;GRCh38#0#chr6[95070812]	2	28	0	True	1	430	430	432	32	32	0	.	.	10415	1938	3318739	0	0	0	0.007
L002096	hotspot_vntr	chr11	2879	2879	34	32	33	454	2	0	2	0	0	CHM13;gref_CHM13;GRCh38#0#chr11[60000]	2	21	0	True	1	279	279	280	32	32	0	.	.	7807	1103	1044576	0	0	0	0.17
L015331	hotspot_vntr	chr7	4307	4307	34	32	30	453	3	0	2	1	0	CHM13;gref_CHM13;GRCh38#0#chr7[143718445]	5	37	0	True	1	372	372	373	32	32	0	.	.	8709	1542	1564789	0	0	0	0.029
L005481	hotspot_vntr	chr16	3018	3018	34	32	23	454	2	0	1	1	0	CHM13;gref_CHM13;GRCh38#0#chr16[10032]	4	13	0	True	1	231	231	232	31	31	1	copy_of_GRCh38=1	recombination#1#chr16#0:copy_of_GRCh38	5351	1141	706677	0	0	0	0.143
L014358	hotspot_vntr	chr7	1419	1419	34	32	31	450	6	0	5	1	0	CHM13;gref_CHM13;GRCh38#0#chr7[10275]	2	13	0	True	1	350	350	352	32	32	0	.	.	4410	673	616639	0	0	0	0.022
L014297	hotspot_vntr	chr6	3012	3012	34	32	15	455	1	0	1	1	0	CHM13;gref_CHM13;GRCh38#0#chr6[167641449]	2	41	0	True	1	297	297	299	32	32	0	.	.	8151	921	1039594	0	0	0	0.048
L004145	hotspot_vntr	chr13	15607	15607	32	31	31	456	0	0	1	1	0	CHM13;gref_CHM13	2	45	0	True	0	435	435	436	31	31	0	.	.	15861	6341	6392192	0	0	0	0.007
L009448	hotspot_vntr	chr20	7487	7487	24	22	24	410	46	0	42	43	0	CHM13;gref_CHM13;GRCh38#0#chr20[31157400]	2	54	0	True	1	403	403	405	22	22	0	.	.	19789	1223	3088807	266	2	2	0.005
L000034	hotspot_vntr	chr1	3169	3169	34	32	32	447	9	0	1	8	0	CHM13;gref_CHM13;GRCh38#0#chr1[585988]	2	71	0	True	1	392	392	394	31	31	1	copy_of_GRCh38=1	recombination#10#chr1#5:copy_of_GRCh38	9528	1369	1775987	0	0	0	0.018
L006952	hotspot_vntr	chr18	2403	2403	34	32	28	455	1	0	1	0	0	CHM13;gref_CHM13;GRCh38#0#chr18[47021993]	2	8	0	True	1	309	309	310	32	32	0	.	.	3903	663	525197	0	0	0	0.185
L008216	hotspot_vntr	chr2	2993	2993	34	32	21	447	9	0	8	1	0	CHM13;gref_CHM13;GRCh38#0#chr2[97490674]	5	24	0	True	1	203	203	204	31	31	1	copy_of_GRCh38=1	recombination#29#chr2#5:copy_of_GRCh38	6038	1181	599076	0	0	0	0.085
L008976	hotspot_vntr	chr2	5631	5631	28	26	28	442	14	0	2	3	0	CHM13;gref_CHM13;GRCh38#0#chr2[110276238]	2	99	0	True	1	432	432	434	26	26	0	.	.	37803	763	3167440	0	0	0	0.011
L014210	hotspot_vntr	chr6	6321	6321	34	32	13	454	2	0	1	2	0	CHM13;gref_CHM13;GRCh38#0#chr6[167641449]	9	40	0	True	1	205	205	206	32	32	0	.	.	11229	716	1140446	0	0	0	0.123
L001264	hotspot_vntr	chr10	6906	6906	34	32	34	454	2	0	1	1	0	CHM13;gref_CHM13;GRCh38#0#chr10[12665]	2	24	0	True	1	437	437	439	32	32	0	.	.	25102	680	2312796	0	0	0	0.009
L012272	hotspot_vntr	chr5	55376	55376	34	32	31	457	0	1	0	0	0	CHM13;gref_CHM13;GRCh38#0#chr5[11214]	2	50	0	True	1	404	404	406	32	32	0	.	.	115456	50570	21556232	0	0	0	0.015
L015415	hotspot_vntr	chr8	2913	2913	34	32	14	456	0	0	0	1	0	CHM13;gref_CHM13;GRCh38#0#chr8[205600]	3	30	0	True	1	222	222	222	32	32	0	.	.	9007	1163	771539	0	0	0	0.14
L011463	hotspot_vntr	chr4	5878	5878	34	32	27	454	2	0	1	1	0	CHM13;gref_CHM13;GRCh38#0#chr4[31832888]	2	21	0	True	1	384	384	386	32	32	0	.	.	6570	3843	2140618	0	0	0	0.024
L002182	hotspot_vntr	chr11	2388	2388	34	32	32	448	8	0	1	0	0	CHM13;gref_CHM13;GRCh38#0#chr11[60000]	2	28	0	True	1	406	406	408	31	31	1	copy_of_GRCh38=1	recombination#15#chr11#1:copy_of_GRCh38	8436	768	1165103	0	0	0	0.013
L009656	hotspot_vntr	chr21	5039	5039	34	32	26	440	16	0	0	16	0	CHM13;gref_CHM13;GRCh38#0#chr21[12965808]	2	28	0	True	1	248	248	250	31	31	1	copy_of_GRCh38=1	recombination#17#chr21#6:copy_of_GRCh38	6994	1032	1229647	0	0	0	0.095
L009398	hotspot_vntr	chr20	1951	1951	33	31	25	455	1	0	1	0	0	CHM13;gref_CHM13;GRCh38#0#chr20[31157400]	2	4	0	True	1	165	165	166	30	30	1	copy_of_CHM13=1	recombination#6#chr20#0:copy_of_CHM13	4276	744	273231	0	0	0	0.103
L007376	control_vntr_matched	chr19	19353	19353	34	32	9	453	3	0	0	3	0	CHM13;gref_CHM13;GRCh38#0#chr19[27241209]	48	3	0	True	1	148	148	149	31	31	1	copy_of_GRCh38=1	recombination#23#chr19#2:copy_of_GRCh38	21229	2083	2818672	0	0	0	0.135
L001894	control_vntr_matched	chr10	6461	6461	34	32	5	453	3	0	1	2	0	CHM13;gref_CHM13;GRCh38#0#chr10[47881460]	98	4	0	True	1	83	83	84	32	32	0	.	.	6809	4356	543819	0	0	0	0.263
L000709	control_vntr_matched	chr1	6261	6261	34	32	3	451	5	0	2	3	0	CHM13;gref_CHM13;GRCh38#0#chr1[149350977]	188	0	0	True	1	46	46	46	32	32	0	.	.	6261	6030	286170	0	0	0	0.41
L010350	control_vntr_matched	chr3	7377	7377	34	32	11	452	4	0	0	4	0	CHM13;gref_CHM13;GRCh38#0#chr3[10994]	235	3	0	True	1	70	70	74	25	25	7	junction=7	recombination#4#chr3#2:junction;recombination#5#chr3#2:junction;recombination#8#chr3#1:junction;recombination#16#chr3#1:junction;recombination#17#chr3#3:junction;recombination#25#chr3#2:junction;recombination#31#chr3#1:junction	7702	6659	548891	0	0	0	0.515
L007172	control_vntr_matched	chr19	3009	3009	34	32	11	455	1	0	1	0	0	CHM13;gref_CHM13;GRCh38#0#chr19[60000]	89	8	0	True	1	140	140	141	32	32	0	.	.	3768	1973	453330	0	0	0	0.191
L011430	control_vntr_matched	chr4	3231	3231	34	32	13	456	0	0	0	0	0	CHM13;gref_CHM13;GRCh38#0#chr4[31832888]	2	3	0	True	1	159	159	161	32	32	0	.	.	3356	2844	513277	0	0	0	0.112
L000381	control_vntr_matched	chr1	6949	6949	34	32	8	424	32	0	30	2	0	CHM13;gref_CHM13;GRCh38#0#chr1[16850179]	7	3	0	True	1	98	98	99	32	32	0	.	.	7149	6941	699136	0	0	0	0.177
L007065	control_vntr_matched	chr18	4254	4254	34	32	9	449	7	0	6	1	0	CHM13;gref_CHM13;GRCh38#0#chr18[47021993]	49	1	0	True	1	48	48	49	32	32	0	.	.	4321	2180	206173	0	0	0	0.298
L017325	control_vntr_matched	chrX	6845	6845	34	32	24	339	117	0	3	0	0	CHM13;gref_CHM13;GRCh38#0#chrX[144475636]	2	7	0	True	1	195	195	196	32	32	0	.	.	6845	980	812083	0	0	0	0.065
TR101140	control_vntr_matched	chr2	7400	7400	33	31	12	455	1	0	0	0	0	CHM13;gref_CHM13;GRCh38#0#chr2[110276238]	135	11	0	True	1	147	147	147	31	31	0	.	.	10668	3312	1085021	0	0	0	0.292
TR724750	control_vntr_matched	chr18	2978	2978	34	32	4	456	0	0	0	0	0	CHM13;gref_CHM13;GRCh38#0#chr18[47021993]	123	9	0	True	1	76	76	76	32	32	0	.	.	3731	1055	229488	0	0	0	0.265
L000308	control_vntr_matched	chr1	4108	4108	34	32	9	453	3	0	1	0	0	CHM13;gref_CHM13;GRCh38#0#chr1[16850179]	59	1	0	True	1	57	57	58	32	32	0	.	.	4123	2548	204496	0	0	0	0.263
TR368009	control_vntr_matched	chr7	10964	10964	34	32	6	453	3	0	1	1	0	CHM13;gref_CHM13;GRCh38#0#chr7[62510243]	11	5	0	True	1	114	114	114	32	32	0	.	.	13796	7076	1357701	0	0	0	0.196
L004021	control_vntr_matched	chr13	7737	7737	34	32	20	417	39	0	3	36	0	CHM13;gref_CHM13;GRCh38#0#chr13[18408106]	7	3	0	True	1	232	232	233	32	32	0	.	.	11089	5456	1767348	0	0	0	0.089
L002884	control_vntr_matched	chr11	3786	3786	34	32	12	454	2	0	2	0	0	CHM13;gref_CHM13;GRCh38#0#chr11[88003784]	7	1	0	True	1	111	111	112	31	31	1	copy_of_GRCh38=1	recombination#4#chr11#0:copy_of_GRCh38	4146	3659	443262	0	0	0	0.17
L003826	control_vntr_matched	chr13	3461	3461	34	32	33	456	0	0	0	0	0	CHM13;gref_CHM13;GRCh38#0#chr13[18408106]	2	11	0	True	1	409	409	412	30	30	2	copy_of_CHM13=1;junction=1	recombination#29#chr13#1:junction;recombination#31#chr13#10:copy_of_CHM13	3856	1261	1358671	0	0	0	0.015
TR423938	control_vntr_matched	chr8	2256	2256	34	32	3	446	10	0	7	3	0	CHM13;gref_CHM13;GRCh38#0#chr8[85739432]	255	4	0	True	1	41	41	42	32	32	0	.	.	3102	1374	93890	0	0	0	0.567
TR687433	control_vntr_matched	chr17	3352	3352	34	32	4	276	180	0	0	179	0	CHM13;gref_CHM13;GRCh38#0#chr17[489049]	74	9	0	True	1	47	47	47	32	32	0	.	.	4912	2507	143901	0	0	0	0.257
TR424743	control_vntr_matched	chr8	3571	3571	34	32	19	365	91	0	2	89	0	CHM13;gref_CHM13;GRCh38#0#chr8[85739432]	65	6	0	True	1	95	95	96	32	32	0	.	.	18254	3057	612449	0	0	0	0.173
TR460913	control_vntr_matched	chr10	1313	1313	34	32	7	438	18	0	17	1	0	CHM13;gref_CHM13;GRCh38#0#chr10[12665]	246	4	0	True	1	42	42	42	32	32	0	.	.	1505	885	54618	0	0	0	0.557
TR499276	control_vntr_matched	chr11	4483	4483	34	32	5	453	3	0	2	1	0	CHM13;gref_CHM13;GRCh38#0#chr11[60000]	140	0	0	True	1	64	64	65	31	31	1	junction=1	recombination#30#chr11#2:junction	4484	4482	291404	0	0	0	0.305
L003872	control_vntr_matched	chr13	2955	2955	34	32	7	454	2	0	0	2	0	CHM13;gref_CHM13;GRCh38#0#chr13[18408106]	80	0	0	True	1	89	89	89	32	32	0	.	.	2959	1869	257164	0	0	0	0.181
L009770	control_vntr_matched	chr21	4682	4682	34	32	7	377	79	0	1	8	0	CHM13;gref_CHM13;GRCh38#0#chr21[43262796]	24	6	0	True	1	87	87	88	31	31	1	junction=1	recombination#31#chr21#5:junction	5730	2577	356000	0	0	0	0.273
L011227	control_vntr_matched	chr4	3613	3613	34	32	11	411	45	0	46	0	0	CHM13;gref_CHM13;GRCh38#0#chr4[1442046]	54	2	0	True	1	81	81	81	32	32	0	.	.	4362	2718	284242	0	0	0	0.265
TR743754	control_vntr_matched	chr19	2923	2923	34	32	9	455	1	0	1	0	0	CHM13;gref_CHM13;GRCh38#0#chr19[60000]	128	1	0	True	1	42	42	42	32	32	0	.	.	3007	1159	120504	0	0	0	0.277
L016124	control_vntr_matched	chr8	3725	3725	34	32	6	454	2	0	2	0	0	CHM13;gref_CHM13;GRCh38#0#chr8[85739432]	212	3	0	True	1	50	50	50	32	32	0	.	.	4004	3310	185210	0	0	0	0.46
TR499275	control_vntr_matched	chr11	4345	4345	34	32	4	455	1	0	1	0	0	CHM13;gref_CHM13;GRCh38#0#chr11[60000]	63	1	0	True	1	45	45	45	32	32	0	.	.	4471	4199	195217	0	0	0	0.209
TR668316	control_vntr_matched	chr16	3063	3063	30	29	13	393	63	0	1	1	0	CHM13;gref_CHM13	107	6	0	True	0	123	123	123	29	29	0	.	.	4188	2433	380931	0	0	0	0.267
L015223	control_vntr_matched	chr7	2752	2752	34	32	4	455	1	0	0	1	0	CHM13;gref_CHM13;GRCh38#0#chr7[143718445]	4	2	0	True	1	78	78	80	30	30	2	junction=2	recombination#24#chr7#8:junction;recombination#28#chr7#5:junction	4987	2575	275635	0	0	0	0.178
TR455654	control_vntr_matched	chr9	2403	2403	34	32	7	453	3	0	1	2	0	CHM13;gref_CHM13;GRCh38#0#chr9[68220832]	77	0	0	True	1	52	52	53	32	32	0	.	.	2441	1887	126887	0	0	0	0.192
TR687489	control_vntr_matched	chr17	2731	2731	34	32	2	448	8	0	8	0	0	CHM13;gref_CHM13;GRCh38#0#chr17[489049]	104	2	0	True	1	53	53	53	32	32	0	.	.	4247	2282	146146	0	0	0	0.422
L007717	control_vntr_matched	chr2	4426	4426	34	32	21	454	2	0	1	1	0	CHM13;gref_CHM13;GRCh38#0#chr2[10262]	4	5	0	True	1	126	126	127	32	32	0	.	.	6165	2746	529440	0	0	0	0.143
L014181	control_vntr_matched	chr6	3784	3784	34	32	5	451	5	0	4	1	0	CHM13;gref_CHM13;GRCh38#0#chr6[95070812]	3	12	0	True	1	94	94	95	32	32	0	.	.	7223	2549	398579	0	0	0	0.164
TR573259	control_vntr_matched	chr12	2919	2919	34	32	4	454	2	0	1	1	0	CHM13;gref_CHM13;GRCh38#0#chr12[37246549]	85	17	0	True	1	84	84	84	32	32	0	.	.	6619	2825	322923	0	0	0	0.416
L014111	control_vntr_matched	chr6	4216	4216	34	32	4	456	0	0	0	0	0	CHM13;gref_CHM13;GRCh38#0#chr6[95070812]	153	1	0	True	1	46	46	46	32	32	0	.	.	4239	4001	192588	0	0	0	0.331
L007687	control_vntr_matched	chr2	2645	2645	34	32	10	456	0	0	1	0	0	CHM13;gref_CHM13;GRCh38#0#chr2[10262]	21	7	0	True	1	47	47	47	32	32	0	.	.	2815	1214	119484	0	0	0	0.428
L012313	control_vntr_matched	chr5	3199	3199	34	32	14	428	28	0	28	1	0	CHM13;gref_CHM13;GRCh38#0#chr5[11214]	3	2	0	True	1	65	65	65	32	32	0	.	.	3508	3138	210224	0	0	0	0.168
TR446002	control_vntr_matched	chr9	2314	2314	34	32	5	415	41	0	27	14	0	CHM13;gref_CHM13;GRCh38#0#chr9[68220832]	67	0	0	True	1	33	33	34	32	32	0	.	.	2324	1830	78040	0	0	0	0.369
TR831034	control_vntr_matched	chrX	6904	6904	31	30	27	341	115	0	1	1	0	CHM13;gref_CHM13	2	23	0	True	0	321	321	322	29	29	1	copy_of_CHM13=1	recombination#8#chrX#0:copy_of_CHM13	7462	6432	2219717	0	0	0	0.012
L001899	control_vntr_matched	chr10	1959	1959	34	32	9	454	2	0	1	1	0	CHM13;gref_CHM13;GRCh38#0#chr10[47881460]	70	21	0	True	1	121	121	122	32	32	0	.	.	4197	1209	260804	0	0	0	0.15
L003119	control_vntr_correct	chr12	2909	2909	34	32	6	405	51	0	50	1	0	CHM13;gref_CHM13;GRCh38#0#chr12[10526]	2	0	0	True	1	41	41	42	31	31	1	copy_of_CHM13=1	recombination#24#chr12#0:copy_of_CHM13	2909	1804	77055	0	0	0	0.195
L011121	control_vntr_correct	chr4	2551	2551	34	32	10	454	2	0	1	1	0	CHM13;gref_CHM13;GRCh38#0#chr4[10191]	82	3	0	True	1	53	53	54	32	32	0	.	.	3090	2166	152856	0	0	0	0.205
L001491	control_vntr_correct	chr10	1217	1217	34	32	9	447	9	0	7	2	0	CHM13;gref_CHM13;GRCh38#0#chr10[12665]	83	1	0	True	1	50	50	50	32	32	0	.	.	1668	1091	69620	0	0	0	0.253
L011224	control_vntr_correct	chr4	2577	2577	34	32	13	455	1	0	0	1	0	CHM13;gref_CHM13;GRCh38#0#chr4[1442046]	60	4	0	True	1	125	125	126	32	32	0	.	.	3169	2289	353630	0	0	0	0.127
L010508	control_vntr_correct	chr3	3528	3528	34	32	11	451	5	0	3	2	0	CHM13;gref_CHM13;GRCh38#0#chr3[10994]	2	2	0	True	1	74	74	75	32	32	0	.	.	3633	3282	267553	0	0	0	0.177
L001922	control_vntr_correct	chr10	3542	3542	34	32	12	452	4	0	1	3	0	CHM13;gref_CHM13;GRCh38#0#chr10[47881460]	20	17	0	True	1	106	106	107	32	32	0	.	.	15836	1060	345641	0	0	0	0.119
L014324	control_vntr_correct	chr6	2514	2514	34	32	6	454	2	0	1	1	0	CHM13;gref_CHM13;GRCh38#0#chr6[167641449]	11	8	0	True	1	59	59	59	32	32	0	.	.	4083	1649	163695	0	0	0	0.3
L014426	control_vntr_correct	chr7	1886	1886	34	32	9	454	2	0	1	1	0	CHM13;gref_CHM13;GRCh38#0#chr7[10275]	6	0	0	True	1	41	41	42	32	32	0	.	.	1890	1359	76770	0	0	0	0.28
L000407	control_vntr_correct	chr1	2722	2722	34	32	9	450	6	0	1	5	0	CHM13;gref_CHM13;GRCh38#0#chr1[16850179]	69	3	0	True	1	83	83	84	32	32	0	.	.	3088	2270	234218	0	0	0	0.176
L009885	control_vntr_correct	chr22	4169	4169	34	32	17	367	89	0	0	90	0	CHM13;gref_CHM13;GRCh38#0#chr22[18715724]	2	4	0	True	1	210	210	212	32	32	0	.	.	4297	494	852024	0	0	0	0.041
L008887	control_vntr_correct	chr2	2592	2592	34	32	7	444	12	0	11	1	0	CHM13;gref_CHM13;GRCh38#0#chr2[110276238]	6	4	0	True	1	56	56	56	32	32	0	.	.	4227	1444	161367	0	0	0	0.221
L013000	control_vntr_correct	chr5	4280	4280	34	32	22	456	0	0	0	0	0	CHM13;gref_CHM13;GRCh38#0#chr5[50128892]	2	3	0	True	1	173	173	174	32	32	0	.	.	4926	9	636330	0	0	0	0.118
L003672	control_vntr_correct	chr12	2583	2583	34	32	7	451	5	0	4	1	0	CHM13;gref_CHM13;GRCh38#0#chr12[37246549]	189	2	0	True	1	58	58	58	32	32	0	.	.	2602	2221	141935	0	0	0	0.412
L000698	control_vntr_correct	chr1	3490	3490	34	32	9	356	100	0	1	99	0	CHM13;gref_CHM13;GRCh38#0#chr1[149350977]	4	2	0	True	1	87	87	87	32	32	0	.	.	4403	3486	374524	0	0	0	0.272
L008902	control_vntr_correct	chr2	2816	2816	34	32	7	451	5	0	1	2	0	CHM13;gref_CHM13;GRCh38#0#chr2[110276238]	93	3	0	True	1	73	73	73	32	32	0	.	.	4680	2164	209911	0	0	0	0.202
L015743	control_vntr_correct	chr8	4792	4792	34	32	7	452	4	0	1	3	0	CHM13;gref_CHM13;GRCh38#0#chr8[45945188]	4	1	0	True	1	55	55	55	32	32	0	.	.	11165	2239	229128	0	0	0	0.476
L009771	control_vntr_correct	chr21	1172	1172	34	32	2	451	5	0	4	0	0	CHM13;gref_CHM13;GRCh38#0#chr21[43262796]	96	2	0	True	1	15	15	15	32	32	0	.	.	1340	1172	18815	0	0	0	0.335
L016523	control_vntr_correct	chr9	2747	2747	34	32	12	397	59	0	12	47	0	CHM13;gref_CHM13;GRCh38#0#chr9[68220832]	48	1	0	True	1	38	38	38	32	32	0	.	.	2870	2734	107205	0	0	0	0.587
L016062	control_vntr_correct	chr8	2630	2630	34	32	4	413	43	0	39	4	0	CHM13;gref_CHM13;GRCh38#0#chr8[85739432]	36	8	0	True	1	78	78	78	32	32	0	.	.	4520	2156	211559	0	0	0	0.252
L013074	control_vntr_correct	chr5	6844	6844	34	32	3	433	23	0	0	23	0	CHM13;gref_CHM13;GRCh38#0#chr5[50128892]	13	0	0	True	1	52	52	52	32	32	0	.	.	6845	1913	242409	0	0	0	0.524
L016884	control_vntr_correct	chrX	2096	2096	34	32	28	341	115	0	1	0	0	CHM13;gref_CHM13;GRCh38#0#chrX[2133007]	2	3	0	True	1	271	272	273	31	31	1	copy_of_GRCh38=1	recombination#1#chrX#1:copy_of_GRCh38	2463	987	546900	0	0	0	0.023
L010113	control_vntr_correct	chr22	3002	3002	34	32	8	453	3	0	1	1	0	CHM13;gref_CHM13;GRCh38#0#chr22[18715724]	156	3	0	True	1	56	56	56	32	32	0	.	.	3490	2737	167738	0	0	0	0.338
L015285	control_vntr_correct	chr7	2681	2681	34	32	4	452	4	0	1	3	0	CHM13;gref_CHM13;GRCh38#0#chr7[143718445]	232	3	0	True	1	47	47	47	32	32	0	.	.	2761	1461	121536	0	0	0	0.509
L016830	control_vntr_correct	chr9	4801	4801	34	32	7	452	4	0	0	4	0	CHM13;gref_CHM13;GRCh38#0#chr9[68220832]	33	10	0	True	1	123	123	126	20	20	12	copy_of_GRCh38=1;junction=11	recombination#7#chr9#4:junction;recombination#9#chr9#2:junction;recombination#10#chr9#4:junction;recombination#13#chr9#4:junction;recombination#15#chr9#4:junction;recombination#18#chr9#3:junction;recombination#20#chr9#4:junction;recombination#21#chr9#5:junction;recombination#22#chr9#3:copy_of_GRCh38;recombination#24#chr9#5:junction;recombination#30#chr9#5:junction;recombination#31#chr9#3:junction	6311	1801	534839	0	0	0	0.235
L007033	control_vntr_correct	chr18	2536	2536	34	32	3	448	8	0	7	1	0	CHM13;gref_CHM13;GRCh38#0#chr18[47021993]	12	16	0	True	1	187	187	187	32	32	0	.	.	3770	558	437794	0	0	0	0.435
L003828	hotspot_other	chr13	5387	5387	34	32	26	451	5	0	5	0	0	CHM13;gref_CHM13;GRCh38#0#chr13[18408106]	2	31	0	True	1	391	391	393	32	32	0	.	.	8683	785	1182609	0	0	0	0.018
L015904	hotspot_other	chr8	2319	2319	34	32	33	448	8	0	7	1	0	CHM13;gref_CHM13;GRCh38#0#chr8[85739432]	2	43	0	True	1	426	426	428	32	32	0	.	.	12098	1102	1414660	0	0	0	0.013
L015847	hotspot_other	chr8	4289	4289	34	32	29	416	40	0	39	2	0	CHM13;gref_CHM13;GRCh38#0#chr8[85739432]	2	11	0	True	1	288	288	290	32	32	0	.	.	4584	860	944550	953	1	1	0.096
L016870	hotspot_other	chrX	6619	6619	34	32	20	338	118	0	6	4	0	CHM13;gref_CHM13;GRCh38#0#chrX[2133007]	2	119	0	True	1	154	154	162	22	22	10	junction=10	recombination#3#chrX#1:junction;recombination#10#chrX#0:junction;recombination#14#chrX#0:junction;recombination#16#chrX#0:junction;recombination#19#chrX#2:junction;recombination#22#chrX#0:junction;recombination#27#chrX#0:junction;recombination#28#chrX#0:junction;recombination#30#chrX#0:junction;recombination#32#chrX#0:junction	29811	1311	1089207	0	0	0	0.139
L008877	hotspot_other	chr2	2687	2687	34	32	30	455	1	0	1	1	0	CHM13;gref_CHM13;GRCh38#0#chr2[110276238]	3	45	0	True	1	389	389	390	32	32	0	.	.	10824	1485	1866318	0	0	0	0.026
L012256	hotspot_other	chr5	3964	3964	34	32	30	372	84	0	83	2	0	CHM13;gref_CHM13;GRCh38#0#chr5[11214]	3	22	0	True	1	281	281	281	32	32	0	.	.	10158	1511	982621	0	0	0	0.019
L004989	hotspot_other	chr15	1798	1798	34	32	29	451	5	0	4	1	0	CHM13;gref_CHM13;GRCh38#0#chr15[23276874]	2	12	0	True	1	245	245	247	31	31	1	copy_of_GRCh38=1	recombination#28#chr15#4:copy_of_GRCh38	3486	845	314541	0	0	0	0.197
L007798	hotspot_other	chr2	4360	4360	34	32	32	455	1	0	0	1	0	CHM13;gref_CHM13;GRCh38#0#chr2[10262]	3	43	0	True	1	373	373	374	32	32	0	.	.	20065	1569	1429690	0	0	0	0.029
L013531	hotspot_other	chr6	2616	2616	34	32	21	449	7	0	7	0	0	CHM13;gref_CHM13;GRCh38#0#chr6[146373]	3	13	0	True	1	250	250	251	32	32	0	.	.	4268	1028	528379	0	0	0	0.085
L005261	hotspot_other	chr15	859	859	34	32	26	453	3	0	1	2	0	CHM13;gref_CHM13;GRCh38#0#chr15[84348019]	2	10	0	True	1	208	208	209	31	31	1	copy_of_CHM13=1	recombination#2#chr15#11:copy_of_CHM13	4303	657	245951	0	0	0	0.258
L005618	hotspot_other	chr16	3582	3582	34	32	32	455	1	0	1	0	0	CHM13;gref_CHM13;GRCh38#0#chr16[22436938]	2	21	0	True	1	440	440	442	31	31	1	copy_of_CHM13=1	recombination#4#chr16#1:copy_of_CHM13	6476	1325	1123281	0	0	0	0.009
L012489	hotspot_other	chr5	2812	2812	34	32	30	453	3	0	1	2	0	CHM13;gref_CHM13;GRCh38#0#chr5[17581833]	2	10	0	True	1	278	278	283	29	29	3	junction=1;mixed=2	recombination#14#chr5#2:junction;recombination#22#chr5#0:mixed(sample+partial);recombination#24#chr5#1:mixed(sample+partial)	3051	1822	803020	0	0	0	0.033
L007844	hotspot_other	chr2	1988	1988	34	32	34	454	2	0	1	1	0	CHM13;gref_CHM13;GRCh38#0#chr2[10262]	2	17	0	True	1	434	434	436	32	32	0	.	.	4964	911	1229282	0	0	0	0.009
L007161	hotspot_other	chr19	3479	3479	34	32	25	355	101	0	15	84	0	CHM13;gref_CHM13;GRCh38#0#chr19[60000]	2	16	0	True	1	145	145	147	32	32	0	.	.	4026	1011	388698	0	0	0	0.127
L015126	hotspot_other	chr7	3094	3094	34	32	30	454	2	0	1	1	0	CHM13;gref_CHM13;GRCh38#0#chr7[62510243]	3	8	0	True	1	368	368	369	32	32	0	.	.	5218	1324	1021503	0	0	0	0.024
L010060	hotspot_other	chr22	2397	2397	34	32	24	454	2	0	1	1	0	CHM13;gref_CHM13;GRCh38#0#chr22[18715724]	4	14	0	True	1	246	246	247	31	31	1	copy_of_GRCh38=1	recombination#21#chr22#12:copy_of_GRCh38	3778	1431	641498	0	0	0	0.07
L004848	hotspot_other	chr14	2107	2107	34	32	30	452	4	0	1	3	0	CHM13;gref_CHM13;GRCh38#0#chr14[19617569]	2	8	0	True	1	357	357	359	32	32	0	.	.	4586	721	604933	0	0	0	0.08
L007480	hotspot_other	chr19	1687	1687	34	32	21	447	9	0	7	3	0	CHM13;gref_CHM13;GRCh38#0#chr19[27241209]	3	16	0	True	1	199	199	199	32	32	0	.	.	3379	621	362360	0	0	0	0.197
L005064	hotspot_other	chr15	3272	3272	34	32	29	454	2	0	1	1	0	CHM13;gref_CHM13;GRCh38#0#chr15[23276874]	2	16	0	True	1	239	239	240	31	31	1	copy_of_CHM13=1	recombination#5#chr15#4:copy_of_CHM13	4126	1733	765776	0	0	0	0.059
L003695	hotspot_other	chr12	2215	2215	34	32	12	384	72	0	63	9	0	CHM13;gref_CHM13;GRCh38#0#chr12[37246549]	3	8	0	True	1	113	113	114	32	32	0	.	.	3778	1042	255372	0	0	0	0.195
L013064	hotspot_other	chr5	1987	1987	34	32	32	455	1	0	1	0	0	CHM13;gref_CHM13;GRCh38#0#chr5[50128892]	3	8	0	True	1	284	284	284	32	32	0	.	.	3233	1461	625348	0	0	0	0.077
L002940	hotspot_other	chr12	2259	2259	34	32	26	451	5	0	1	4	0	CHM13;gref_CHM13;GRCh38#0#chr12[10526]	2	11	0	True	1	358	358	359	32	32	0	.	.	3303	1156	775430	0	0	0	0.031
L007184	hotspot_other	chr19	1295	1295	34	32	21	452	4	0	3	1	0	CHM13;gref_CHM13;GRCh38#0#chr19[60000]	2	7	0	True	1	169	169	170	31	31	1	copy_of_CHM13=1	recombination#4#chr19#6:copy_of_CHM13	1751	692	168295	0	0	0	0.113
L015708	hotspot_other	chr8	2896	2896	34	32	24	455	1	0	1	0	0	CHM13;gref_CHM13;GRCh38#0#chr8[45945188]	4	4	0	True	1	232	232	232	32	32	0	.	.	3169	2690	663205	0	0	0	0.066
L016040	control_nontr_sv	chr8	718	718	34	32	4	450	6	0	6	0	0	CHM13;gref_CHM13;GRCh38#0#chr8[85739432]	211	1	0	True	1	11	11	11	32	32	0	.	.	840	716	8322	0	0	0	0.464
L010452	control_nontr_sv	chr3	803	803	34	32	2	451	5	0	4	1	0	CHM13;gref_CHM13;GRCh38#0#chr3[10994]	306	1	0	True	1	9	9	9	32	32	0	.	.	862	803	7345	0	0	0	0.672
L013399	control_nontr_sv	chr6	658	658	34	32	3	455	1	0	0	1	0	CHM13;gref_CHM13;GRCh38#0#chr6[146373]	174	1	0	True	1	7	7	7	32	32	0	.	.	1438	658	6946	0	0	0	0.378
L000506	control_nontr_sv	chr1	1129	1129	34	32	5	454	2	0	1	1	0	CHM13;gref_CHM13;GRCh38#0#chr1[16850179]	68	0	0	True	1	27	27	27	32	32	0	.	.	1141	801	28545	0	0	0	0.374
L003171	control_nontr_sv	chr12	1064	1064	34	32	2	411	45	0	0	45	0	CHM13;gref_CHM13;GRCh38#0#chr12[37246549]	55	0	0	True	1	24	24	24	32	32	0	.	.	1073	732	25102	0	0	0	0.285
L006556	control_nontr_sv	chr17	926	926	34	32	4	353	103	0	101	2	0	CHM13;gref_CHM13;GRCh38#0#chr17[81792542]	29	0	0	True	1	21	21	22	31	31	1	copy_of_GRCh38=1	recombination#2#chr17#3:copy_of_GRCh38	928	621	19466	0	0	0	0.286
L017097	control_nontr_sv	chrX	762	762	34	32	10	340	116	0	1	1	0	CHM13;gref_CHM13;GRCh38#0#chrX[62465602]	22	1	0	True	1	20	20	20	32	32	0	.	.	1619	762	29806	0	0	0	0.315
L009600	control_nontr_sv	chr21	1012	1012	34	32	2	267	189	0	0	188	0	CHM13;gref_CHM13;GRCh38#0#chr21[12965808]	101	1	0	True	1	8	8	8	32	32	0	.	.	1117	1012	8516	0	0	0	0.577
L007192	control_nontr_sv	chr19	685	685	34	32	11	450	6	0	0	6	0	CHM13;gref_CHM13;GRCh38#0#chr19[60000]	361	1	0	True	1	20	20	20	32	32	0	.	.	928	683	15381	0	0	0	0.796
L008631	control_nontr_sv	chr2	703	703	34	32	8	425	31	0	1	0	0	CHM13;gref_CHM13;GRCh38#0#chr2[110276238]	254	1	0	True	1	15	15	15	32	32	0	.	.	1038	700	12197	0	0	0	0.593
L012530	control_nontr_sv	chr5	778	778	34	32	7	455	1	0	1	0	0	CHM13;gref_CHM13;GRCh38#0#chr5[17581833]	157	0	0	True	1	20	20	20	32	32	0	.	.	780	663	15298	0	0	0	0.341
L005688	control_nontr_sv	chr16	712	712	34	32	5	453	3	0	2	1	0	CHM13;gref_CHM13;GRCh38#0#chr16[46380699]	3	1	0	True	1	18	18	18	32	32	0	.	.	965	712	16864	0	0	0	0.302
L011931	control_nontr_sv	chr4	965	965	34	32	8	449	7	0	0	7	0	CHM13;gref_CHM13;GRCh38#0#chr4[58921381]	200	1	0	True	1	51	51	51	32	32	0	.	.	1824	965	87993	0	0	0	0.441
L004620	control_nontr_sv	chr14	972	972	34	32	5	454	2	0	1	1	0	CHM13;gref_CHM13;GRCh38#0#chr14[19617569]	2	0	0	True	1	13	13	14	32	32	0	.	.	982	659	11438	0	0	0	0.306
L014899	control_nontr_sv	chr7	1000	1000	34	32	2	455	1	0	1	0	0	CHM13;gref_CHM13;GRCh38#0#chr7[62510243]	37	0	0	True	1	7	7	7	32	32	0	.	.	1000	950	6752	0	0	0	0.558
L001527	control_nontr_sv	chr10	1133	1133	34	32	12	456	0	0	0	0	0	CHM13;gref_CHM13;GRCh38#0#chr10[12665]	118	0	0	True	1	30	30	30	32	32	0	.	.	1136	844	33341	0	0	0	0.351
L002292	control_nontr_sv	chr11	2183	2183	34	32	6	454	2	0	1	1	0	CHM13;gref_CHM13;GRCh38#0#chr11[60000]	38	0	0	True	1	31	31	31	32	32	0	.	.	2187	708	63265	0	0	0	0.339
L009283	control_nontr_sv	chr20	784	784	34	32	4	451	5	0	4	1	0	CHM13;gref_CHM13;GRCh38#0#chr20[31157400]	176	0	0	True	1	19	19	19	32	32	0	.	.	785	641	14194	0	0	0	0.384
L003883	control_nontr_sv	chr13	828	828	34	32	3	452	4	0	3	1	0	CHM13;gref_CHM13;GRCh38#0#chr13[18408106]	147	1	0	True	1	29	29	29	32	32	0	.	.	3714	828	99042	0	0	0	0.321
L016274	control_nontr_sv	chr9	742	742	34	32	3	450	6	0	3	3	0	CHM13;gref_CHM13;GRCh38#0#chr9[10440]	360	1	0	True	1	13	13	13	32	32	0	.	.	1270	742	10703	0	0	0	0.793
