region_id	method	panel	n_distinct	seconds	status	stratum	span_bp	n_panel_records	n_hap32_only	max_len	len2	total_bp	order	predicted_mb	peak_rss_mb	mem_cap_mb	timeout_s	align_s	panel_graph_s	project_s	graph_s	columns_full	nodes_full	edges_full	columns_proj	nodes_proj	nodes_per_kb_proj	frac_nodes_1bp_proj	masked_runs	masked_bp	finished	note
L000034	poa_abpoa	all	394	32.77	ok	hotspot_vntr	3169	449	0	9528	9376	1775987	longest	987.2	858.4	12000.0	1800.0	28.36	3.17	0.02	1.21	9983	9697	14919	5144	2331	735.6	0.6791	0	0	2026-09-26T13:35:45	
L000289	poa_abpoa	all	436	0.0	memout	hotspot_vntr	5787	436	0	29871	20142	2412627	longest	12673.4		12000.0	1800.0														2026-09-26T13:38:46	not run: predicted 12673 MB > cap 12000 MB (len1 29871, len2 20142)
L000308	poa_abpoa	all	58	0.89	ok	control_vntr_matched	4108	455	0	4123	4108	204496	longest	227.7	167.8	12000.0	1800.0	0.33	0.15	0.01	0.4	4155	234	323	4125	103	25.1	0.534	0	0	2026-09-26T13:13:19	
L000381	poa_abpoa	all	99	1.85	ok	control_vntr_matched	6949	426	0	7149	7126	699136	longest	584.4	500.2	12000.0	1800.0	0.81	0.49	0.01	0.55	7327	607	822	7126	209	30.1	0.622	0	0	2026-09-26T13:19:48	
L000407	poa_abpoa	all	84	0.94	ok	control_vntr_correct	2722	452	0	3088	2947	234218	longest	145.5	96.2	12000.0	1800.0	0.28	0.23	0.01	0.42	3226	753	1069	2826	210	77.1	0.5238	0	0	2026-09-26T13:13:53	
L000506	poa_abpoa	all	27	0.4	ok	control_nontr_sv	1129	456	0	1141	1140	28545	longest	63.6	0.0	12000.0	1800.0	0.03	0.03	0.0	0.33	1141	51	78	1131	7	6.2	0.4286	0	0	2026-09-26T13:12:20	
L000698	poa_abpoa	all	87	0.98	ok	control_vntr_correct	3490	358	0	4403	4399	374524	longest	253.2	192.3	12000.0	1800.0	0.28	0.24	0.01	0.46	4416	238	339	4397	66	18.9	0.5455	0	0	2026-09-26T13:15:36	
L000709	poa_abpoa	all	46	0.97	ok	control_vntr_matched	6261	453	0	6261	6261	286170	longest	461.2	384.0	12000.0	1800.0	0.31	0.19	0.0	0.46	6261	165	220	6261	12	1.9	0.5	0	0	2026-09-26T13:14:43	
L001084	poa_abpoa	all	428	0.0	memout	hotspot_vntr	8972	429	0	55900	53095	4436256	longest	62321.3		12000.0	1800.0														2026-09-26T13:42:40	not run: predicted 62321 MB > cap 12000 MB (len1 55900, len2 53095)
L001264	poa_abpoa	all	439	149.82	ok	hotspot_vntr	6906	456	0	25102	21120	2312796	longest	11173.1	8665.6	12000.0	1800.0	144.63	3.52	0.06	1.62	25663	12545	18713	14636	6683	967.7	0.7292	0	0	2026-09-26T14:09:23	
L001491	poa_abpoa	all	50	0.64	ok	control_vntr_correct	1217	449	0	1668	1668	69620	longest	79.2	0.0	12000.0	1800.0	0.09	0.12	0.0	0.42	1686	630	882	1679	332	272.8	0.5783	0	0	2026-09-26T13:12:25	
L001527	poa_abpoa	all	30	0.41	ok	control_nontr_sv	1133	458	0	1136	1136	33341	longest	63.5	0.0	12000.0	1800.0	0.03	0.04	0.0	0.34	1137	70	100	1134	41	36.2	0.6098	0	0	2026-09-26T13:12:22	
L001894	poa_abpoa	all	84	1.91	ok	control_vntr_matched	6461	455	0	6809	6809	543819	longest	536.4	451.0	12000.0	1800.0	0.81	0.52	0.01	0.56	6883	718	981	6572	260	40.2	0.5692	0	0	2026-09-26T13:17:27	
L001899	poa_abpoa	all	122	1.77	ok	control_vntr_matched	1959	456	0	4197	3339	260804	longest	197.0	140.8	12000.0	1800.0	1.02	0.32	0.01	0.42	4471	1517	2245	2102	334	170.5	0.5599	0	0	2026-09-26T13:14:21	
L001909	poa_abpoa	all	470	0.0	memout	hotspot_vntr	15660	457	22	37894	32704	6023977	longest	26051.2		12000.0	1800.0														2026-09-26T13:42:42	not run: predicted 26051 MB > cap 12000 MB (len1 37894, len2 32704)
L001922	poa_abpoa	all	107	11.05	ok	control_vntr_correct	3542	454	0	15836	4981	345641	longest	1704.9	1880.3	12000.0	1800.0	9.89	0.66	0.02	0.48	15897	2368	3390	3580	436	123.1	0.5711	0	0	2026-09-26T13:15:18	
L002013	poa_abpoa	all	447	181.7	ok	hotspot_vntr	4381	456	0	26016	19004	2327208	longest	10423.1	8913.9	12000.0	1800.0	176.39	4.02	0.06	1.23	27271	13919	21262	10173	4477	1021.9	0.6953	0	0	2026-09-26T14:12:25	
L002096	poa_abpoa	all	280	14.83	ok	hotspot_vntr	2879	456	0	7807	6082	1044576	longest	548.1	467.7	12000.0	1800.0	12.85	1.08	0.03	0.87	8258	3164	4926	6387	1419	492.9	0.6772	0	0	2026-09-26T13:24:22	
L002143	poa_abpoa	all	192	16.41	ok	hotspot_vntr	7402	388	0	11956	8851	1412620	longest	1160.1	1023.1	12000.0	1800.0	12.61	2.24	0.04	1.51	11980	4117	5791	8736	1925	260.1	0.6265	0	0	2026-09-26T13:32:40	
L002182	poa_abpoa	all	408	26.7	ok	hotspot_vntr	2388	450	0	8436	6924	1165103	longest	662.8	571.7	12000.0	1800.0	24.05	1.65	0.02	0.97	8499	4940	7439	5610	2354	985.8	0.7604	0	0	2026-09-26T13:28:10	
L002292	poa_abpoa	all	31	0.49	ok	control_nontr_sv	2183	456	0	2187	2186	63265	longest	100.2	0.0	12000.0	1800.0	0.06	0.05	0.0	0.37	2190	65	92	2186	19	8.7	0.4737	0	0	2026-09-26T13:12:24	
L002884	poa_abpoa	all	112	1.22	ok	control_vntr_matched	3786	456	0	4146	4116	443262	longest	229.0	172.0	12000.0	1800.0	0.5	0.3	0.01	0.42	4213	410	574	4116	82	21.7	0.3902	0	0	2026-09-26T13:16:19	
L002940	poa_abpoa	all	359	4.42	ok	hotspot_other	2259	453	0	3303	3279	775430	longest	163.6	112.5	12000.0	1800.0	3.11	0.74	0.01	0.55	3503	1672	2537	3167	855	378.5	0.6433	0	0	2026-09-26T13:20:59	
L003119	poa_abpoa	all	42	0.59	ok	control_vntr_correct	2909	407	0	2909	1811	77055	longest	105.3	0.0	12000.0	1800.0	0.14	0.07	0.01	0.37	2914	92	126	2911	11	3.8	0.4545	0	0	2026-09-26T13:12:27	
L003171	poa_abpoa	all	24	0.38	ok	control_nontr_sv	1064	413	0	1073	1070	25102	longest	62.0	0.0	12000.0	1800.0	0.02	0.03	0.0	0.33	1074	53	79	1064	12	11.3	0.5	0	0	2026-09-26T13:12:19	
L003672	poa_abpoa	all	58	0.85	ok	control_vntr_correct	2583	453	0	2602	2598	141935	longest	120.9	0.0	12000.0	1800.0	0.2	0.16	0.01	0.48	2676	521	723	2619	334	129.3	0.5539	0	0	2026-09-26T13:12:46	
L003695	poa_abpoa	all	114	1.46	ok	hotspot_other	2215	386	0	3778	3088	255372	longest	172.4	117.2	12000.0	1800.0	0.79	0.23	0.01	0.43	3880	814	1230	2884	378	170.7	0.4286	0	0	2026-09-26T13:14:12	
L003826	poa_abpoa	all	412	7.24	ok	control_vntr_matched	3461	458	1	3856	3856	1358671	longest	206.0	172.3	12000.0	1800.0	4.24	2.02	0.03	0.95	4386	2706	4065	4109	1189	343.5	0.6081	0	0	2026-09-26T13:30:36	
L003828	poa_abpoa	all	393	31.44	ok	hotspot_other	5387	453	0	8683	8239	1182609	longest	800.5	682.7	12000.0	1800.0	27.03	3.2	0.04	1.16	10222	8592	14536	5761	2552	473.7	0.6932	0	0	2026-09-26T13:28:42	
L003872	poa_abpoa	all	89	0.84	ok	control_vntr_matched	2955	456	0	2959	2957	257164	longest	141.8	0.0	12000.0	1800.0	0.22	0.19	0.01	0.42	3034	438	625	3026	238	80.5	0.4412	0	0	2026-09-26T13:14:14	
L003883	poa_abpoa	all	29	0.62	ok	control_nontr_sv	828	454	0	3714	3714	99042	longest	194.7	0.0	12000.0	1800.0	0.15	0.09	0.0	0.38	3714	102	136	3714	27	32.6	0.5926	0	0	2026-09-26T13:12:33	
L004021	poa_abpoa	all	233	14.92	ok	control_vntr_matched	7737	419	0	11089	7743	1767348	longest	950.7	847.0	12000.0	1800.0	11.86	1.8	0.03	1.21	11249	1644	2281	7831	567	73.3	0.6349	0	0	2026-09-26T13:35:12	
L004145	poa_abpoa	all	436	64.58	ok	hotspot_vntr	15607	457	0	15861	15852	6392192	longest	5325.2	7431.7	12000.0	1800.0	54.83	7.15	0.04	2.55	21528	16585	25313	17508	7336	470.0	0.5889	0	0	2026-09-26T14:25:34	
L004620	poa_abpoa	all	14	0.37	ok	control_nontr_sv	972	456	0	982	975	11438	longest	60.0	0.0	12000.0	1800.0	0.02	0.02	0.0	0.33	983	38	52	972	11	11.3	0.4545	0	0	2026-09-26T13:12:03	
L004848	poa_abpoa	all	359	6.82	ok	hotspot_other	2107	454	0	4586	4225	604933	longest	253.3	194.6	12000.0	1800.0	5.19	0.85	0.01	0.78	4672	3320	5352	2599	1680	797.3	0.7911	0	0	2026-09-26T13:18:35	
L004989	poa_abpoa	all	247	2.34	ok	hotspot_other	1798	453	0	3486	2820	314541	longest	153.1	100.1	12000.0	1800.0	1.54	0.32	0.01	0.46	3593	1172	1862	2133	662	368.2	0.6662	0	0	2026-09-26T13:14:58	
L005064	poa_abpoa	all	240	4.4	ok	hotspot_other	3272	456	0	4126	4124	765776	longest	228.5	174.0	12000.0	1800.0	2.55	0.95	0.01	0.89	4452	2406	3787	4265	1561	477.1	0.5766	0	0	2026-09-26T13:20:27	
L005261	poa_abpoa	all	209	2.88	ok	hotspot_other	859	455	0	4303	3778	245951	longest	220.5	161.9	12000.0	1800.0	2.03	0.34	0.01	0.51	4378	1752	2790	2307	961	1118.7	0.6285	0	0	2026-09-26T13:14:04	
L005411	poa_abpoa	all	421	32.58	ok	hotspot_vntr	6353	456	0	9404	9386	2302412	longest	975.9	892.2	12000.0	1800.0	27.16	3.58	0.03	1.82	9733	7276	10628	6461	2008	316.1	0.6788	0	0	2026-09-26T13:38:44	
L005481	poa_abpoa	all	232	5.89	ok	hotspot_vntr	3018	456	0	5351	5350	706677	longest	350.3	283.3	12000.0	1800.0	4.43	0.76	0.01	0.68	5479	2287	3366	3558	1112	368.5	0.6781	0	0	2026-09-26T13:20:05	
L005618	poa_abpoa	all	442	18.07	ok	hotspot_other	3582	457	0	6476	5833	1123281	longest	446.3	374.1	12000.0	1800.0	15.05	1.85	0.02	1.15	6668	4149	6502	4058	2315	646.3	0.7084	0	0	2026-09-26T13:25:59	
L005688	poa_abpoa	all	18	0.42	ok	control_nontr_sv	712	455	0	965	965	16864	longest	59.8	0.0	12000.0	1800.0	0.02	0.04	0.0	0.36	967	154	206	967	127	178.4	0.6299	0	0	2026-09-26T13:12:17	
L005990	poa_abpoa	all	368	32.52	ok	hotspot_vntr	6577	407	0	11718	11714	2672223	longest	1490.0	1290.4	12000.0	1800.0	25.28	4.51	0.05	2.67	12791	5324	8618	12186	1848	281.0	0.4897	0	0	2026-09-26T13:41:59	
L006556	poa_abpoa	all	22	0.38	ok	control_nontr_sv	926	355	0	928	928	19466	longest	59.0	0.0	12000.0	1800.0	0.02	0.02	0.0	0.34	928	56	76	926	15	16.2	0.5333	0	0	2026-09-26T13:12:18	
L006952	poa_abpoa	all	310	4.39	ok	hotspot_vntr	2403	457	0	3903	3396	525197	longest	189.0	269.7	12000.0	1800.0	3.22	0.57	0.01	0.59	3958	2738	4423	3234	1802	749.9	0.6293	0	0	2026-09-26T13:16:39	
L007009	poa_abpoa	all	294	0.0	memout	hotspot_vntr	15479	447	9	43026	33695	3268777	longest	30467.2		12000.0	1800.0														2026-09-26T13:42:03	not run: predicted 30467 MB > cap 12000 MB (len1 43026, len2 33695)
L007033	poa_abpoa	all	187	2.14	ok	control_vntr_correct	2536	450	0	3770	3662	437794	longest	194.8	139.4	12000.0	1800.0	1.43	0.35	0.01	0.35	3790	1171	1660	2706	85	33.5	0.5176	0	0	2026-09-26T13:16:07	
L007040	poa_abpoa	all	371	0.0	memout	hotspot_vntr	19420	456	17	42606	33028	4136853	longest	29574.0		12000.0	1800.0														2026-09-26T13:42:39	not run: predicted 29574 MB > cap 12000 MB (len1 42606, len2 33028)
L007065	poa_abpoa	all	49	0.87	ok	control_vntr_matched	4254	451	0	4321	4321	206173	longest	245.9	0.0	12000.0	1800.0	0.22	0.23	0.01	0.41	4364	396	541	4321	39	9.2	0.5128	0	0	2026-09-26T13:13:25	
L007081	poa_abpoa	all	432	37.27	ok	hotspot_vntr	1493	448	0	12900	11051	1155052	longest	1545.5	982.5	12000.0	1800.0	34.38	1.96	0.03	0.9	13291	4291	6907	4521	1274	853.3	0.6947	0	0	2026-09-26T13:27:43	
L007161	poa_abpoa	all	147	3.22	ok	hotspot_other	3479	357	0	4026	3910	388698	longest	215.1	163.2	12000.0	1800.0	1.99	0.49	0.01	0.73	4326	2998	4681	3803	1347	387.2	0.6288	0	0	2026-09-26T13:15:51	
L007172	poa_abpoa	all	141	1.91	ok	control_vntr_matched	3009	457	0	3768	3766	453330	longest	198.9	146.2	12000.0	1800.0	0.93	0.41	0.01	0.56	4164	1469	2145	3914	788	261.9	0.5558	0	0	2026-09-26T13:16:22	
L007184	poa_abpoa	all	170	0.75	ok	hotspot_other	1295	454	0	1751	1543	168295	longest	78.3	30.2	12000.0	1800.0	0.25	0.13	0.0	0.36	1782	240	377	1316	132	101.9	0.4545	0	0	2026-09-26T13:13:07	
L007192	poa_abpoa	all	20	0.38	ok	control_nontr_sv	685	452	0	928	927	15381	longest	59.0	0.0	12000.0	1800.0	0.02	0.02	0.0	0.33	929	41	58	928	21	30.7	0.5714	0	0	2026-09-26T13:12:16	
L007376	poa_abpoa	all	149	20.92	ok	control_vntr_matched	19353	455	0	21229	20340	2818672	longest	9109.5	7716.2	12000.0	1800.0	18.38	1.72	0.03	0.79	21330	1479	2002	19353	78	4.0	0.6026	0	0	2026-09-26T14:16:31	
L007480	poa_abpoa	all	199	2.51	ok	hotspot_other	1687	449	0	3379	3197	362360	longest	163.3	109.4	12000.0	1800.0	1.63	0.36	0.01	0.51	3407	1684	2453	3387	906	537.0	0.7616	0	0	2026-09-26T13:15:29	
L007687	poa_abpoa	all	47	0.78	ok	control_vntr_matched	2645	458	0	2815	2815	119484	longest	133.1	0.0	12000.0	1800.0	0.15	0.16	0.0	0.47	2828	618	847	2823	444	167.9	0.6441	0	0	2026-09-26T13:12:37	
L007717	poa_abpoa	all	127	3.04	ok	control_vntr_matched	4426	456	0	6165	4739	529440	longest	356.5	290.6	12000.0	1800.0	2.05	0.47	0.01	0.49	6317	1343	1913	4478	270	61.0	0.4333	0	0	2026-09-26T13:17:00	
L007798	poa_abpoa	all	374	112.74	ok	hotspot_other	4360	457	0	20065	18237	1429690	longest	7727.4	4611.8	12000.0	1800.0	109.54	2.23	0.05	0.92	20777	9162	13737	11954	3771	864.9	0.6378	0	0	2026-09-26T13:53:19	
L007844	poa_abpoa	all	436	13.7	ok	hotspot_other	1988	456	0	4964	4943	1229282	longest	307.4	247.3	12000.0	1800.0	9.59	2.35	0.02	1.73	5080	5490	8634	4410	3818	1920.5	0.8101	0	0	2026-09-26T13:28:57	
L008216	poa_abpoa	all	204	6.0	ok	hotspot_vntr	2993	449	0	6038	6013	599076	longest	430.9	355.4	12000.0	1800.0	4.56	0.78	0.01	0.65	6191	2009	2835	3328	642	214.5	0.6449	0	0	2026-09-26T13:18:04	
L008631	poa_abpoa	all	15	0.37	ok	control_nontr_sv	703	427	0	1038	1037	12197	longest	61.3	0.0	12000.0	1800.0	0.02	0.02	0.0	0.33	1038	33	46	1038	14	19.9	0.4286	0	0	2026-09-26T13:12:06	
L008864	poa_abpoa	all	342	38.15	ok	hotspot_vntr	2131	455	0	11333	10880	1154582	longest	1343.5	1194.7	12000.0	1800.0	34.82	2.08	0.03	1.22	12350	10316	16413	11285	3826	1795.4	0.679	0	0	2026-09-26T13:27:05	
L008877	poa_abpoa	all	390	55.63	ok	hotspot_other	2687	457	0	10824	8223	1866318	longest	983.7	861.0	12000.0	1800.0	50.7	3.53	0.05	1.35	11591	6880	11088	7543	3558	1324.2	0.7035	0	0	2026-09-26T13:36:32	
L008887	poa_abpoa	all	56	1.05	ok	control_vntr_correct	2592	446	0	4227	3076	161367	longest	186.4	130.0	12000.0	1800.0	0.43	0.15	0.01	0.47	4316	222	314	2950	37	14.3	0.4054	0	0	2026-09-26T13:12:57	
L008902	poa_abpoa	all	73	1.7	ok	control_vntr_correct	2816	453	0	4680	4676	209911	longest	279.6	215.1	12000.0	1800.0	1.05	0.2	0.01	0.45	4771	452	646	3010	278	98.7	0.4784	0	0	2026-09-26T13:13:27	
L008976	poa_abpoa	all	434	0.0	memout	hotspot_vntr	5631	444	0	37803	30201	3167440	longest	24003.6		12000.0	1800.0														2026-09-26T13:42:02	not run: predicted 24004 MB > cap 12000 MB (len1 37803, len2 30201)
L009000	poa_abpoa	all	450	118.44	ok	hotspot_vntr	14411	456	0	18316	17586	2121049	longest	6808.0	5474.9	12000.0	1800.0	112.89	3.71	0.04	1.79	19246	12665	20424	14607	6496	450.8	0.7003	0	0	2026-09-26T14:04:02	
L009283	poa_abpoa	all	19	0.37	ok	control_nontr_sv	784	453	0	785	784	14194	longest	56.5	0.0	12000.0	1800.0	0.02	0.03	0.0	0.33	785	56	76	784	15	19.1	0.5333	0	0	2026-09-26T13:12:09	
L009398	poa_abpoa	all	166	1.99	ok	hotspot_vntr	1951	457	0	4276	2726	273231	longest	172.3	118.0	12000.0	1800.0	1.37	0.23	0.01	0.38	4289	423	639	1987	206	105.6	0.3786	0	0	2026-09-26T13:14:30	
L009448	poa_abpoa	all	405	203.13	ok	hotspot_vntr	7487	412	0	19789	16210	3088807	longest	6780.2	6941.1	12000.0	1800.0	194.44	6.85	0.04	1.8	23018	25549	45100	11575	9970	1331.6	0.7397	2	266	2026-09-26T14:19:55	
L009600	poa_abpoa	all	8	0.37	ok	control_nontr_sv	1012	269	0	1117	1117	8516	longest	63.1	0.0	12000.0	1800.0	0.02	0.02	0.0	0.33	1117	21	27	1117	3	3.0	0.0	0	0	2026-09-26T13:11:57	
L009656	poa_abpoa	all	250	12.36	ok	hotspot_vntr	5039	442	0	6994	6939	1229647	longest	559.1	476.2	12000.0	1800.0	8.31	1.99	0.02	2.03	7455	3749	5603	6931	2124	421.5	0.6347	0	0	2026-09-26T13:30:16	
L009658	poa_abpoa	all	377	275.03	ok	hotspot_vntr	10831	416	0	17197	16716	2531568	longest	6081.3	3265.1	12000.0	1800.0	269.28	3.67	0.06	2.0	18639	10185	15687	11694	4487	414.3	0.6456	0	0	2026-09-26T13:43:22	
L009770	poa_abpoa	all	88	2.01	ok	control_vntr_matched	4682	379	1	5730	4716	356000	longest	333.5	264.9	12000.0	1800.0	1.23	0.29	0.01	0.47	5736	733	1004	4682	320	68.3	0.5125	0	0	2026-09-26T13:15:20	
L009771	poa_abpoa	all	15	0.42	ok	control_vntr_correct	1172	453	0	1340	1340	18815	longest	68.8	0.0	12000.0	1800.0	0.04	0.03	0.0	0.34	1340	50	67	1284	12	10.2	0.5	0	0	2026-09-26T13:12:18	
L009803	poa_abpoa	all	442	25.18	ok	hotspot_vntr	5127	457	0	7048	6954	1475165	longest	564.2	1018.2	12000.0	1800.0	20.99	2.67	0.02	1.51	7181	8247	12505	5254	3458	674.5	0.7791	0	0	2026-09-26T13:33:06	
L009885	poa_abpoa	all	212	1.81	ok	control_vntr_correct	4169	369	0	4297	4213	852024	longest	239.9	185.7	12000.0	1800.0	0.85	0.49	0.01	0.45	4444	638	940	4219	205	49.2	0.4585	0	0	2026-09-26T13:21:47	
L010060	poa_abpoa	all	247	3.66	ok	hotspot_other	2397	456	0	3778	3693	641498	longest	196.4	142.3	12000.0	1800.0	2.34	0.62	0.01	0.68	4078	2120	3182	3556	1209	504.4	0.6576	0	0	2026-09-26T13:19:25	
L010113	poa_abpoa	all	56	0.97	ok	control_vntr_correct	3002	455	0	3490	3490	167738	longest	177.8	121.4	12000.0	1800.0	0.39	0.18	0.01	0.39	3629	723	1010	3021	64	21.3	0.5781	0	0	2026-09-26T13:13:04	
L010328	poa_abpoa	all	393	129.21	ok	hotspot_vntr	2940	451	0	20051	17076	1571507	longest	7233.6	3517.4	12000.0	1800.0	123.42	3.49	0.06	2.23	20508	10549	16703	11963	6043	2055.4	0.6952	0	0	2026-09-26T13:38:42	
L010350	poa_abpoa	all	74	2.52	ok	control_vntr_matched	7377	454	3	7702	7702	548891	longest	672.3	574.8	12000.0	1800.0	0.99	0.59	0.01	0.93	7867	1628	2217	7704	1288	174.6	0.5543	0	0	2026-09-26T13:17:57	
L010452	poa_abpoa	all	9	0.36	ok	control_nontr_sv	803	453	0	862	862	7345	longest	57.8	0.0	12000.0	1800.0	0.02	0.02	0.0	0.32	862	33	43	862	9	11.2	0.4444	0	0	2026-09-26T13:11:51	
L010508	poa_abpoa	all	75	0.96	ok	control_vntr_correct	3528	453	0	3633	3631	267553	longest	188.4	0.0	12000.0	1800.0	0.22	0.26	0.01	0.48	3683	698	957	3609	401	113.7	0.6359	0	0	2026-09-26T13:14:23	
L011121	poa_abpoa	all	54	0.97	ok	control_vntr_correct	2551	456	0	3090	3041	152856	longest	148.6	0.0	12000.0	1800.0	0.22	0.19	0.01	0.55	3098	604	825	2901	348	136.4	0.6006	0	0	2026-09-26T13:12:55	
L011138	poa_abpoa	all	363	0.0	memout	hotspot_vntr	12558	433	0	27744	24752	4437691	longest	14457.9		12000.0	1800.0														2026-09-26T13:42:41	not run: predicted 14458 MB > cap 12000 MB (len1 27744, len2 24752)
L011224	poa_abpoa	all	126	1.24	ok	control_vntr_correct	2577	457	0	3169	3107	353630	longest	153.3	101.8	12000.0	1800.0	0.51	0.27	0.01	0.46	3270	715	1028	3200	346	134.3	0.5	0	0	2026-09-26T13:15:18	
L011227	poa_abpoa	all	81	1.37	ok	control_vntr_matched	3613	413	0	4362	4282	284242	longest	245.9	185.0	12000.0	1800.0	0.68	0.24	0.01	0.44	4486	719	1008	4341	246	68.1	0.5203	0	0	2026-09-26T13:14:40	
L011430	poa_abpoa	all	161	1.39	ok	control_vntr_matched	3231	458	0	3356	3328	513277	longest	167.2	116.0	12000.0	1800.0	0.45	0.44	0.01	0.49	3600	1152	1751	3432	399	123.5	0.401	0	0	2026-09-26T13:16:33	
L011463	poa_abpoa	all	386	12.22	ok	hotspot_vntr	5878	456	0	6570	6570	2140618	longest	502.8	480.5	12000.0	1800.0	8.26	2.75	0.03	1.18	7696	4090	6012	6677	2082	354.2	0.6162	0	0	2026-09-26T13:35:58	
L011931	poa_abpoa	all	51	0.47	ok	control_nontr_sv	965	451	0	1824	1823	87993	longest	84.9	0.0	12000.0	1800.0	0.06	0.06	0.0	0.35	1824	84	127	1824	24	24.9	0.5	0	0	2026-09-26T13:12:30	
L012184	poa_abpoa	all	364	0.0	memout	hotspot_vntr	4759	447	0	39585	34318	3145535	longest	28552.0		12000.0	1800.0														2026-09-26T13:42:01	not run: predicted 28552 MB > cap 12000 MB (len1 39585, len2 34318)
L012256	poa_abpoa	all	281	20.02	ok	hotspot_other	3964	374	0	10158	10101	982621	longest	1126.4	991.8	12000.0	1800.0	18.32	0.97	0.02	0.71	10558	1867	2838	4758	751	189.5	0.4541	0	0	2026-09-26T13:22:40	
L012272	poa_abpoa	all	406	0.0	memout	hotspot_vntr	55376	459	0	115456	113245	21556232	longest	274370.5		12000.0	1800.0														2026-09-26T13:42:45	not run: predicted 274370 MB > cap 12000 MB (len1 115456, len2 113245)
L012294	poa_abpoa	all	449	96.49	ok	hotspot_vntr	3586	456	0	24260	15965	1621461	longest	8176.1	6601.0	12000.0	1800.0	93.3	2.37	0.06	0.77	24922	4482	6782	13543	2102	586.2	0.5019	0	0	2026-09-26T13:54:56	
L012313	poa_abpoa	all	65	0.75	ok	control_vntr_matched	3199	430	0	3508	3268	210224	longest	170.3	0.0	12000.0	1800.0	0.2	0.14	0.01	0.39	3511	164	224	3266	69	21.6	0.6087	0	0	2026-09-26T13:13:32	
L012489	poa_abpoa	all	283	2.31	ok	hotspot_other	2812	455	3	3051	3043	803020	longest	147.4	106.4	12000.0	1800.0	0.98	0.65	0.01	0.67	3371	1482	2213	3273	1145	407.2	0.6812	0	0	2026-09-26T13:21:22	
L012530	poa_abpoa	all	20	0.38	ok	control_nontr_sv	778	457	0	780	780	15298	longest	56.4	0.0	12000.0	1800.0	0.02	0.02	0.0	0.33	782	44	62	781	22	28.3	0.5	0	0	2026-09-26T13:12:13	
L013000	poa_abpoa	all	174	2.68	ok	control_vntr_correct	4280	458	0	4926	4909	636330	longest	303.7	240.0	12000.0	1800.0	1.73	0.47	0.01	0.47	5101	737	1060	4727	222	51.9	0.5541	0	0	2026-09-26T13:19:21	
L013064	poa_abpoa	all	284	3.92	ok	hotspot_other	1987	457	0	3233	2668	625348	longest	140.5	90.4	12000.0	1800.0	2.63	0.66	0.01	0.61	3451	1524	2413	2784	740	372.4	0.527	0	0	2026-09-26T13:19:02	
L013074	poa_abpoa	all	52	1.38	ok	control_vntr_correct	6844	435	0	6845	6844	242409	longest	541.4	455.1	12000.0	1800.0	0.78	0.17	0.01	0.41	6845	158	216	6844	27	3.9	0.5926	0	0	2026-09-26T13:14:01	
L013244	poa_abpoa	all	190	57.83	ok	hotspot_vntr	5890	421	0	19476	13374	1068948	longest	5514.9	3897.4	12000.0	1800.0	54.98	1.66	0.05	1.14	19728	3692	5350	19549	1508	256.0	0.5086	0	0	2026-09-26T13:26:02	
L013399	poa_abpoa	all	7	0.38	ok	control_nontr_sv	658	457	0	1438	1438	6946	longest	71.7	0.0	12000.0	1800.0	0.02	0.02	0.0	0.34	1438	18	23	1438	6	9.1	0.3333	0	0	2026-09-26T13:11:48	
L013531	poa_abpoa	all	251	4.83	ok	hotspot_other	2616	451	0	4268	4246	528379	longest	240.1	191.1	12000.0	1800.0	3.67	0.61	0.01	0.54	5131	2987	4899	3300	989	378.1	0.6714	0	0	2026-09-26T13:16:50	
L014111	poa_abpoa	all	46	0.85	ok	control_vntr_matched	4216	458	0	4239	4216	192588	longest	237.5	0.0	12000.0	1800.0	0.17	0.19	0.01	0.49	4342	504	685	4299	363	86.1	0.5455	0	0	2026-09-26T13:13:12	
L014160	poa_abpoa	all	432	33.91	ok	hotspot_vntr	7998	455	0	10415	9199	3318739	longest	1055.1	1019.2	12000.0	1800.0	28.57	3.86	0.03	1.41	11924	8239	12514	9209	2797	349.7	0.6164	0	0	2026-09-26T13:42:39	
L014181	poa_abpoa	all	95	3.94	ok	control_vntr_matched	3784	453	0	7223	7197	398579	longest	595.3	503.9	12000.0	1800.0	2.98	0.45	0.01	0.49	7371	1854	2623	4122	344	90.9	0.4971	0	0	2026-09-26T13:15:57	
L014210	poa_abpoa	all	206	24.28	ok	hotspot_vntr	6321	456	0	11229	11229	1140446	longest	1372.7	1220.1	12000.0	1800.0	21.45	1.39	0.04	1.4	11472	5635	7993	7478	1711	270.7	0.6113	0	0	2026-09-26T13:26:26	
L014297	poa_abpoa	all	299	15.8	ok	hotspot_vntr	3012	457	0	8151	8129	1039594	longest	745.1	657.2	12000.0	1800.0	13.95	1.23	0.02	0.61	8418	4892	7312	3020	676	224.4	0.4704	0	0	2026-09-26T13:24:06	
L014324	poa_abpoa	all	59	1.29	ok	control_vntr_correct	2514	456	0	4083	4006	163695	longest	221.6	164.4	12000.0	1800.0	0.63	0.2	0.01	0.45	4146	798	1109	2977	288	114.6	0.625	0	0	2026-09-26T13:13:01	
L014358	poa_abpoa	all	352	4.37	ok	hotspot_vntr	1419	452	0	4410	3761	616639	longest	224.0	167.8	12000.0	1800.0	3.37	0.53	0.01	0.46	4535	1186	1775	2672	496	349.5	0.5544	0	0	2026-09-26T13:18:58	
L014426	poa_abpoa	all	42	0.5	ok	control_vntr_correct	1886	456	0	1890	1886	76770	longest	87.4	0.0	12000.0	1800.0	0.06	0.07	0.0	0.37	1906	126	178	1890	61	32.3	0.377	0	0	2026-09-26T13:12:26	
L014899	poa_abpoa	all	7	0.37	ok	control_nontr_sv	1000	457	0	1000	1000	6752	longest	60.5	0.0	12000.0	1800.0	0.02	0.02	0.0	0.33	1002	23	30	1000	6	6.0	0.3333	0	0	2026-09-26T13:11:45	
L015126	poa_abpoa	all	369	9.19	ok	hotspot_other	3094	456	0	5218	4555	1021503	longest	299.3	239.2	12000.0	1800.0	7.21	1.11	0.01	0.85	5325	3579	5648	3915	2161	698.4	0.7242	0	0	2026-09-26T13:23:04	
L015223	poa_abpoa	all	80	1.5	ok	control_vntr_matched	2752	457	1	4987	4983	275635	longest	310.7	243.7	12000.0	1800.0	0.86	0.22	0.01	0.42	5095	375	530	4145	122	44.3	0.3607	0	0	2026-09-26T13:14:32	
L015285	poa_abpoa	all	47	0.77	ok	control_vntr_correct	2681	454	0	2761	2727	121536	longest	129.0	0.0	12000.0	1800.0	0.15	0.19	0.01	0.42	2805	629	863	2691	182	67.9	0.5879	0	0	2026-09-26T13:12:41	
L015331	poa_abpoa	all	373	17.69	ok	hotspot_vntr	4307	455	0	8709	8607	1564789	longest	836.3	726.4	12000.0	1800.0	14.86	1.72	0.02	1.08	8816	4612	6691	5720	2191	508.7	0.7084	0	0	2026-09-26T13:33:46	
L015347	poa_abpoa	all	370	0.0	memout	hotspot_vntr	19125	373	0	60834	46477	6484298	longest	59370.8		12000.0	1800.0														2026-09-26T13:42:44	not run: predicted 59371 MB > cap 12000 MB (len1 60834, len2 46477)
L015415	poa_abpoa	all	222	9.72	ok	hotspot_vntr	2913	458	0	9007	8477	771539	longest	851.0	740.0	12000.0	1800.0	8.15	0.8	0.02	0.75	9032	2354	3418	5139	772	265.0	0.5725	0	0	2026-09-26T13:20:46	
L015708	poa_abpoa	all	232	1.59	ok	hotspot_other	2896	457	0	3169	3142	663205	longest	154.5	105.4	12000.0	1800.0	0.7	0.42	0.01	0.46	3411	724	1027	3058	204	70.4	0.5098	0	0	2026-09-26T13:19:43	
L015743	poa_abpoa	all	55	3.83	ok	control_vntr_correct	4792	454	0	11165	11161	229128	longest	1357.2	1161.5	12000.0	1800.0	3.21	0.22	0.02	0.39	11169	112	164	4795	29	6.1	0.5172	0	0	2026-09-26T13:13:42	
L015847	poa_abpoa	all	290	6.99	ok	hotspot_other	4289	418	0	4584	4513	944550	longest	267.0	240.1	12000.0	1800.0	5.24	1.04	0.01	0.69	6425	3410	5284	4447	1212	282.6	0.5693	1	953	2026-09-26T13:22:19	
L015904	poa_abpoa	all	428	48.18	ok	hotspot_other	2319	450	0	12098	5975	1414660	longest	808.3	700.3	12000.0	1800.0	44.48	2.35	0.03	1.31	12659	6105	10113	6016	3773	1627.0	0.7914	0	0	2026-09-26T13:33:28	
L016040	poa_abpoa	all	11	0.37	ok	control_nontr_sv	718	452	0	840	779	8322	longest	56.9	0.0	12000.0	1800.0	0.02	0.02	0.0	0.33	840	35	47	779	21	29.2	0.5714	0	0	2026-09-26T13:11:54	
L016062	poa_abpoa	all	78	1.52	ok	control_vntr_correct	2630	415	0	4520	4519	211559	longest	264.3	201.3	12000.0	1800.0	0.87	0.22	0.01	0.41	4524	848	1166	2749	219	83.3	0.6621	0	0	2026-09-26T13:13:36	
L016124	poa_abpoa	all	50	1.0	ok	control_vntr_matched	3725	456	0	4004	3929	185210	longest	215.0	166.2	12000.0	1800.0	0.29	0.24	0.01	0.47	4035	950	1300	3745	324	87.0	0.5895	0	0	2026-09-26T13:13:10	
L016274	poa_abpoa	all	13	0.39	ok	control_nontr_sv	742	452	0	1270	1269	10703	longest	66.9	0.0	12000.0	1800.0	0.03	0.02	0.0	0.33	1271	34	45	1270	5	6.7	0.2	0	0	2026-09-26T13:12:00	
L016523	poa_abpoa	all	38	0.56	ok	control_vntr_correct	2747	399	0	2870	2858	107205	longest	136.0	0.0	12000.0	1800.0	0.09	0.08	0.0	0.38	2895	129	178	2857	47	17.1	0.5319	0	0	2026-09-26T13:12:36	
L016830	poa_abpoa	all	126	3.8	ok	control_vntr_correct	4801	454	2	6311	6311	534839	longest	467.8	388.9	12000.0	1800.0	2.65	0.52	0.01	0.62	6456	1375	1948	4941	572	119.1	0.4755	0	0	2026-09-26T13:17:16	
L016870	poa_abpoa	all	162	0.0	memout	hotspot_other	6619	340	7	29811	22931	1089207	longest	14392.4		12000.0	1800.0														2026-09-26T13:25:40	not run: predicted 14392 MB > cap 12000 MB (len1 29811, len2 22931)
L016884	poa_abpoa	all	273	1.63	ok	control_vntr_correct	2096	343	0	2463	2368	546900	longest	111.2	64.0	12000.0	1800.0	0.71	0.41	0.01	0.5	2571	789	1188	2414	581	277.2	0.58	0	0	2026-09-26T13:17:43	
L017097	poa_abpoa	all	20	0.41	ok	control_nontr_sv	762	342	0	1619	1619	29806	longest	77.5	0.0	12000.0	1800.0	0.03	0.03	0.0	0.35	1619	77	103	1619	51	66.9	0.6275	0	0	2026-09-26T13:12:21	
L017325	poa_abpoa	all	196	7.25	ok	control_vntr_matched	6845	341	0	6845	5757	812083	longest	463.4	395.2	12000.0	1800.0	5.95	0.64	0.01	0.64	7204	1780	2637	7083	1122	163.9	0.4563	0	0	2026-09-26T13:21:45	
TR101140	poa_abpoa	all	147	10.42	ok	control_vntr_matched	7400	457	0	10668	9639	1085021	longest	1128.7	1012.7	12000.0	1800.0	7.94	1.42	0.03	1.03	10859	4537	6348	10072	1644	222.2	0.6448	0	0	2026-09-26T13:25:40	
TR368009	poa_abpoa	all	114	11.41	ok	control_vntr_matched	10964	455	0	13796	13796	1357701	longest	4043.3	1797.7	12000.0	1800.0	8.29	1.55	0.03	1.53	13802	1566	2114	10967	486	44.3	0.6152	0	0	2026-09-26T13:30:27	
TR423938	poa_abpoa	all	42	0.8	ok	control_vntr_matched	2256	448	0	3102	3102	93890	longest	150.9	0.0	12000.0	1800.0	0.21	0.14	0.01	0.44	3185	566	798	2283	322	142.7	0.4783	0	0	2026-09-26T13:12:32	
TR424743	poa_abpoa	all	96	17.18	ok	control_vntr_matched	3571	367	0	18254	12670	612449	longest	4902.4	3763.7	12000.0	1800.0	15.77	0.62	0.03	0.75	18434	415	572	9358	139	38.9	0.5827	0	0	2026-09-26T13:18:53	
TR446002	poa_abpoa	all	34	0.51	ok	control_vntr_matched	2314	417	0	2324	2316	78040	longest	106.5	0.0	12000.0	1800.0	0.05	0.07	0.0	0.38	2330	105	147	2314	26	11.2	0.3846	0	0	2026-09-26T13:12:29	
TR455654	poa_abpoa	all	53	0.58	ok	control_vntr_matched	2403	455	0	2441	2418	126887	longest	111.9	0.0	12000.0	1800.0	0.09	0.1	0.0	0.38	2464	166	234	2449	32	13.3	0.375	0	0	2026-09-26T13:12:43	
TR460913	poa_abpoa	all	42	0.46	ok	control_vntr_matched	1313	440	0	1505	1313	54618	longest	70.7	0.0	12000.0	1800.0	0.05	0.06	0.0	0.35	1507	136	183	1313	36	27.4	0.6389	0	0	2026-09-26T13:12:23	
TR499275	poa_abpoa	all	45	0.71	ok	control_vntr_matched	4345	457	0	4471	4346	195217	longest	253.8	0.0	12000.0	1800.0	0.16	0.14	0.01	0.4	4471	127	171	4345	30	6.9	0.5333	0	0	2026-09-26T13:13:17	
TR499276	poa_abpoa	all	65	0.83	ok	control_vntr_matched	4483	455	1	4484	4484	291404	longest	260.9	0.0	12000.0	1800.0	0.22	0.19	0.01	0.41	4484	181	241	4483	40	8.9	0.675	0	0	2026-09-26T13:14:49	
TR573259	poa_abpoa	all	84	2.91	ok	control_vntr_matched	2919	456	0	6619	5670	322923	longest	443.7	375.2	12000.0	1800.0	2.07	0.36	0.01	0.46	6740	1228	1776	3982	345	118.2	0.487	0	0	2026-09-26T13:15:01	
TR668316	poa_abpoa	all	123	1.62	ok	control_vntr_matched	3063	394	0	4188	3819	380931	longest	217.8	159.6	12000.0	1800.0	0.92	0.26	0.01	0.43	4254	496	695	3867	144	47.0	0.4861	0	0	2026-09-26T13:15:41	
TR687433	poa_abpoa	all	47	1.29	ok	control_vntr_matched	3352	278	0	4912	3722	143901	longest	241.8	180.0	12000.0	1800.0	0.68	0.16	0.01	0.45	4913	590	812	3352	17	5.1	0.4118	0	0	2026-09-26T13:12:48	
TR687489	poa_abpoa	all	53	1.02	ok	control_vntr_matched	2731	450	0	4247	4002	146146	longest	228.3	168.0	12000.0	1800.0	0.45	0.15	0.01	0.41	4292	361	499	2734	12	4.4	0.5	0	0	2026-09-26T13:12:50	
TR724750	poa_abpoa	all	76	1.41	ok	control_vntr_matched	2978	458	0	3731	3727	229488	longest	195.9	138.7	12000.0	1800.0	0.62	0.31	0.01	0.48	3782	1467	2033	3237	426	143.0	0.6291	0	0	2026-09-26T13:13:45	
TR743754	poa_abpoa	all	42	0.58	ok	control_vntr_matched	2923	457	0	3007	2926	120504	longest	142.3	0.0	12000.0	1800.0	0.09	0.1	0.0	0.38	3010	140	187	2923	44	15.1	0.5909	0	0	2026-09-26T13:12:39	
TR831034	poa_abpoa	all	322	12.77	ok	control_vntr_matched	6904	342	0	7462	7419	2219717	longest	630.8	724.3	12000.0	1800.0	7.24	3.87	0.03	1.63	9035	7382	11360	8026	2881	417.3	0.6644	0	0	2026-09-26T13:38:11	
L000034	poa_spoa	all	394	150.11	ok	hotspot_vntr	3169	449	0	9528	9376	1775987	longest	6976.2	6956.1	12000.0	1800.0	146.85	2.3	0.02	0.93	9821	10511	16796	5077	2587	816.3	0.7058	0	0	2026-09-26T13:59:26	
L000289	poa_spoa	all	436	0.0	memout	hotspot_vntr	5787	436	0	29871	20142	2412627	longest	68125.3		12000.0	1800.0														2026-09-26T13:38:46	not run: predicted 68125 MB > cap 12000 MB (len1 29871, len2 20142)
L000308	poa_spoa	all	58	6.31	ok	control_vntr_matched	4108	455	0	4123	4108	204496	longest	1346.9	1307.2	12000.0	1800.0	5.54	0.23	0.01	0.54	4179	813	1134	4150	708	172.3	0.5169	0	0	2026-09-26T13:13:25	
L000381	poa_spoa	all	99	34.14	ok	control_vntr_matched	6949	426	0	7149	7126	699136	longest	3949.2	3758.8	12000.0	1800.0	32.97	0.49	0.01	0.67	7327	638	866	7126	240	34.5	0.625	0	0	2026-09-26T13:20:22	
L000407	poa_spoa	all	84	5.2	ok	control_vntr_correct	2722	452	0	3088	2947	234218	longest	777.5	738.1	12000.0	1800.0	4.61	0.18	0.01	0.4	3241	391	560	2822	142	52.2	0.4225	0	0	2026-09-26T13:13:59	
L000506	poa_spoa	all	27	0.58	ok	control_nontr_sv	1129	456	0	1141	1140	28545	longest	149.3	0.0	12000.0	1800.0	0.22	0.03	0.0	0.33	1141	51	78	1131	7	6.2	0.4286	0	0	2026-09-26T13:12:21	
L000698	poa_spoa	all	87	11.13	ok	control_vntr_correct	3490	358	0	4403	4399	374524	longest	1529.1	1489.9	12000.0	1800.0	10.46	0.23	0.01	0.43	4416	237	338	4397	66	18.9	0.5455	0	0	2026-09-26T13:15:48	
L000709	poa_spoa	all	46	11.57	ok	control_vntr_matched	6261	453	0	6261	6261	286170	longest	3040.7	3003.1	12000.0	1800.0	10.93	0.19	0.0	0.44	6261	165	220	6261	12	1.9	0.5	0	0	2026-09-26T13:14:56	
L001084	poa_spoa	all	428	0.0	memout	hotspot_vntr	8972	429	0	55900	53095	4436256	longest	238454.1		12000.0	1800.0														2026-09-26T13:42:40	not run: predicted 238454 MB > cap 12000 MB (len1 55900, len2 53095)
L001264	poa_spoa	all	439	0.0	memout	hotspot_vntr	6906	456	0	25102	21120	2312796	longest	48123.6		12000.0	1800.0														2026-09-26T13:38:45	not run: predicted 48124 MB > cap 12000 MB (len1 25102, len2 21120)
L001491	poa_spoa	all	50	1.32	ok	control_vntr_correct	1217	449	0	1668	1668	69620	longest	262.3	219.5	12000.0	1800.0	0.79	0.11	0.0	0.42	1682	516	715	1679	338	277.7	0.5769	0	0	2026-09-26T13:12:27	
L001527	poa_spoa	all	30	0.63	ok	control_nontr_sv	1133	458	0	1136	1136	33341	longest	148.5	105.6	12000.0	1800.0	0.26	0.03	0.0	0.34	1137	70	100	1134	41	36.2	0.6098	0	0	2026-09-26T13:12:22	
L001894	poa_spoa	all	84	26.78	ok	control_vntr_matched	6461	455	0	6809	6809	543819	longest	3587.2	3547.6	12000.0	1800.0	25.55	0.45	0.01	0.76	6881	704	986	6571	298	46.1	0.5403	0	0	2026-09-26T13:17:54	
L001899	poa_spoa	all	122	8.16	ok	control_vntr_matched	1959	456	0	4197	3339	260804	longest	1393.9	1354.7	12000.0	1800.0	7.38	0.32	0.01	0.45	4265	1668	2503	2178	409	208.8	0.5501	0	0	2026-09-26T13:14:28	
L001909	poa_spoa	all	470	0.0	memout	hotspot_vntr	15660	457	22	37894	32704	6023977	longest	109604.7		12000.0	1800.0														2026-09-26T13:42:43	not run: predicted 109605 MB > cap 12000 MB (len1 37894, len2 32704)
L001922	poa_spoa	all	107	0.0	memout	control_vntr_correct	3542	454	0	15836	4981	345641	longest	19182.9		12000.0	1800.0														2026-09-26T13:15:16	not run: predicted 19183 MB > cap 12000 MB (len1 15836, len2 4981)
L002013	poa_spoa	all	447	0.0	memout	hotspot_vntr	4381	456	0	26016	19004	2327208	longest	51688.2		12000.0	1800.0														2026-09-26T13:38:45	not run: predicted 51688 MB > cap 12000 MB (len1 26016, len2 19004)
L002096	poa_spoa	all	280	66.38	ok	hotspot_vntr	2879	456	0	7807	6082	1044576	longest	4700.1	2555.1	12000.0	1800.0	63.99	1.25	0.02	1.13	8192	3663	5980	6114	1837	638.1	0.6619	0	0	2026-09-26T13:25:28	
L002143	poa_spoa	all	192	127.36	ok	hotspot_vntr	7402	388	0	11956	8851	1412620	longest	10955.9	2039.9	12000.0	1800.0	124.35	1.57	0.02	1.4	11961	4713	6744	8397	2218	299.6	0.6492	0	0	2026-09-26T13:49:13	
L002182	poa_spoa	all	408	87.43	ok	hotspot_vntr	2388	450	0	8436	6924	1165103	longest	5479.5	1852.5	12000.0	1800.0	84.01	1.96	0.03	1.43	8445	5526	8642	5451	2476	1036.9	0.7633	0	0	2026-09-26T13:30:06	
L002292	poa_spoa	all	31	1.31	ok	control_nontr_sv	2183	456	0	2187	2186	63265	longest	414.9	372.2	12000.0	1800.0	0.9	0.05	0.0	0.35	2190	65	92	2186	19	8.7	0.4737	0	0	2026-09-26T13:12:26	
L002884	poa_spoa	all	112	11.95	ok	control_vntr_matched	3786	456	0	4146	4116	443262	longest	1361.4	1324.0	12000.0	1800.0	11.21	0.29	0.01	0.44	4156	511	722	4116	125	33.0	0.352	0	0	2026-09-26T13:16:31	
L002940	poa_spoa	all	359	20.33	ok	hotspot_other	2259	453	0	3303	3279	775430	longest	882.4	842.2	12000.0	1800.0	18.88	0.76	0.01	0.67	3393	1997	3114	3095	1095	484.7	0.6941	0	0	2026-09-26T13:21:19	
L003119	poa_spoa	all	42	1.89	ok	control_vntr_correct	2909	407	0	2909	1811	77055	longest	695.6	654.1	12000.0	1800.0	1.46	0.07	0.0	0.36	2912	99	138	2911	22	7.6	0.2727	0	0	2026-09-26T13:12:30	
L003171	poa_spoa	all	24	0.58	ok	control_nontr_sv	1064	413	0	1073	1070	25102	longest	137.8	0.0	12000.0	1800.0	0.22	0.03	0.0	0.33	1074	53	79	1064	12	11.3	0.5	0	0	2026-09-26T13:12:20	
L003672	poa_spoa	all	58	3.23	ok	control_vntr_correct	2583	453	0	2602	2598	141935	longest	566.5	525.3	12000.0	1800.0	2.52	0.16	0.0	0.53	2678	513	710	2602	346	134.0	0.5607	0	0	2026-09-26T13:12:49	
L003695	poa_spoa	all	114	6.83	ok	hotspot_other	2215	386	0	3778	3088	255372	longest	1139.0	1099.4	12000.0	1800.0	6.15	0.24	0.01	0.44	3832	899	1389	2894	444	200.5	0.4685	0	0	2026-09-26T13:14:19	
L003826	poa_spoa	all	412	52.78	ok	control_vntr_matched	3461	458	1	3856	3856	1358671	longest	1184.4	766.0	12000.0	1800.0	49.33	2.04	0.02	1.37	4282	2779	4204	3951	1213	350.5	0.6183	0	0	2026-09-26T13:32:23	
L003828	poa_spoa	all	393	122.8	ok	hotspot_other	5387	453	0	8683	8239	1182609	longest	5802.1	1357.2	12000.0	1800.0	117.73	3.22	0.03	1.8	9508	9136	16559	5734	3143	583.4	0.7499	0	0	2026-09-26T13:32:39	
L003872	poa_spoa	all	89	5.39	ok	control_vntr_matched	2955	456	0	2959	2957	257164	longest	718.0	678.6	12000.0	1800.0	4.72	0.21	0.01	0.46	3018	544	787	3010	355	120.1	0.4225	0	0	2026-09-26T13:14:19	
L003883	poa_spoa	all	29	2.75	ok	control_nontr_sv	828	454	0	3714	3714	99042	longest	1102.4	1061.1	12000.0	1800.0	2.29	0.08	0.0	0.38	3714	102	136	3714	27	32.6	0.5926	0	0	2026-09-26T13:12:36	
L004021	poa_spoa	all	233	119.2	ok	control_vntr_matched	7737	419	0	11089	7743	1767348	longest	9431.6	9409.5	12000.0	1800.0	117.26	1.24	0.02	0.67	11253	2009	2836	7753	788	101.8	0.5596	0	0	2026-09-26T13:56:55	
L004145	poa_spoa	all	436	0.0	memout	hotspot_vntr	15607	457	0	15861	15852	6392192	longest	19243.4		12000.0	1800.0														2026-09-26T13:42:43	not run: predicted 19243 MB > cap 12000 MB (len1 15861, len2 15852)
L004620	poa_spoa	all	14	0.46	ok	control_nontr_sv	972	456	0	982	975	11438	longest	123.6	0.0	12000.0	1800.0	0.1	0.02	0.0	0.34	983	38	52	972	11	11.3	0.4545	0	0	2026-09-26T13:12:04	
L004848	poa_spoa	all	359	26.43	ok	hotspot_other	2107	454	0	4586	4225	604933	longest	1654.6	1613.9	12000.0	1800.0	24.69	0.95	0.01	0.77	4643	3550	6080	2594	1798	853.3	0.8081	0	0	2026-09-26T13:18:58	
L004989	poa_spoa	all	247	8.23	ok	hotspot_other	1798	453	0	3486	2820	314541	longest	977.1	938.0	12000.0	1800.0	7.41	0.34	0.01	0.47	3547	1400	2309	2177	809	449.9	0.7231	0	0	2026-09-26T13:15:06	
L005064	poa_spoa	all	240	26.77	ok	hotspot_other	3272	456	0	4126	4124	765776	longest	1348.8	1113.4	12000.0	1800.0	24.85	0.89	0.01	1.02	4380	2678	4431	4228	1870	571.5	0.6433	0	0	2026-09-26T13:20:54	
L005261	poa_spoa	all	209	8.26	ok	hotspot_other	859	455	0	4303	3778	245951	longest	1462.6	1423.5	12000.0	1800.0	7.43	0.33	0.01	0.5	4315	1946	3181	2276	1072	1248.0	0.6269	0	0	2026-09-26T13:14:12	
L005411	poa_spoa	all	421	170.96	ok	hotspot_vntr	6353	456	0	9404	9386	2302412	longest	6797.1	6787.2	12000.0	1800.0	167.39	2.54	0.03	1.01	9648	7483	11275	6495	2081	327.6	0.6641	0	0	2026-09-26T14:06:53	
L005481	poa_spoa	all	232	30.44	ok	hotspot_vntr	3018	456	0	5351	5350	706677	longest	2234.5	1994.1	12000.0	1800.0	28.98	0.75	0.01	0.7	5402	2543	3814	3525	1217	403.2	0.6787	0	0	2026-09-26T13:20:35	
L005618	poa_spoa	all	442	66.13	ok	hotspot_other	3582	457	0	6476	5833	1123281	longest	3249.7	1297.4	12000.0	1800.0	63.6	1.54	0.02	0.95	6566	4692	7833	4020	2592	723.6	0.7519	0	0	2026-09-26T13:27:05	
L005688	poa_spoa	all	18	0.56	ok	control_nontr_sv	712	455	0	965	965	16864	longest	121.0	0.0	12000.0	1800.0	0.15	0.04	0.0	0.36	967	151	203	967	124	174.2	0.6129	0	0	2026-09-26T13:12:18	
L005990	poa_spoa	all	368	224.42	ok	hotspot_vntr	6577	407	0	11718	11714	2672223	longest	10526.0	10492.8	12000.0	1800.0	220.9	2.42	0.03	1.06	12602	5694	9481	12132	2278	346.4	0.5443	0	0	2026-09-26T14:16:10	
L006556	poa_spoa	all	22	0.52	ok	control_nontr_sv	926	355	0	928	928	19466	longest	115.7	0.0	12000.0	1800.0	0.15	0.02	0.0	0.34	928	56	76	926	15	16.2	0.5333	0	0	2026-09-26T13:12:19	
L006952	poa_spoa	all	310	17.3	ok	hotspot_vntr	2403	457	0	3903	3396	525197	longest	1212.2	1174.9	12000.0	1800.0	16.08	0.58	0.01	0.63	3923	2949	4863	3172	1916	797.3	0.6336	0	0	2026-09-26T13:16:57	
L007009	poa_spoa	all	294	0.0	memout	hotspot_vntr	15479	447	9	43026	33695	3268777	longest	141288.1		12000.0	1800.0														2026-09-26T13:42:04	not run: predicted 141288 MB > cap 12000 MB (len1 43026, len2 33695)
L007033	poa_spoa	all	187	11.64	ok	control_vntr_correct	2536	450	0	3770	3662	437794	longest	1134.4	1097.7	12000.0	1800.0	10.97	0.33	0.01	0.34	3782	1262	1811	2698	56	22.1	0.4464	0	0	2026-09-26T13:16:19	
L007040	poa_spoa	all	371	0.0	memout	hotspot_vntr	19420	456	17	42606	33028	4136853	longest	138544.2		12000.0	1800.0														2026-09-26T13:42:39	not run: predicted 138544 MB > cap 12000 MB (len1 42606, len2 33028)
L007065	poa_spoa	all	49	6.1	ok	control_vntr_matched	4254	451	0	4321	4321	206173	longest	1474.5	1435.0	12000.0	1800.0	5.46	0.18	0.01	0.46	4324	386	530	4321	248	58.3	0.5403	0	0	2026-09-26T13:13:31	
L007081	poa_spoa	all	432	0.0	memout	hotspot_vntr	1493	448	0	12900	11051	1155052	longest	12746.1		12000.0	1800.0														2026-09-26T13:27:43	not run: predicted 12746 MB > cap 12000 MB (len1 12900, len2 11051)
L007161	poa_spoa	all	147	13.58	ok	hotspot_other	3479	357	0	4026	3910	388698	longest	1286.6	1248.2	12000.0	1800.0	12.12	0.56	0.01	0.88	4229	3391	5479	3757	1890	543.3	0.6947	0	0	2026-09-26T13:16:05	
L007172	poa_spoa	all	141	12.87	ok	control_vntr_matched	3009	457	0	3768	3766	453330	longest	1133.2	1093.5	12000.0	1800.0	11.77	0.46	0.01	0.63	3968	1634	2440	3754	1030	342.3	0.5845	0	0	2026-09-26T13:16:35	
L007184	poa_spoa	all	170	2.43	ok	hotspot_other	1295	454	0	1751	1543	168295	longest	283.9	242.2	12000.0	1800.0	1.93	0.14	0.0	0.36	1788	325	507	1325	158	122.0	0.5127	0	0	2026-09-26T13:13:10	
L007192	poa_spoa	all	20	0.51	ok	control_nontr_sv	685	452	0	928	927	15381	longest	115.7	0.0	12000.0	1800.0	0.15	0.02	0.0	0.33	929	41	58	928	21	30.7	0.5714	0	0	2026-09-26T13:12:16	
L007376	poa_spoa	all	149	0.0	memout	control_vntr_matched	19353	455	0	21229	20340	2818672	longest	34433.4		12000.0	1800.0														2026-09-26T13:42:00	not run: predicted 34433 MB > cap 12000 MB (len1 21229, len2 20340)
L007480	poa_spoa	all	199	9.93	ok	hotspot_other	1687	449	0	3379	3197	362360	longest	921.1	882.6	12000.0	1800.0	8.98	0.37	0.01	0.57	3397	1846	2699	3386	1092	647.3	0.7683	0	0	2026-09-26T13:15:39	
L007687	poa_spoa	all	47	2.82	ok	control_vntr_matched	2645	458	0	2815	2815	119484	longest	654.6	612.8	12000.0	1800.0	2.16	0.19	0.01	0.46	2884	651	902	2881	375	141.8	0.6107	0	0	2026-09-26T13:12:40	
L007717	poa_spoa	all	127	23.54	ok	control_vntr_matched	4426	456	0	6165	4739	529440	longest	2949.7	2910.5	12000.0	1800.0	22.2	0.61	0.01	0.72	6287	1681	2454	4545	787	177.8	0.4752	0	0	2026-09-26T13:17:25	
L007798	poa_spoa	all	374	0.0	memout	hotspot_other	4360	457	0	20065	18237	1429690	longest	30766.3		12000.0	1800.0														2026-09-26T13:32:40	not run: predicted 30766 MB > cap 12000 MB (len1 20065, len2 18237)
L007844	poa_spoa	all	436	65.71	ok	hotspot_other	1988	456	0	4964	4943	1229282	longest	1930.0	955.9	12000.0	1800.0	61.53	2.39	0.02	1.77	4985	5856	9469	4474	4093	2058.9	0.8256	0	0	2026-09-26T13:30:03	
L008216	poa_spoa	all	204	26.74	ok	hotspot_vntr	2993	449	0	6038	6013	599076	longest	2831.5	2794.2	12000.0	1800.0	25.5	0.66	0.01	0.57	6117	2153	3053	3565	724	241.9	0.645	0	0	2026-09-26T13:18:31	
L008631	poa_spoa	all	15	0.44	ok	control_nontr_sv	703	427	0	1038	1037	12197	longest	132.2	0.0	12000.0	1800.0	0.1	0.02	0.0	0.33	1038	33	46	1038	14	19.9	0.4286	0	0	2026-09-26T13:12:07	
L008864	poa_spoa	all	342	122.21	ok	hotspot_vntr	2131	455	0	11333	10880	1154582	longest	9849.0	2331.4	12000.0	1800.0	118.65	2.17	0.03	1.35	12059	10905	18407	11187	4387	2058.7	0.6781	0	0	2026-09-26T13:47:06	
L008877	poa_spoa	all	390	157.09	ok	hotspot_other	2687	457	0	10824	8223	1866318	longest	8988.5	8962.0	12000.0	1800.0	153.16	2.58	0.02	1.33	11203	7341	12686	7429	4214	1568.3	0.7565	0	0	2026-09-26T14:02:03	
L008887	poa_spoa	all	56	4.95	ok	control_vntr_correct	2592	446	0	4227	3076	161367	longest	1413.2	1373.0	12000.0	1800.0	4.39	0.15	0.01	0.4	4289	314	448	2950	89	34.3	0.427	0	0	2026-09-26T13:13:02	
L008902	poa_spoa	all	73	6.86	ok	control_vntr_correct	2816	453	0	4680	4676	209911	longest	1721.0	1681.1	12000.0	1800.0	6.16	0.24	0.01	0.45	4748	790	1119	2982	348	123.6	0.5661	0	0	2026-09-26T13:13:34	
L008976	poa_spoa	all	434	0.0	memout	hotspot_vntr	5631	444	0	37803	30201	3167440	longest	109079.1		12000.0	1800.0														2026-09-26T13:42:03	not run: predicted 109079 MB > cap 12000 MB (len1 37803, len2 30201)
L009000	poa_spoa	all	450	0.0	memout	hotspot_vntr	14411	456	0	18316	17586	2121049	longest	25644.8		12000.0	1800.0														2026-09-26T13:35:45	not run: predicted 25645 MB > cap 12000 MB (len1 18316, len2 17586)
L009283	poa_spoa	all	19	0.45	ok	control_nontr_sv	784	453	0	785	784	14194	longest	97.0	0.0	12000.0	1800.0	0.1	0.02	0.0	0.32	785	59	80	784	15	19.1	0.5333	0	0	2026-09-26T13:12:10	
L009398	poa_spoa	all	166	7.87	ok	hotspot_vntr	1951	457	0	4276	2726	273231	longest	1445.0	1406.5	12000.0	1800.0	7.26	0.23	0.01	0.38	4289	416	640	1984	209	107.1	0.3589	0	0	2026-09-26T13:14:38	
L009448	poa_spoa	all	405	0.0	memout	hotspot_vntr	7487	412	0	19789	16210	3088807	longest	29927.1		12000.0	1800.0														2026-09-26T13:42:01	not run: predicted 29927 MB > cap 12000 MB (len1 19789, len2 16210)
L009600	poa_spoa	all	8	0.45	ok	control_nontr_sv	1012	269	0	1117	1117	8516	longest	145.2	0.0	12000.0	1800.0	0.1	0.02	0.0	0.33	1117	21	27	1117	3	3.0	0.0	0	0	2026-09-26T13:11:57	
L009656	poa_spoa	all	250	82.8	ok	hotspot_vntr	5039	442	0	6994	6939	1229647	longest	3782.0	932.6	12000.0	1800.0	78.49	2.15	0.02	2.13	7355	3857	5935	6747	2441	484.4	0.6247	0	0	2026-09-26T13:31:29	
L009658	poa_spoa	all	377	0.0	memout	hotspot_vntr	10831	416	0	17197	16716	2531568	longest	22612.9		12000.0	1800.0														2026-09-26T13:41:25	not run: predicted 22613 MB > cap 12000 MB (len1 17197, len2 16716)
L009770	poa_spoa	all	88	13.64	ok	control_vntr_matched	4682	379	1	5730	4716	356000	longest	2555.0	2518.2	12000.0	1800.0	12.81	0.31	0.01	0.51	5739	948	1310	4682	395	84.4	0.4608	0	0	2026-09-26T13:15:34	
L009771	poa_spoa	all	15	0.59	ok	control_vntr_correct	1172	453	0	1340	1340	18815	longest	187.0	0.0	12000.0	1800.0	0.21	0.03	0.0	0.35	1340	100	134	1284	12	10.2	0.5	0	0	2026-09-26T13:12:19	
L009803	poa_spoa	all	442	108.63	ok	hotspot_vntr	5127	457	0	7048	6954	1475165	longest	3839.8	1350.7	12000.0	1800.0	103.75	2.85	0.02	1.99	7097	8622	13398	5243	3540	690.5	0.7768	0	0	2026-09-26T13:34:55	
L009885	poa_spoa	all	212	24.6	ok	control_vntr_correct	4169	369	0	4297	4213	852024	longest	1458.7	1425.8	12000.0	1800.0	23.49	0.57	0.01	0.54	4440	828	1227	4244	237	56.8	0.443	0	0	2026-09-26T13:22:12	
L010060	poa_spoa	all	247	20.46	ok	hotspot_other	2397	456	0	3778	3693	641498	longest	1139.0	1102.8	12000.0	1800.0	19.05	0.67	0.01	0.73	3962	2483	3870	3424	1521	634.5	0.7022	0	0	2026-09-26T13:19:46	
L010113	poa_spoa	all	56	4.61	ok	control_vntr_correct	3002	455	0	3490	3490	167738	longest	979.3	938.7	12000.0	1800.0	4.03	0.19	0.01	0.39	3636	736	1028	3021	74	24.7	0.527	0	0	2026-09-26T13:13:09	
L010328	poa_spoa	all	393	0.0	memout	hotspot_vntr	2940	451	0	20051	17076	1571507	longest	30723.4		12000.0	1800.0														2026-09-26T13:34:56	not run: predicted 30723 MB > cap 12000 MB (len1 20051, len2 17076)
L010350	poa_spoa	all	74	31.01	ok	control_vntr_matched	7377	454	3	7702	7702	548891	longest	4575.8	4044.8	12000.0	1800.0	29.92	0.37	0.01	0.7	8030	297	411	7594	44	6.0	0.6136	0	0	2026-09-26T13:18:28	
L010452	poa_spoa	all	9	0.44	ok	control_nontr_sv	803	453	0	862	862	7345	longest	106.7	0.0	12000.0	1800.0	0.09	0.02	0.0	0.33	862	33	43	862	9	11.2	0.4444	0	0	2026-09-26T13:11:51	
L010508	poa_spoa	all	75	6.65	ok	control_vntr_correct	3528	453	0	3633	3631	267553	longest	1057.0	1018.4	12000.0	1800.0	6.03	0.22	0.01	0.4	3743	499	689	3598	52	14.7	0.5769	0	0	2026-09-26T13:14:30	
L011121	poa_spoa	all	54	3.83	ok	control_vntr_correct	2551	456	0	3090	3041	152856	longest	778.5	737.7	12000.0	1800.0	3.17	0.18	0.01	0.47	3102	657	899	2897	382	149.7	0.5733	0	0	2026-09-26T13:12:59	
L011138	poa_spoa	all	363	0.0	memout	hotspot_vntr	12558	433	0	27744	24752	4437691	longest	58775.7		12000.0	1800.0														2026-09-26T13:42:42	not run: predicted 58776 MB > cap 12000 MB (len1 27744, len2 24752)
L011224	poa_spoa	all	126	7.94	ok	control_vntr_correct	2577	457	0	3169	3107	353630	longest	816.2	777.0	12000.0	1800.0	7.17	0.29	0.01	0.47	3259	835	1202	3152	407	157.9	0.5307	0	0	2026-09-26T13:15:26	
L011227	poa_spoa	all	81	8.57	ok	control_vntr_matched	3613	413	0	4362	4282	284242	longest	1501.6	1463.7	12000.0	1800.0	7.85	0.26	0.01	0.45	4452	936	1328	4262	359	99.4	0.5738	0	0	2026-09-26T13:14:48	
L011430	poa_spoa	all	161	11.92	ok	control_vntr_matched	3231	458	0	3356	3328	513277	longest	909.3	873.9	12000.0	1800.0	10.92	0.48	0.01	0.52	3555	1279	1961	3416	507	156.9	0.4201	0	0	2026-09-26T13:16:45	
L011463	poa_spoa	all	386	118.86	ok	hotspot_vntr	5878	456	0	6570	6570	2140618	longest	3343.2	1589.7	12000.0	1800.0	114.37	3.14	0.02	1.31	7503	3906	5766	6543	1806	307.2	0.5919	0	0	2026-09-26T13:37:57	
L011931	poa_spoa	all	51	1.42	ok	control_nontr_sv	965	451	0	1824	1823	87993	longest	303.8	261.0	12000.0	1800.0	1.0	0.06	0.0	0.35	1824	84	127	1824	24	24.9	0.5	0	0	2026-09-26T13:12:32	
L012184	poa_spoa	all	364	0.0	memout	hotspot_vntr	4759	447	0	39585	34318	3145535	longest	119600.5		12000.0	1800.0														2026-09-26T13:42:02	not run: predicted 119600 MB > cap 12000 MB (len1 39585, len2 34318)
L012256	poa_spoa	all	281	70.52	ok	hotspot_other	3964	374	0	10158	10101	982621	longest	7922.4	5574.1	12000.0	1800.0	68.7	1.05	0.02	0.75	10486	2420	3739	4715	995	251.0	0.5025	0	0	2026-09-26T13:23:50	
L012272	poa_spoa	all	406	0.0	memout	hotspot_vntr	55376	459	0	115456	113245	21556232	longest	1017055.0		12000.0	1800.0														2026-09-26T13:42:45	not run: predicted 1017055 MB > cap 12000 MB (len1 115456, len2 113245)
L012294	poa_spoa	all	449	0.0	memout	hotspot_vntr	3586	456	0	24260	15965	1621461	longest	44952.6		12000.0	1800.0														2026-09-26T13:34:56	not run: predicted 44953 MB > cap 12000 MB (len1 24260, len2 15965)
L012313	poa_spoa	all	65	5.02	ok	control_vntr_matched	3199	430	0	3508	3268	210224	longest	988.9	948.4	12000.0	1800.0	4.48	0.14	0.01	0.39	3511	164	224	3266	69	21.6	0.6087	0	0	2026-09-26T13:13:38	
L012489	poa_spoa	all	283	18.59	ok	hotspot_other	2812	455	3	3051	3043	803020	longest	760.2	721.6	12000.0	1800.0	17.29	0.62	0.01	0.66	3359	1401	2098	3323	1056	375.5	0.6496	0	0	2026-09-26T13:21:41	
L012530	poa_spoa	all	20	0.45	ok	control_nontr_sv	778	457	0	780	780	15298	longest	96.4	0.0	12000.0	1800.0	0.1	0.02	0.0	0.33	782	44	62	781	22	28.3	0.5	0	0	2026-09-26T13:12:13	
L013000	poa_spoa	all	174	21.95	ok	control_vntr_correct	4280	458	0	4926	4909	636330	longest	1901.3	1862.6	12000.0	1800.0	20.97	0.46	0.01	0.51	5055	964	1395	4370	161	37.6	0.5404	0	0	2026-09-26T13:19:40	
L013064	poa_spoa	all	284	15.95	ok	hotspot_other	1987	457	0	3233	2668	625348	longest	847.4	806.5	12000.0	1800.0	14.64	0.65	0.01	0.65	3360	1790	2915	2703	972	489.2	0.6049	0	0	2026-09-26T13:19:18	
L013074	poa_spoa	all	52	10.68	ok	control_vntr_correct	6844	435	0	6845	6844	242409	longest	3624.7	3586.2	12000.0	1800.0	10.1	0.17	0.01	0.39	6845	157	215	6844	27	3.9	0.5926	0	0	2026-09-26T13:14:10	
L013244	poa_spoa	all	190	0.0	memout	hotspot_vntr	5890	421	0	19476	13374	1068948	longest	28989.4		12000.0	1800.0														2026-09-26T13:25:29	not run: predicted 28989 MB > cap 12000 MB (len1 19476, len2 13374)
L013399	poa_spoa	all	7	0.45	ok	control_nontr_sv	658	457	0	1438	1438	6946	longest	207.8	0.0	12000.0	1800.0	0.09	0.02	0.0	0.34	1438	18	23	1438	6	9.1	0.3333	0	0	2026-09-26T13:11:48	
L013531	poa_spoa	all	251	21.38	ok	hotspot_other	2616	451	0	4268	4246	528379	longest	1439.8	1403.1	12000.0	1800.0	20.08	0.72	0.01	0.57	4681	3468	5904	3248	1214	464.1	0.6664	0	0	2026-09-26T13:17:12	
L014111	poa_spoa	all	46	5.89	ok	control_vntr_matched	4216	458	0	4239	4216	192588	longest	1420.9	1381.4	12000.0	1800.0	5.26	0.16	0.01	0.46	4342	378	515	4314	226	53.6	0.5354	0	0	2026-09-26T13:13:18	
L014160	poa_spoa	all	432	274.05	ok	hotspot_vntr	7998	455	0	10415	9199	3318739	longest	8325.8	8294.7	12000.0	1800.0	269.03	3.45	0.03	1.54	11193	9231	14466	9151	4211	526.5	0.6787	0	0	2026-09-26T14:24:29	
L014181	poa_spoa	all	95	20.3	ok	control_vntr_matched	3784	453	0	7223	7197	398579	longest	4030.4	3992.5	12000.0	1800.0	19.22	0.53	0.01	0.55	7268	2179	3156	4016	580	153.3	0.5121	0	0	2026-09-26T13:16:17	
L014210	poa_spoa	all	206	100.74	ok	hotspot_vntr	6321	456	0	11229	11229	1140446	longest	9669.9	2382.5	12000.0	1800.0	98.24	1.39	0.02	1.08	11419	6401	9283	7484	1960	310.1	0.6179	0	0	2026-09-26T13:45:03	
L014297	poa_spoa	all	299	71.52	ok	hotspot_vntr	3012	457	0	8151	8129	1039594	longest	5118.9	3396.0	12000.0	1800.0	69.6	1.3	0.02	0.6	8361	5250	8025	3016	681	226.1	0.4479	0	0	2026-09-26T13:25:04	
L014324	poa_spoa	all	59	5.23	ok	control_vntr_correct	2514	456	0	4083	4006	163695	longest	1321.9	1281.6	12000.0	1800.0	4.56	0.21	0.01	0.46	4144	921	1293	2977	311	123.7	0.6302	0	0	2026-09-26T13:13:06	
L014358	poa_spoa	all	352	19.47	ok	hotspot_vntr	1419	452	0	4410	3761	616639	longest	1533.8	1493.1	12000.0	1800.0	18.5	0.51	0.01	0.45	4480	1273	1948	2671	524	369.3	0.5611	0	0	2026-09-26T13:19:18	
L014426	poa_spoa	all	42	1.43	ok	control_vntr_correct	1886	456	0	1890	1886	76770	longest	322.5	279.6	12000.0	1800.0	0.96	0.08	0.0	0.39	1906	194	276	1890	132	70.0	0.4091	0	0	2026-09-26T13:12:28	
L014899	poa_spoa	all	7	0.44	ok	control_nontr_sv	1000	457	0	1000	1000	6752	longest	126.3	0.0	12000.0	1800.0	0.09	0.02	0.0	0.33	1002	23	30	1000	6	6.0	0.3333	0	0	2026-09-26T13:11:45	
L015126	poa_spoa	all	369	46.99	ok	hotspot_other	3094	456	0	5218	4555	1021503	longest	2127.3	2090.3	12000.0	1800.0	44.9	1.15	0.03	0.91	5255	3831	6322	3813	2322	750.5	0.7476	0	0	2026-09-26T13:23:52	
L015223	poa_spoa	all	80	9.11	ok	control_vntr_matched	2752	457	1	4987	4983	275635	longest	1947.4	1909.5	12000.0	1800.0	8.42	0.22	0.01	0.46	5032	496	710	4084	244	88.7	0.3443	0	0	2026-09-26T13:14:42	
L015285	poa_spoa	all	47	2.86	ok	control_vntr_correct	2681	454	0	2761	2727	121536	longest	631.6	589.9	12000.0	1800.0	2.27	0.17	0.01	0.41	2805	670	928	2681	105	39.2	0.5619	0	0	2026-09-26T13:12:45	
L015331	poa_spoa	all	373	109.32	ok	hotspot_vntr	4307	455	0	8709	8607	1564789	longest	5836.6	2222.3	12000.0	1800.0	106.0	2.16	0.03	1.11	8807	4939	7206	5616	2257	524.0	0.7067	0	0	2026-09-26T13:35:36	
L015347	poa_spoa	all	370	0.0	memout	hotspot_vntr	19125	373	0	60834	46477	6484298	longest	282396.8		12000.0	1800.0														2026-09-26T13:42:44	not run: predicted 282397 MB > cap 12000 MB (len1 60834, len2 46477)
L015415	poa_spoa	all	222	51.02	ok	hotspot_vntr	2913	458	0	9007	8477	771539	longest	6239.4	2910.5	12000.0	1800.0	49.74	0.71	0.02	0.55	9027	2364	3450	5139	826	283.6	0.6102	0	0	2026-09-26T13:21:37	
L015708	poa_spoa	all	232	15.17	ok	hotspot_other	2896	457	0	3169	3142	663205	longest	816.2	777.4	12000.0	1800.0	14.33	0.41	0.01	0.43	3368	624	895	3078	192	66.3	0.4792	0	0	2026-09-26T13:19:58	
L015743	poa_spoa	all	55	17.05	ok	control_vntr_correct	4792	454	0	11165	11161	229128	longest	9560.6	6665.0	12000.0	1800.0	16.43	0.22	0.02	0.38	11169	120	175	4795	35	7.3	0.6	0	0	2026-09-26T13:13:59	
L015847	poa_spoa	all	290	35.95	ok	hotspot_other	4289	418	0	4584	4513	944550	longest	1653.2	1612.8	12000.0	1800.0	33.86	1.14	0.01	0.93	6178	3691	5875	4432	1551	361.6	0.6041	1	953	2026-09-26T13:22:55	
L015904	poa_spoa	all	428	132.14	ok	hotspot_other	2319	450	0	12098	5975	1414660	longest	11216.5	2008.7	12000.0	1800.0	128.33	2.44	0.03	1.34	12308	6756	11862	6018	4425	1908.2	0.8206	0	0	2026-09-26T13:51:26	
L016040	poa_spoa	all	11	0.45	ok	control_nontr_sv	718	452	0	840	779	8322	longest	103.8	0.0	12000.0	1800.0	0.1	0.02	0.0	0.33	840	35	47	779	21	29.2	0.5714	0	0	2026-09-26T13:11:54	
L016062	poa_spoa	all	78	6.96	ok	control_vntr_correct	2630	415	0	4520	4519	211559	longest	1608.7	1569.9	12000.0	1800.0	6.18	0.25	0.01	0.51	4525	908	1261	2752	240	91.3	0.6542	0	0	2026-09-26T13:13:44	
L016124	poa_spoa	all	50	5.57	ok	control_vntr_matched	3725	456	0	4004	3929	185210	longest	1273.1	1233.3	12000.0	1800.0	4.88	0.22	0.01	0.46	4109	917	1267	3725	291	78.1	0.5498	0	0	2026-09-26T13:13:16	
L016274	poa_spoa	all	13	0.5	ok	control_nontr_sv	742	452	0	1270	1269	10703	longest	173.1	0.0	12000.0	1800.0	0.15	0.02	0.0	0.33	1271	34	45	1270	5	6.7	0.2	0	0	2026-09-26T13:12:01	
L016523	poa_spoa	all	38	2.4	ok	control_vntr_correct	2747	399	0	2870	2858	107205	longest	678.4	636.7	12000.0	1800.0	1.92	0.09	0.0	0.39	2896	172	237	2858	90	32.8	0.4778	0	0	2026-09-26T13:12:38	
L016830	poa_spoa	all	126	24.61	ok	control_vntr_correct	4801	454	2	6311	6311	534839	longest	3088.7	3049.6	12000.0	1800.0	23.37	0.61	0.01	0.61	6386	1465	2106	4842	601	125.2	0.4526	0	0	2026-09-26T13:17:41	
L016870	poa_spoa	all	162	0.0	memout	hotspot_other	6619	340	7	29811	22931	1089207	longest	67852.1		12000.0	1800.0														2026-09-26T13:25:40	not run: predicted 67852 MB > cap 12000 MB (len1 29811, len2 22931)
L016884	poa_spoa	all	273	13.99	ok	control_vntr_correct	2096	343	0	2463	2368	546900	longest	512.8	472.0	12000.0	1800.0	12.97	0.39	0.01	0.61	2585	784	1186	2450	553	263.8	0.5606	0	0	2026-09-26T13:17:57	
L017097	poa_spoa	all	20	0.76	ok	control_nontr_sv	762	342	0	1619	1619	29806	longest	250.0	207.2	12000.0	1800.0	0.37	0.03	0.0	0.35	1619	77	103	1619	51	66.9	0.6275	0	0	2026-09-26T13:12:22	
L017325	poa_spoa	all	196	38.11	ok	control_vntr_matched	6845	341	0	6845	5757	812083	longest	3624.7	3567.2	12000.0	1800.0	36.7	0.7	0.01	0.69	7006	2070	3152	6932	1369	200.0	0.4836	0	0	2026-09-26T13:22:19	
TR101140	poa_spoa	all	147	92.15	ok	control_vntr_matched	7400	457	0	10668	9639	1085021	longest	8732.7	2517.7	12000.0	1800.0	88.79	1.74	0.02	1.59	10955	4164	5758	9368	1663	224.7	0.6404	0	0	2026-09-26T13:28:38	
TR368009	poa_spoa	all	114	0.0	memout	control_vntr_matched	10964	455	0	13796	13796	1357701	longest	14571.0		12000.0	1800.0														2026-09-26T13:30:28	not run: predicted 14571 MB > cap 12000 MB (len1 13796, len2 13796)
TR423938	poa_spoa	all	42	2.46	ok	control_vntr_matched	2256	448	0	3102	3102	93890	longest	784.1	742.5	12000.0	1800.0	1.92	0.13	0.01	0.4	3198	527	750	2260	152	67.4	0.5197	0	0	2026-09-26T13:12:35	
TR424743	poa_spoa	all	96	0.0	memout	control_vntr_matched	3571	367	0	18254	12670	612449	longest	25471.8		12000.0	1800.0														2026-09-26T13:18:53	not run: predicted 25472 MB > cap 12000 MB (len1 18254, len2 12670)
TR446002	poa_spoa	all	34	1.58	ok	control_vntr_matched	2314	417	0	2324	2316	78040	longest	462.1	419.4	12000.0	1800.0	1.13	0.07	0.0	0.37	2328	118	167	2314	40	17.3	0.275	0	0	2026-09-26T13:12:31	
TR455654	poa_spoa	all	53	2.49	ok	control_vntr_matched	2403	455	0	2441	2418	126887	longest	504.6	463.2	12000.0	1800.0	1.99	0.1	0.0	0.4	2464	166	234	2449	32	13.3	0.375	0	0	2026-09-26T13:12:46	
TR460913	poa_spoa	all	42	0.97	ok	control_vntr_matched	1313	440	0	1505	1313	54618	longest	222.8	179.9	12000.0	1800.0	0.55	0.06	0.0	0.36	1509	154	213	1313	36	27.4	0.6389	0	0	2026-09-26T13:12:24	
TR499275	poa_spoa	all	45	6.08	ok	control_vntr_matched	4345	457	0	4471	4346	195217	longest	1575.1	1534.6	12000.0	1800.0	5.48	0.14	0.01	0.45	4471	127	171	4345	30	6.9	0.5333	0	0	2026-09-26T13:13:23	
TR499276	poa_spoa	all	65	8.57	ok	control_vntr_matched	4483	455	1	4484	4484	291404	longest	1584.0	1544.8	12000.0	1800.0	7.96	0.18	0.01	0.41	4484	181	241	4483	40	8.9	0.675	0	0	2026-09-26T13:14:58	
TR573259	poa_spoa	all	84	14.56	ok	control_vntr_matched	2919	456	0	6619	5670	322923	longest	3392.5	3355.7	12000.0	1800.0	13.71	0.35	0.01	0.48	6702	1420	2081	3950	404	138.4	0.4381	0	0	2026-09-26T13:15:16	
TR668316	poa_spoa	all	123	10.93	ok	control_vntr_matched	3063	394	0	4188	3819	380931	longest	1388.1	1349.8	12000.0	1800.0	10.22	0.28	0.01	0.42	4247	626	885	3853	223	72.8	0.4978	0	0	2026-09-26T13:15:53	
TR687433	poa_spoa	all	47	5.46	ok	control_vntr_matched	3352	278	0	4912	3722	143901	longest	1890.8	1850.9	12000.0	1800.0	4.75	0.2	0.01	0.5	4913	871	1201	3352	8	2.4	0.25	0	0	2026-09-26T13:12:54	
TR687489	poa_spoa	all	53	4.91	ok	control_vntr_matched	2731	450	0	4247	4002	146146	longest	1426.1	1385.8	12000.0	1800.0	4.29	0.16	0.01	0.45	4278	452	636	2734	12	4.4	0.5	0	0	2026-09-26T13:12:56	
TR724750	poa_spoa	all	76	6.68	ok	control_vntr_matched	2978	458	0	3731	3727	229488	longest	1112.0	1073.0	12000.0	1800.0	5.85	0.34	0.01	0.48	3742	1696	2356	3152	412	138.3	0.6311	0	0	2026-09-26T13:13:52	
TR743754	poa_spoa	all	42	2.82	ok	control_vntr_matched	2923	457	0	3007	2926	120504	longest	739.9	698.2	12000.0	1800.0	2.29	0.11	0.0	0.41	3010	206	279	2923	110	37.6	0.5091	0	0	2026-09-26T13:12:42	
TR831034	poa_spoa	all	322	162.12	ok	control_vntr_matched	6904	342	0	7462	7419	2219717	longest	4298.2	1352.7	12000.0	1800.0	155.01	5.14	0.03	1.92	8700	6587	10130	7817	2536	367.3	0.6707	0	0	2026-09-26T13:41:24	
