panel	method	regions	ok	refused	timeout	memout	threads	rss_measure	sec_median	sec_p90	sec_max	sec_total_h	sec_median_hotspot	rss_n	rss_median_mb	rss_p90_mb	rss_max_mb	common_n	common_sec_median	common_sec_total_h	common_rss_median_mb	common_rss_max_mb	refused_msa_too_large	refused_pred_mb_max	refused_pred_s_max
hap32	mafft_fftns2	149	149	0	0	0	2	sampled	0.610	9.424	188.430	0.225	5.380	42	1961.700	6329.810	8764.500	135	0.500	0.061	1274.650	3635.100	0		
hap32	mafft_linsi	149	148	0	0	1	1/2	sampled	4.775	92.099	737.040	1.548	46.950	93	1284.600	6745.500	12518.800	135	3.630	0.550	919.700	4820.000	0		
hap32	mafft_einsi	149	146	0	2	1	1/2	sampled	3.325	88.810	397.120	1.244	48.780	87	1637.400	6606.840	12216.600	135	3.000	0.568	1316.550	7423.400	0		
hap32	mafft_ginsi	149	148	0	0	1	1/2	sampled	3.860	87.831	846.560	1.529	46.310	91	1211.000	6280.800	14521.400	135	3.070	0.522	875.000	6275.800	0		
hap32	poa_abpoa	149	146	3	0	0	1	sampled	0.110	2.105	10.410	0.029	1.160	16	1601.750	6487.700	7514.900	135	0.100	0.012	1039.550	1296.800	0		
hap32	poa_spoa	149	135	14	0	0	1	sampled	0.920	6.782	21.580	0.090	5.190	43	3236.900	7068.180	9772.400	135	0.920	0.090	3236.900	9772.400	0		
hap32	poa_abpoa_mc	149	149	0	0	0	1	exact	1.140	7.994	18.000	0.110	4.320	149	279.200	3049.560	5531.800	135	1.050	0.064	254.900	5531.800	0		
hap32	unit_aware	149	149	0	0	0	2	sampled	2.250	8.874	420.660	0.333	5.470	0				135	2.000	0.167			0		
full	mafft_fftns2	149	140	8	1	0	2	sampled	4.825	406.166	3054.450	5.712	302.140	91	2774.700	6926.600	8585.400	104	2.460	0.356	972.700	6756.500	0	8500.000	53083.700
full	mafft_fftnsi	149	105	43	1	0	2	sampled	6.080	182.000	1562.760	2.390	204.160	72	678.700	3334.330	6662.100	104	5.930	2.378	670.000	6662.100	0	8500.000	106167.500
full	mafft_linsi	149	77	71	1	0	1/3	sampled	31.340	275.760	1028.890	1.887	463.030	59	1097.300	2599.540	5707.200	0					0	249782.000	1854058.900
full	mafft_einsi	149	65	84	0	0	1/3	sampled	18.570	142.948	812.440	1.029	190.200	47	1064.600	3646.920	8126.800	0					0	249782.000	1854058.900
full	mafft_ginsi	149	65	84	0	0	1/3	sampled	22.820	103.250	321.020	0.779	128.080	47	715.500	2099.960	5767.500	0					0	249782.000	1854058.900
full	poa_abpoa	149	138	11	0	0	1	sampled	0.985	30.313	269.280	0.558	24.665	59	726.400	5700.120	8913.900	104	0.505	0.048	269.700	1290.400	0	274370.500	
full	poa_spoa	149	123	26	0	0	1	sampled	8.980	105.550	269.030	1.034	91.125	94	1424.650	3922.390	10492.800	104	6.170	0.399	1373.000	10492.800	0	1017055.000	
full	poa_abpoa_mc	149	148	1	0	0	1	exact	20.755	182.296	415.750	2.288	123.540	148	588.800	4339.230	7085.300	104	14.415	0.537	368.900	4287.000	1		
full	unit_aware	149	149	0	0	0	3	sampled	13.030	210.038	1721.550	3.471	131.565	127	576.000	3667.800	9660.000	104	6.580	0.563	163.500	6995.000	0		
