region_id	stratum	span_bp	ed_ref	gw_ed_truth	gw_FP	gw_FN	gw_labels_FP	gw_labels_FN	stage2_identical	stage2_ed_vs_gw	stage2_ed_truth	stage2_rec_same	stage2_rec_phase_only	stage2_rec_genotype	stage2_rec_only_local	stage2_rec_only_gw	stage2_dr_ratio	stage2_FP	stage2_FN	stage2nodepth_identical	stage2nodepth_ed_vs_gw	stage2nodepth_ed_truth	stage2nodepth_rec_same	stage2nodepth_rec_phase_only	stage2nodepth_rec_genotype	stage2nodepth_rec_only_local	stage2nodepth_rec_only_gw	stage2nodepth_dr_ratio	stage2nodepth_FP	stage2nodepth_FN	stage2orig_identical	stage2orig_ed_vs_gw	stage2orig_ed_truth	stage2orig_rec_same	stage2orig_rec_phase_only	stage2orig_rec_genotype	stage2orig_rec_only_local	stage2orig_rec_only_gw	stage2orig_dr_ratio	stage2orig_FP	stage2orig_FN	gwsub10k_identical	gwsub10k_ed_vs_gw	gwsub10k_ed_truth	gwsub10k_rec_same	gwsub10k_rec_phase_only	gwsub10k_rec_genotype	gwsub10k_rec_only_local	gwsub10k_rec_only_gw	gwsub10k_dr_ratio	gwsub10k_FP	gwsub10k_FN	gwsub50k_identical	gwsub50k_ed_vs_gw	gwsub50k_ed_truth	gwsub50k_rec_same	gwsub50k_rec_phase_only	gwsub50k_rec_genotype	gwsub50k_rec_only_local	gwsub50k_rec_only_gw	gwsub50k_dr_ratio	gwsub50k_FP	gwsub50k_FN	gwsub200k_identical	gwsub200k_ed_vs_gw	gwsub200k_ed_truth	gwsub200k_rec_same	gwsub200k_rec_phase_only	gwsub200k_rec_genotype	gwsub200k_rec_only_local	gwsub200k_rec_only_gw	gwsub200k_dr_ratio	gwsub200k_FP	gwsub200k_FN	hybrid200korig_identical	hybrid200korig_ed_vs_gw	hybrid200korig_ed_truth	hybrid200korig_rec_same	hybrid200korig_rec_phase_only	hybrid200korig_rec_genotype	hybrid200korig_rec_only_local	hybrid200korig_rec_only_gw	hybrid200korig_dr_ratio	hybrid200korig_FP	hybrid200korig_FN	hybrid50k_identical	hybrid50k_ed_vs_gw	hybrid50k_ed_truth	hybrid50k_rec_same	hybrid50k_rec_phase_only	hybrid50k_rec_genotype	hybrid50k_rec_only_local	hybrid50k_rec_only_gw	hybrid50k_dr_ratio	hybrid50k_FP	hybrid50k_FN	hybrid200k_identical	hybrid200k_ed_vs_gw	hybrid200k_ed_truth	hybrid200k_rec_same	hybrid200k_rec_phase_only	hybrid200k_rec_genotype	hybrid200k_rec_only_local	hybrid200k_rec_only_gw	hybrid200k_dr_ratio	hybrid200k_FP	hybrid200k_FN	hybrid200knodepth_identical	hybrid200knodepth_ed_vs_gw	hybrid200knodepth_ed_truth	hybrid200knodepth_rec_same	hybrid200knodepth_rec_phase_only	hybrid200knodepth_rec_genotype	hybrid200knodepth_rec_only_local	hybrid200knodepth_rec_only_gw	hybrid200knodepth_dr_ratio	hybrid200knodepth_FP	hybrid200knodepth_FN
L009656	hotspot_vntr	5039	673	2241	12	2	12	2	0	1692	3845	98	1	26	0	0	2.452	12	2	0	2180	4333	97	1	27	0	0	2.452			0	2165	4315	94	5	26	0	0	3.017			0	2	2239	124	1	0	0	0	1.064			0	2	2239	124	1	0	0	0	1.0			1	0	2241	125	0	0	0	0	1.0			1	0	2241	125	0	0	0	0	1.0	12	2	0	981	2521	117	2	6	2	0	1.016			0	87	2166	118	1	6	1	0	1.024	12	2	0	2180	4333	97	1	27	0	0	1.022		
L014297	hotspot_vntr	3012	1754	257	14	1	14	1	0	578	833	46	33	10	3	14	0.97	12	1	0	578	833	46	33	10	3	14	0.97			0	356	609	64	10	13	1	16	1.0			0	119	372	75	0	11	2	17	1.0			0	242	257	39	64	0	0	0	1.0			0	242	257	39	64	0	0	0	1.0			0	242	257	39	64	0	0	0	1.0	14	1	0	236	251	39	38	10	1	16	0.959			0	242	257	39	64	0	0	0	0.944	14	1	0	238	253	39	39	10	1	15	0.944		
L015415	hotspot_vntr	2913	2621	690	12	8	12	8	0	478	212	67	0	2	0	0	1.671	12	8	0	478	212	67	0	2	0	0	1.671			0	637	371	61	0	8	0	0	2.113			1	0	690	69	0	0	0	0	1.0			1	0	690	69	0	0	0	0	1.0			1	0	690	69	0	0	0	0	1.0			1	0	690	69	0	0	0	0	1.0	12	8	1	0	690	69	0	0	0	0	1.025			1	0	690	11	58	0	0	0	1.025	12	8	0	536	161	11	50	4	1	4	1.009		
L005990	hotspot_vntr	6577	846	6677	23	1	23	1	0	917	6666	70	65	9	5	3	0.982	23	1	0	917	6666	70	65	9	5	3	0.988			1	0	6677	62	85	0	0	0	1.0			1	0	6677	147	0	0	0	0	1.0			1	0	6677	147	0	0	0	0	1.0			1	0	6677	147	0	0	0	0	1.0			1	0	6677	147	0	0	0	0	1.0	23	1	0	895	6636	71	64	9	3	3	0.982			0	895	6636	71	64	9	3	3	0.97	23	1	0	895	6636	71	64	9	3	3	0.97		
L012184	hotspot_vntr	4759	8317	1160	21	8	21	8	0	1173	447	195	8	24	12	12	0.991	19	6	0	497	1126	196	8	23	12	12	0.991			0	1560	675	167	54	17	6	1	1.0			1	0	1160	239	0	0	0	0	1.0			1	0	1160	239	0	0	0	0	1.0			0	2225	1343	172	67	0	0	0	1.0			0	2225	1343	172	67	0	0	0	1.0	21	8	0	920	563	153	67	16	4	3	0.953			0	434	1002	128	91	16	5	4	0.979	22	7	0	434	1002	128	91	16	5	4	0.979		
L002013	hotspot_vntr	4381	2458	5063	20	11	20	11	0	3547	1704	155	12	23	24	27	1.067	18	11	0	3518	1733	159	12	22	23	24	1.074			0	74	5134	209	0	6	3	2	1.0			0	2	5065	216	1	0	0	0	1.0			1	0	5063	217	0	0	0	0	1.0			1	0	5063	217	0	0	0	0	1.0			1	0	5063	217	0	0	0	0	1.0	20	11	0	109	5016	45	153	8	6	11	1.016			0	98	5015	195	3	8	6	11	1.006	20	11	0	88	5036	47	153	8	3	9	1.01		
L011138	hotspot_vntr	12558	7502	1977	17	18	17	18	0	14320	14625	10	12	18	0	89	3.488	6	23	0	14693	14999	19	2	18	0	90	3.488			0	13021	14742	37	0	60	3	32	1.0			0	2898	2586	98	28	1	1	2	1.0			1	0	1977	129	0	0	0	0	1.0			1	0	1977	129	0	0	0	0	1.0			1	0	1977	129	0	0	0	0	1.0	17	18	0	2231	1617	11	10	50	5	58	0.996			0	598	2561	111	8	10	24	0	1.011	19	19	0	12975	14788	39	0	61	2	29	1.072		
L012272	hotspot_vntr	55376	7022	1407	12	12	12	12	0	241	1353	129	0	1	16	8	1.232	11	12	0	241	1353	129	0	1	16	8	1.232			1	0	1407	138	0	0	0	0	1.0			1	0	1407	138	0	0	0	0	1.0			1	0	1407	0	138	0	0	0	1.0			1	0	1407	0	138	0	0	0	1.0			1	0	1407	0	138	0	0	0	1.0	12	12	0	242	1353	0	129	1	17	8	0.985			0	257	1311	128	0	1	16	9	0.997	11	12	0	238	1355	0	129	1	16	8	0.996		
L001909	hotspot_vntr	15660	7652	6372	26	25	26	25	0	6218	1451	56	26	74	66	44	1.312	27	24	0	4835	2027	39	27	84	56	50	1.312			0	3214	3450	100	33	50	29	17	1.0			0	1402	5550	165	28	5	6	2	1.0			0	668	6318	176	8	10	4	6	1.0			1	0	6372	200	0	0	0	0	1.0			1	0	6372	200	0	0	0	0	1.0	26	25	0	3265	3401	52	85	29	36	34	1.08			0	1811	7471	128	15	24	54	33	1.019	27	25	0	1622	6166	58	25	78	74	39	1.015		
L016870	hotspot_other	6619	10162	2	13	2	13	2	1	0	2	34	0	0	0	0	1.0	13	2	1	0	2	34	0	0	0	0	1.0			1	0	2	34	0	0	0	0	1.0			1	0	2	34	0	0	0	0	1.0			1	0	2	34	0	0	0	0	1.0			1	0	2	34	0	0	0	0	1.0			1	0	2	34	0	0	0	0	1.0	13	2	0	2	0	34	0	0	1	0	1.0			0	2	0	34	0	0	1	0	1.0	13	2	0	2	0	34	0	0	1	0	1.0		
L016124	control_vntr_matched	3725	299	0	0	0	0	0	1	0	0	25	0	0	0	0	0.935	0	0	1	0	0	25	0	0	0	0	0.935			1	0	0	25	0	0	0	0	1.004			1	0	0	25	0	0	0	0	0.998			1	0	0	0	25	0	0	0	1.001			1	0	0	25	0	0	0	0	1.0			1	0	0	25	0	0	0	0	1.0	0	0	1	0	0	25	0	0	0	0	1.091			1	0	0	25	0	0	0	0	0.998	0	0	1	0	0	25	0	0	0	0	0.998		
L007687	control_vntr_matched	2645	175	0	0	0	0	0	0	171	171	2	0	1	0	1	1.1	0	0	0	171	171	2	0	1	0	1	1.1			0	171	171	2	0	1	0	1	1.419			1	0	0	2	2	0	0	0	0.995			1	0	0	2	2	0	0	0	1.0			1	0	0	4	0	0	0	0	1.0			1	0	0	4	0	0	0	0	1.0	0	0	1	0	0	4	0	0	0	0	0.981			1	0	0	2	2	0	0	0	0.991	0	0	1	0	0	2	2	0	0	0	0.991		
L007172	control_vntr_matched	3009	338	0	0	0	0	0	1	0	0	5	0	0	0	0	1.334	0	0	1	0	0	5	0	0	0	0	1.334			1	0	0	5	0	0	0	0	1.396			1	0	0	5	0	0	0	0	1.053			1	0	0	0	5	0	0	0	1.0			1	0	0	5	0	0	0	0	1.0			1	0	0	5	0	0	0	0	1.0	0	0	1	0	0	5	0	0	0	0	1.014			1	0	0	0	5	0	0	0	1.002	0	0	1	0	0	0	5	0	0	0	1.002		
L011430	control_vntr_matched	3231	276	0	0	0	0	0	1	0	0	38	0	0	0	0	1.097	0	0	1	0	0	38	0	0	0	0	1.097			1	0	0	38	0	0	0	0	1.353			1	0	0	38	0	0	0	0	1.087			1	0	0	16	22	0	0	0	1.0			1	0	0	38	0	0	0	0	1.0			1	0	0	38	0	0	0	0	1.0	0	0	1	0	0	16	22	0	0	0	1.017			1	0	0	38	0	0	0	0	0.99	0	0	1	0	0	38	0	0	0	0	0.99		
L007065	control_vntr_matched	4254	73	0	0	0	0	0	1	0	0	2	3	0	0	0	0.921	0	0	1	0	0	2	3	0	0	0	0.921			1	0	0	2	3	0	0	0	1.114			1	0	0	2	3	0	0	0	1.005			1	0	0	5	0	0	0	0	1.0			1	0	0	2	3	0	0	0	1.0			1	0	0	2	3	0	0	0	1.0	0	0	1	0	0	5	0	0	0	0	1.0			1	0	0	2	3	0	0	0	1.0	0	0	1	0	0	5	0	0	0	0	1.0		
L004021	control_vntr_matched	7737	222	6	0	0	0	0	0	6	0	35	3	0	0	0	0.166	0	0	0	6	0	35	3	0	0	0	0.166			0	6	0	35	3	0	0	0	0.172			1	0	6	38	0	0	0	0	0.627			1	0	6	38	0	0	0	0	0.922			1	0	6	28	10	0	0	0	0.922			1	0	6	28	10	0	0	0	0.922	0	0	0	8	2	32	6	0	0	0	0.371			0	8	2	34	4	0	0	0	0.629	0	0	0	8	2	34	4	0	0	0	0.629		
L014111	control_vntr_matched	4216	303	0	0	0	0	0	1	0	0	0	50	0	0	0	1.066	0	0	1	0	0	0	50	0	0	0	1.066			1	0	0	0	50	0	0	0	1.372			1	0	0	0	50	0	0	0	1.033			1	0	0	0	50	0	0	0	1.0			1	0	0	0	50	0	0	0	1.0			1	0	0	0	50	0	0	0	1.0	0	0	1	0	0	0	50	0	0	0	1.056			1	0	0	50	0	0	0	0	0.996	0	0	1	0	0	50	0	0	0	0	0.996		
L000506	control_nontr_sv	1129	328	0	0	0	0	0	0	1	1	1	0	0	1	0	1.04	0	0	0	1	1	1	0	0	1	0	1.04			1	0	0	1	0	0	0	0	1.204			1	0	0	0	1	0	0	0	1.004			1	0	0	1	0	0	0	0	1.0			1	0	0	1	0	0	0	0	1.0			1	0	0	1	0	0	0	0	1.0	0	0	0	1	1	0	1	0	1	0	1.064			0	1	1	1	0	0	1	0	1.064	0	0	0	1	1	1	0	0	1	0	1.064		
L006556	control_nontr_sv	926	307	0	0	0	0	0	1	0	0	0	4	0	0	0	1.33	0	0	1	0	0	0	4	0	0	0	1.33			1	0	0	0	4	0	0	0	1.732			1	0	0	0	4	0	0	0	1.032			1	0	0	0	4	0	0	0	0.998			1	0	0	4	0	0	0	0	1.0			1	0	0	4	0	0	0	0	1.0	0	0	1	0	0	4	0	0	0	0	1.246			1	0	0	4	0	0	0	0	1.143	0	0	1	0	0	0	4	0	0	0	1.143		
