stratum	label	baseline	n	ed_median	base_ed_median	ed_sum	base_ed_sum	diff_median	diff_sum	better_gt0	worse_gt0	equal	better_gt10	worse_gt10	exact	base_exact	ed_per_kb_median	ed_ref_sum	gain_pooled	gain_median	raw_f1_pooled	refined_f1_pooled	phab_f1_pooled	truvari_n	raw_fp_sum	raw_fn_sum	rawrule_ed_sum	rawrule_base_ed_sum	rawrule_better_gt0	rawrule_worse_gt0	rule_changed_regions	suppress_ed_sum	suppress_base_ed_sum	suppress_better_gt0	suppress_worse_gt0	suppress_changed_regions	applied_under_nonref_parent	descendant_before_ancestor	phase_optimised	phase_greedy	crossing_edge	missing_or_filtered	top_flags	regions	noise_n	noise_margin_sum	better_noise	worse_noise	noise_missing
hotspot_vntr	mc	mc	9	2166.0000	2166.0000	27140	27140	0.0000	0	0	0	9	0	0	0	0	126.1079	38845	0.3013	0.6586	0.2373	0.2373	0.5755	9	160	86	27109	27109	0	0	5	25999	25999	0	0	7	23	4	0	0	0	9	missing_alleles_as_ref:9;overlap_skipped_alleles:9;applied_under_nonref_parent:7;descendant_before_ancestor_by_pos:4	L001909,L002013,L005990,L009656,L011138,L012184,L012272,L014297,L015415	9	0	0	0	
hotspot_vntr	mc_relabel	mc	9	1355.0000	2166.0000	25137	27140	0.0000	-2003	1	4	4	1	3	0	0	102.6022	38845	0.3529	0.7367	0.2489	0.2489	0.5463	9	152	85	25113	27109	1	4	5	24800	25999	1	4	6	24	4	0	0	0	9	missing_alleles_as_ref:9;overlap_skipped_alleles:9;applied_under_nonref_parent:6;descendant_before_ancestor_by_pos:4	L001909,L002013,L005990,L009656,L011138,L012184,L012272,L014297,L015415	9	13683	0	0	
hotspot_vntr	mc_unchop	mc	9	1977.0000	2166.0000	23089	27140	-584.0000	-4051	5	3	1	5	2	0	0	102.6022	38845	0.4056	0.7365	0.2632	0.2632	0.5545	9	148	83	23075	27109	5	2	3	21477	25999	5	2	6	18	4	0	0	0	9	missing_alleles_as_ref:9;overlap_skipped_alleles:9;applied_under_nonref_parent:6;descendant_before_ancestor_by_pos:4	L001909,L002013,L005990,L009656,L011138,L012184,L012272,L014297,L015415	9	19958	2	0	
hotspot_vntr	genomewide	mc	9	1977.0000	2166.0000	25849	27140	41.0000	-1291	3	5	1	3	5	0	0	102.6022	38845	0.3346	0.7365	0.2365	0.2365	0.5025	9	157	86	25844	27109	2	5	5	24683	25999	2	5	7	26	4	0	0	0	9	missing_alleles_as_ref:9;overlap_skipped_alleles:9;applied_under_nonref_parent:7;descendant_before_ancestor_by_pos:4	L001909,L002013,L005990,L009656,L011138,L012184,L012272,L014297,L015415	0	0	0	0	L001909,L002013,L005990,L009656,L011138,L012184,L012272,L014297,L015415
hotspot_vntr	truth	mc	9	1.0000	2166.0000	941	27140	-2166.0000	-26199	9	0	0	9	0	4	0	0.0300	38845	0.9758	0.9999	0.3093	0.6289	0.9326	9	61	89	904	27109	9	0	2	904	25999	9	0	2	2	0	0	0	0	5	missing_alleles_as_ref:5;overlap_skipped_alleles:4;applied_under_nonref_parent:2	L001909,L002013,L005990,L009656,L011138,L012184,L012272,L014297,L015415	9	9761	7	0	
hotspot_other	mc	mc	1	0.0000	0.0000	0	0	0.0000	0	0	0	1	0	0	1	1	0.0000	10162	1.0000	1.0000	0.0000	0.0000	0.8000	1	13	2	0	0	0	0	0	0	0	0	0	0	0	0	0	0	0	0	overlap_skipped_alleles:1	L016870	1	0	0	0	
hotspot_other	mc_relabel	mc	1	0.0000	0.0000	0	0	0.0000	0	0	0	1	0	0	1	1	0.0000	10162	1.0000	1.0000	0.0000	0.0000	0.8000	1	13	2	0	0	0	0	0	0	0	0	0	0	0	0	0	0	0	0	overlap_skipped_alleles:1	L016870	1	0	0	0	
hotspot_other	mc_unchop	mc	1	0.0000	0.0000	0	0	0.0000	0	0	0	1	0	0	1	1	0.0000	10162	1.0000	1.0000	0.0000	0.0000	0.8000	1	13	2	0	0	0	0	0	0	0	0	0	0	0	0	0	0	0	0	overlap_skipped_alleles:1	L016870	1	0	0	0	
hotspot_other	genomewide	mc	1	2.0000	0.0000	2	0	2.0000	2	0	1	0	0	0	0	1	0.6494	10162	0.9998	0.9998	0.0000	0.0000	0.8000	1	13	2	2	0	0	1	0	2	0	0	1	0	0	0	0	0	0	0	overlap_skipped_alleles:1	L016870	0	0	0	0	L016870
hotspot_other	truth	mc	1	0.0000	0.0000	0	0	0.0000	0	0	0	1	0	0	1	1	0.0000	10162	1.0000	1.0000	0.6667	1.0000	1.0000	1	0	1	0	0	0	0	0	0	0	0	0	0	0	0	0	0	0	0		L016870	1	0	0	0	
control_vntr_matched	mc	mc	7	0.0000	0.0000	2	2	0.0000	0	0	0	7	0	0	6	6	0.0000	1686	0.9988	1.0000	1.0000	1.0000	1.0000	7	0	0	2	2	0	0	0	2	2	0	0	0	0	0	0	0	0	1	missing_alleles_as_ref:1	L004021,L007065,L007172,L007687,L011430,L014111,L016124	7	0	0	0	
control_vntr_matched	mc_relabel	mc	7	0.0000	0.0000	2	2	0.0000	0	0	0	7	0	0	6	6	0.0000	1686	0.9988	1.0000	1.0000	1.0000	1.0000	7	0	0	2	2	0	0	0	2	2	0	0	0	0	0	0	0	0	1	missing_alleles_as_ref:1	L004021,L007065,L007172,L007687,L011430,L014111,L016124	7	0	0	0	
control_vntr_matched	mc_unchop	mc	7	0.0000	0.0000	2	2	0.0000	0	0	0	7	0	0	6	6	0.0000	1686	0.9988	1.0000	1.0000	1.0000	1.0000	7	0	0	2	2	0	0	0	2	2	0	0	0	0	0	0	0	0	1	missing_alleles_as_ref:1	L004021,L007065,L007172,L007687,L011430,L014111,L016124	7	0	0	0	
control_vntr_matched	genomewide	mc	7	0.0000	0.0000	6	2	0.0000	4	0	1	6	0	0	6	6	0.0000	1686	0.9964	1.0000	1.0000	1.0000	1.0000	7	0	0	6	2	0	1	0	6	2	0	1	0	0	0	0	0	0	1	missing_alleles_as_ref:1	L004021,L007065,L007172,L007687,L011430,L014111,L016124	0	0	0	0	L004021,L007065,L007172,L007687,L011430,L014111,L016124
control_vntr_matched	truth	mc	7	0.0000	0.0000	0	2	0.0000	-2	1	0	6	0	0	7	6	0.0000	1686	1.0000	1.0000	0.8421	1.0000	1.0000	7	1	2	0	2	1	0	0	0	2	1	0	0	0	0	0	0	0	0		L004021,L007065,L007172,L007687,L011430,L014111,L016124	7	0	1	0	
control_nontr_sv	mc	mc	2	0.5000	0.5000	1	1	0.0000	0	0	0	2	0	0	1	1	0.2591	635	0.9984	0.9985	1.0000	1.0000	1.0000	2	0	0	1	1	0	0	0	1	1	0	0	0	0	0	0	0	0	2	missing_alleles_as_ref:2	L000506,L006556	2	0	0	0	
control_nontr_sv	mc_relabel	mc	2	0.5000	0.5000	1	1	0.0000	0	0	0	2	0	0	1	1	0.2591	635	0.9984	0.9985	1.0000	1.0000	1.0000	2	0	0	1	1	0	0	0	1	1	0	0	0	0	0	0	0	0	2	missing_alleles_as_ref:2	L000506,L006556	2	0	0	0	
control_nontr_sv	mc_unchop	mc	2	0.5000	0.5000	1	1	0.0000	0	0	0	2	0	0	1	1	0.2591	635	0.9984	0.9985	1.0000	1.0000	1.0000	2	0	0	1	1	0	0	0	1	1	0	0	0	0	0	0	0	0	2	missing_alleles_as_ref:2	L000506,L006556	2	0	0	0	
control_nontr_sv	genomewide	mc	2	0.0000	0.5000	0	1	-0.5000	-1	1	0	1	0	0	2	1	0.0000	635	1.0000	1.0000	1.0000	1.0000	1.0000	2	0	0	0	1	1	0	0	0	1	1	0	0	0	0	0	0	0	1	missing_alleles_as_ref:1	L000506,L006556	0	0	0	0	L000506,L006556
control_nontr_sv	truth	mc	2	155.0000	0.5000	310	1	154.5000	309	1	1	0	0	1	1	1	100.1939	635	0.5118	0.4951	0.6667	0.6667	0.6667	2	0	1	310	1	1	1	0	310	1	1	1	0	0	0	0	0	0	0		L000506,L006556	2	0	1	1	
