stratum	graph	n	ed_sum	mc_ed_sum	production_ed_sum	better	worse	tie	exact	mc_exact	better_ids	worse_ids
hotspot_vntr	mc	39	120918	120918	121692	0	0	39	0	0		
hotspot_vntr	unit_aware__all	39	82638	120918	121692	20	15	4	0	0	L009000,L007009,L005990,L005411,L002013,L010328,L007040,L008864,L002096,L015331,L005481,L014358,L014297,L008216,L008976,L001264,L012272,L011463,L009656,L009398	L009658,L012184,L000289,L001084,L009803,L013244,L011138,L002143,L015347,L014160,L004145,L000034,L006952,L015415,L002182
hotspot_vntr	mafft_linsi	38	139210	119565	120285	19	13	6	0	0	L005990,L005411,L002013,L010328,L008864,L002096,L015331,L005481,L014358,L014297,L008216,L008976,L014210,L001264,L015415,L011463,L002182,L009656,L009398	L001909,L009000,L007009,L009658,L001084,L009803,L013244,L011138,L002143,L015347,L014160,L004145,L006952
hotspot_vntr	unit_aware	39	80048	120918	121692	21	10	8	1	0	L009000,L005990,L005411,L002013,L010328,L009803,L007040,L008864,L002096,L015331,L005481,L014297,L006952,L008216,L008976,L001264,L012272,L015415,L011463,L009656,L009398	L007009,L009658,L000289,L001084,L011138,L002143,L015347,L014358,L004145,L002182
hotspot_vntr	poa_abpoa	36	85029	108446	109600	20	9	7	0	0	L005990,L005411,L002013,L010328,L002143,L007040,L008864,L002096,L014358,L014297,L004145,L009448,L000034,L006952,L008216,L008976,L001264,L011463,L009656,L009398	L009000,L007009,L009658,L001084,L009803,L013244,L015331,L005481,L002182
hotspot_vntr	poa_abpoa__all	29	41054	81926	77942	17	8	4	0	0	L009000,L005990,L005411,L002013,L010328,L009803,L008864,L002096,L005481,L014297,L000034,L008216,L001264,L015415,L011463,L009656,L009398	L009658,L002143,L014160,L014358,L004145,L006952,L014210,L002182
hotspot_vntr	truth	39	15840	120918	121692	33	1	5	20	0	L001909,L009000,L009658,L005990,L005411,L002013,L000289,L001084,L010328,L009803,L013244,L011138,L007040,L008864,L015347,L012294,L002096,L015331,L005481,L014358,L014297,L009448,L000034,L006952,L008216,L008976,L014210,L001264,L012272,L015415,L011463,L009656,L009398	L007009
hotspot_other	mc	24	23549	23549	28384	0	0	24	2	2		
hotspot_other	unit_aware__all	24	16634	23549	28384	12	7	5	1	2	L003828,L015847,L012256,L007798,L013531,L012489,L010060,L005064,L003695,L013064,L002940,L007184	L008877,L004989,L005618,L007161,L015126,L004848,L007480
hotspot_other	mafft_linsi	24	12665	23549	28384	13	6	5	2	2	L003828,L015847,L008877,L007798,L005261,L007844,L010060,L004848,L007480,L003695,L002940,L007184,L015708	L004989,L013531,L005618,L015126,L005064,L013064
hotspot_other	unit_aware	24	13832	23549	28384	14	5	5	1	2	L003828,L015847,L012256,L007798,L005261,L007844,L004848,L007480,L005064,L003695,L013064,L002940,L007184,L015708	L008877,L004989,L005618,L007161,L015126
hotspot_other	poa_abpoa	24	13390	23549	28384	10	7	7	1	2	L003828,L015904,L015847,L012256,L007798,L013531,L010060,L007480,L005064,L007184	L008877,L004989,L007161,L015126,L004848,L013064,L002940
hotspot_other	poa_abpoa__all	23	15457	23549	28382	13	5	5	1	1	L003828,L015904,L015847,L012256,L007798,L005618,L007844,L004848,L007480,L003695,L013064,L002940,L007184	L008877,L013531,L007161,L015126,L010060
hotspot_other	truth	24	2308	23549	28384	18	4	2	12	2	L003828,L015904,L015847,L008877,L012256,L007798,L005261,L005618,L007844,L015126,L010060,L004848,L007480,L005064,L013064,L002940,L007184,L015708	L004989,L013531,L012489,L007161
control_vntr_matched	mc	39	1677	1677	173	0	0	39	25	25		
control_vntr_matched	unit_aware__all	39	4739	1677	173	0	11	28	17	25		L011430,L017325,TR101140,L000308,L003826,TR460913,L011227,L014181,TR573259,L014111,L001899
control_vntr_matched	mafft_linsi	39	1360	1677	173	3	1	35	25	25	TR101140,TR668316,L001899	L014111
control_vntr_matched	unit_aware	39	2665	1677	173	3	3	33	24	25	TR101140,TR831034,L001899	L011430,L017325,L000308
control_vntr_matched	poa_abpoa	39	3768	1677	173	3	4	32	25	25	TR101140,TR668316,L001899	L007172,L017325,L003826,TR831034
control_vntr_matched	poa_abpoa__all	39	4671	1677	173	2	8	29	20	25	TR101140,TR831034	L010350,L007172,L011430,L017325,L003826,TR423938,L011227,L001899
control_vntr_matched	truth	39	257	1677	173	13	2	24	35	25	L007376,L000709,L017325,TR101140,L004021,L003826,TR687433,TR668316,L007717,L012313,TR446002,TR831034,L001899	L000308,L014181
control_vntr_correct	mc	24	7149	7149	1338	0	0	24	13	13		
control_vntr_correct	unit_aware__all	24	8928	7149	1338	5	5	14	11	13	L003119,L001491,L009885,L013000,L013074	L011121,L001922,L014324,L014426,L016830
control_vntr_correct	mafft_linsi	24	7019	7149	1338	4	1	19	15	13	L001491,L001922,L009885,L016830	L014426
control_vntr_correct	unit_aware	24	7204	7149	1338	4	2	18	12	13	L001491,L001922,L009885,L013000	L014324,L003672
control_vntr_correct	poa_abpoa	24	8066	7149	1338	3	2	19	12	13	L001922,L009885,L016884	L014324,L003672
control_vntr_correct	poa_abpoa__all	24	7286	7149	1338	4	7	13	9	13	L003119,L009885,L013000,L016830	L011121,L001491,L011224,L010508,L001922,L000407,L003672
control_vntr_correct	truth	24	8037	7149	1338	7	2	15	18	13	L003119,L001491,L011224,L001922,L014426,L009885,L016884	L015743,L016830
control_nontr_sv	mc	20	3	3	2	0	0	20	18	18		
control_nontr_sv	unit_aware__all	20	4481	3	2	0	3	17	15	18		L006556,L002292,L003883
control_nontr_sv	mafft_linsi	20	4253	3	2	0	3	17	15	18		L006556,L002292,L003883
control_nontr_sv	unit_aware	20	4253	3	2	0	3	17	15	18		L006556,L002292,L003883
control_nontr_sv	poa_abpoa	20	3	3	2	0	0	20	18	18		
control_nontr_sv	poa_abpoa__all	20	3	3	2	0	0	20	18	18		
control_nontr_sv	truth	20	4480	3	2	2	4	14	16	18	L000506,L017097	L006556,L002292,L009283,L003883
