region_id	span_bp	prod_sv_fp	prod_sv_fn	ed_ref	ed_production	ed_unpatched	ed_mcnull	ed_patched
TR755508	4568	0	0	488	16711	9344	9448	9822
TR755604	1389	4	1	497	0	222	222	107
TR755726	1669	4	2	155	199	126	126	129
TR755791	3350	5	3	3131	149	168	168	91
TR755910	2581	5	3	3417	539	672	672	604
TR755996	890	0	1	122	42	42	42	42
TR756034	14411	23	39	19625	2060	1689	2157	5062
TR756901	768	2	0	10	231	257	257	75
TR759446	1079	4	2	2155	1046	997	997	413
TR760956	1166	1	0	18	2	2	26	0
TR761128	2379	3	1	331	899	544	544	184
TR761129	5686	6	3	449	545	578	578	417
TR761615	512	0	0	56	12	2	20	2
TR761931	741	0	0	116	20	24	24	12
TR763614	4403	10	5	3057	4770	4770	4770	766
TR764476	659	1	1	323	318	318	318	308
TR765526	1801	0	6	373	116	191	191	160
TR766253	775	0	0	33	19	16	16	12
TR766344	557	0	1	128	8	26	26	41
TR768271	13373	3	7	6531	2	2	2	1587
TR768461	777	0	0	356	8	16	16	9
TR768619	855	5	1	845	71	73	73	811
TR770876	951	0	0	55	13	19	14	12
TR771291	2445	0	3	398	155	165	168	75
TR772192	829	0	0	42	25	21	21	20
TR772198	2100	10	1	187	972	941	858	565
TR772413	2143	7	2	939	78	69	13	60
TR772489	4147	2	7	1048	846	846	1046	449
TR772531	3516	5	1	2434	1	2	2	884
TR772579	1750	4	1	614	0	0	0	362
TR772639	1412	4	1	481	403	348	348	374
TR772644	1063	0	1	213	56	56	56	131
TR772663	867	0	0	54	45	0	0	12
TR772710	1103	0	0	110	66	31	20	93
TR772872	1039	2	2	570	48	48	48	0
TR772891	1375	0	0	76	180	136	136	77
TR772945	1951	12	1	1211	868	837	868	30
TR772976	1295	4	0	3027	1562	508	1566	3618
TR772999	3312	11	7	1731	2080	1411	1647	2843
TR773027	809	4	2	567	66	66	466	522
TR773142	1907	4	1	302	71	23	23	0
TR773158	1761	6	0	327	823	693	907	261
TR773215	3872	5	9	1852	1761	1761	1761	1727
TR773244	1226	3	2	408	57	403	57	342
TR773379	2009	7	9	1465	2471	1726	1824	1699
TR773454	2271	2	1	201	1	1	1	77
TR773462	983	1	0	102	235	235	235	16
TR773472	1244	1	4	5361	1062	1149	1177	1789
TR773491	4194	11	3	1720	422	416	471	610
