region_id	stratum	graph	status	nodes	stage0_cost_over_opt	reads	mapped_frac	span_input_reads	span_input_mapped_frac	span_input_mapq_lt5_frac	mapq_mean	mapq_lt5_frac	mapq0_frac	graph_core_reads	core_mapq_lt5_frac	truth_core_mapq_lt5_frac	core_depth	flank_depth	core_flank_ratio	core_depth_mq5	flank_depth_mq5	core_flank_ratio_mq5	core_flank_ratio_eff	span_compatible_frac	core_compatible_frac	core_haps_touched	core_haps_per_read_mean	core_haps_cover95	core_best_pair_frac	core_truth_pair_frac	core_best_pair_is_truth_closest	truth_core_compatible_frac	truth_core_best_pair_frac	truth_core_truth_pair_frac	truth_consistent_mapq_ge5_frac	truth_consistent_core_mapq_ge5_frac	truth_consistent_graph_as_good_frac	truth_consistent_core_graph_as_good_frac	placement_evaluable	placed_correctly_frac	placed_confident_correct_frac	confident_wrong_frac	core_placement_evaluable	core_placed_correctly_frac	core_placed_confident_correct_frac	core_confident_wrong_frac	n_truth_core_reads	n_truth_consistent	truth_consistent_core_frac	n_distinct_haplotypes	truth_closest_edit
L009656	hotspot_vntr	mc	ok	1997	1.3349	1672	0.9217	1079	0.9954	0.5074	31.81	0.355	0.0876	841	0.5957	0.5969	22.316	35.701	0.625	9.164	32.502	0.282	0.348	0.987	0.9834	26	7.73	8	0.6908	0.4839	False	0.9844	0.6926	0.4856	0.699	0.4228	0.9791	0.954	952	0.8592	0.7489	0.0442	318	0.6038	0.4025	0.1795	841	1196	0.6468	26	0/0
L009656	hotspot_vntr	mafft_linsi	ok	1868	1.0987	1672	0.9234	1079	0.9981	0.4745	32.67	0.34	0.0499	869	0.5558	0.5447	22.5	35.506	0.634	10.124	31.983	0.317	0.382	0.974	0.9689	26	8.31	9	0.6674	0.481	False	0.969	0.6913	0.4982	0.7032	0.4596	0.9808	0.9577	952	0.8477	0.7574	0.0296	318	0.6289	0.4654	0.119	841	1196	0.6468	26	0/0
L009656	hotspot_vntr	unit_aware	ok	1904	1.0234	1672	0.9121	1079	0.9805	0.5435	32.58	0.379	0.08	824	0.6772	0.6797	21.983	35.692	0.616	6.929	34.321	0.202	0.287	0.9811	0.9757	26	7.63	9	0.6323	0.4417	False	0.9781	0.6346	0.4434	0.6856	0.3419	0.9732	0.9412	952	0.8403	0.771	0.0304	318	0.5252	0.3679	0.1583	841	1196	0.6468	26	0/0
L009656	hotspot_vntr	poa_spoa	ok	1788	1.05	1672	0.9199	1079	0.9926	0.4967	33.82	0.3472	0.1079	837	0.6165	0.617	22.219	35.692	0.623	8.24	34.574	0.238	0.305	0.9739	0.9665	26	7.95	8	0.6057	0.4659	False	0.97	0.6086	0.4682	0.7157	0.4062	0.9799	0.9559	952	0.8676	0.792	0.0258	318	0.6038	0.4245	0.129	841	1196	0.6468	26	0/0
L009656	hotspot_vntr	poa_abpoa	ok	1283	1.0623	1672	0.9228	1079	0.9972	0.4322	34.92	0.3033	0.0622	843	0.5421	0.5423	22.264	35.692	0.624	9.956	34.911	0.285	0.347	0.9833	0.9786	26	9.2	9	0.694	0.5457	False	0.9797	0.6961	0.5471	0.7475	0.4632	0.9824	0.9614	952	0.8761	0.813	0.0276	318	0.6321	0.4686	0.1235	841	1196	0.6468	26	0/0
L009656	hotspot_vntr	unit_aware__all	ok	2015	1.0309	1672	0.9139	1079	0.9833	0.5165	32.86	0.3606	0.0661	828	0.6425	0.642	22.084	35.692	0.619	7.702	34.317	0.224	0.308	0.9746	0.9674	26	7.59	9	0.628	0.4505	False	0.9697	0.6311	0.4527	0.699	0.3713	0.9749	0.9449	952	0.8498	0.7752	0.0378	318	0.5597	0.3868	0.1745	841	1196	0.6468	26	0/0
L009656	hotspot_vntr	mafft_linsi__all	no_graph																																												841	1196	0.6468	26	0/0
L009656	hotspot_vntr	poa_spoa__all	ok	2441	1.1143	1672	0.9139	1079	0.9833	0.5344	32.5	0.373	0.1204	827	0.6651	0.6663	22.043	35.692	0.618	7.037	34.327	0.205	0.272	0.9774	0.971	26	6.83	10	0.5756	0.4087	False	0.9733	0.5777	0.4102	0.6856	0.3419	0.9749	0.9449	952	0.8393	0.7689	0.0279	318	0.5189	0.3585	0.1556	841	1196	0.6468	26	0/0
L009656	hotspot_vntr	poa_abpoa__all	ok	2124	1.1265	1672	0.9222	1079	0.9963	0.507	32.94	0.3554	0.1206	841	0.629	0.6308	22.298	35.692	0.625	7.994	34.454	0.232	0.289	0.9702	0.962	26	7.8	9	0.5981	0.5077	False	0.9642	0.601	0.5102	0.7023	0.3768	0.9783	0.9522	952	0.8876	0.7931	0.0182	318	0.6635	0.4277	0.0933	841	1196	0.6468	26	0/0
L009656	hotspot_vntr	poa_abpoa_mc__all	ok	1311	1.2865	1672	0.9228	1079	0.9972	0.382	35.6	0.2677	0.0616	843	0.4816	0.4821	22.329	35.692	0.626	11.787	35.186	0.335	0.379	0.9814	0.9763	26	10.23	7	0.7165	0.6584	False	0.9785	0.7196	0.6623	0.7868	0.5423	0.9799	0.9559	952	0.9496	0.8571	0.0228	318	0.8522	0.5881	0.0878	841	1196	0.6468	26	0/0
L009656	hotspot_vntr	truth	ok	94		1672	0.9217	1079	0.9954	0.1061	44.33	0.0746	0.0052	841	0.1344	0.1344	22.194	35.692	0.622	20.15	35.581	0.566	0.571												0.9498	0.8934	1.0	1.0									841	1196	0.6468	26	0/0
L009656	hotspot_vntr	orig	ok	1997	1.3349	1672	1.0	1079	1.0	0.5051	34.37	0.3278	0.0861	846	0.5922	0.5922	22.324			9.39				0.9907	0.9882	26	7.8	7	0.6939	0.487	False	0.9893	0.6956	0.4887	0.699	0.4228			466	0.6931	0.4957	0.1413	318	0.5975	0.3994	0.1911	841	1196	0.6468	26	0/0
L014297	hotspot_vntr	mc	ok	1335	1.3028	815	0.9521	370	1.0	0.6459	36.01	0.3273	0.0851	298	0.7517	0.7517	18.475	29.895	0.618	4.158	27.936	0.149	0.232	0.9865	0.9832	15	4.4	9	0.5671	0.3792	False	0.9832	0.5671	0.3792	0.6944	0.2792	0.9788	0.9417	480	0.925	0.8604	0.0143	79	0.557	0.3924	0.1389	298	661	0.8054	15	0/0
L014297	hotspot_vntr	mafft_linsi	ok	289	1.0511	815	0.9521	370	1.0	0.5054	35.91	0.259	0.0258	298	0.5638	0.5638	18.508	29.895	0.619	8.792	27.186	0.323	0.389	0.9919	0.9899	15	6.06	9	0.7047	0.5302	False	0.9899	0.7047	0.5302	0.7458	0.4292	0.9728	0.925	480	0.9521	0.8625	0.0166	79	0.7215	0.443	0.1463	298	661	0.8054	15	0/0
L014297	hotspot_vntr	unit_aware	ok	340	1.0216	815	0.9521	370	1.0	0.6622	34.65	0.3338	0.0979	298	0.745	0.745	18.465	29.895	0.618	4.983	26.848	0.186	0.279	0.9946	0.9933	15	4.8	7	0.6074	0.4396	False	0.9933	0.6074	0.4396	0.6778	0.2583	0.9743	0.9292	480	0.9187	0.8375	0.0099	79	0.519	0.3418	0.1	298	661	0.8054	15	0/0
L014297	hotspot_vntr	poa_spoa	ok	343	1.0403	815	0.9521	370	1.0	0.5946	36.52	0.3028	0.0799	298	0.6913	0.6913	18.462	29.895	0.618	5.5	27.913	0.197	0.284	0.9865	0.9832	15	4.88	8	0.6275	0.4362	False	0.9832	0.6275	0.4362	0.7095	0.3167	0.9758	0.9333	480	0.9292	0.8688	0.0142	79	0.5823	0.4304	0.1282	298	661	0.8054	15	0/0
L014297	hotspot_vntr	poa_abpoa	ok	356	1.0674	815	0.9521	370	1.0	0.6081	36.26	0.3067	0.0747	298	0.7148	0.7148	18.505	29.895	0.619	4.84	28.205	0.172	0.262	0.9838	0.9799	15	4.76	8	0.6141	0.4362	False	0.9799	0.6141	0.4362	0.705	0.2875	0.9803	0.9458	480	0.9313	0.8625	0.0143	79	0.5949	0.3671	0.1471	298	661	0.8054	15	0/0
L014297	hotspot_vntr	unit_aware__all	ok	534	1.0565	815	0.9521	370	1.0	0.6865	34.43	0.3479	0.1082	298	0.7752	0.7752	18.492	29.895	0.619	4.351	26.722	0.163	0.241	0.9838	0.9799	15	4.08	8	0.5268	0.3758	False	0.9799	0.5268	0.3758	0.6657	0.2333	0.9728	0.925	480	0.9146	0.825	0.0075	79	0.4937	0.2785	0.0833	298	661	0.8054	15	0/0
L014297	hotspot_vntr	mafft_linsi__all	no_graph																																												298	661	0.8054	15	0/0
L014297	hotspot_vntr	poa_spoa__all	ok	681	1.1084	815	0.9521	370	1.0	0.7622	32.66	0.384	0.1379	298	0.8523	0.8523	18.465	29.903	0.617	2.743	26.138	0.105	0.182	0.9838	0.9799	15	2.79	10	0.3993	0.2685	False	0.9799	0.3993	0.2685	0.6218	0.1333	0.9728	0.925	480	0.9104	0.7812	0.0132	79	0.4684	0.0886	0.3636	298	661	0.8054	15	0/0
L014297	hotspot_vntr	poa_abpoa__all	ok	676	1.1331	815	0.9521	370	1.0	0.7649	32.54	0.3866	0.1508	298	0.8557	0.8557	18.44	29.891	0.617	2.62	26.117	0.1	0.174	0.9919	0.9899	15	2.46	10	0.3792	0.2047	False	0.9899	0.3792	0.2047	0.6188	0.1292	0.9803	0.9458	480	0.8833	0.7833	0.0131	79	0.3038	0.1013	0.3333	298	661	0.8054	15	0/0
L014297	hotspot_vntr	poa_abpoa_mc__all	ok	605	1.4521	815	0.9509	370	0.9973	0.7317	33.04	0.3677	0.1406	297	0.8249	0.8249	18.474	29.895	0.618	3.407	26.505	0.129	0.204	0.9892	0.9865	15	2.96	10	0.4444	0.2525	False	0.9865	0.4444	0.2525	0.6415	0.1708	0.9773	0.9375	480	0.8958	0.7937	0.0206	79	0.3797	0.1139	0.4375	298	661	0.8054	15	0/0
L014297	hotspot_vntr	truth	ok	1		815	0.9521	370	1.0	0.2541	41.49	0.1263	0.018	298	0.3154	0.3154	18.402	29.895	0.616	13.389	29.626	0.452	0.466												0.885	0.6958	1.0	1.0									298	661	0.8054	15	0/0
L014297	hotspot_vntr	orig	ok	1335	1.3028	815	1.0	370	1.0	0.6405	38.24	0.3092	0.0834	298	0.7483	0.7483	18.475			4.192				0.9865	0.9832	15	4.44	9	0.5705	0.3758	False	0.9832	0.5705	0.3758	0.6974	0.2833			97	0.6495	0.4845	0.06	79	0.5696	0.4177	0.0833	298	661	0.8054	15	0/0
L015415	hotspot_vntr	mc	ok	1407	1.1837	872	0.9369	506	0.996	0.6131	33.29	0.3819	0.1236	411	0.7397	0.7238	15.33	24.415	0.628	4.175	23.479	0.178	0.265	0.9901	0.9878	14	4.21	7	0.5839	0.4501	False	0.9905	0.5952	0.4643	0.6327	0.2684	0.9945	0.9887	397	0.9698	0.9345	0.008	71	0.831	0.6479	0.0612	420	727	0.8429	14	0/0
L015415	hotspot_vntr	mafft_linsi	ok	506	1.0488	872	0.9369	506	0.996	0.5655	34.98	0.3537	0.1102	410	0.6854	0.669	15.309	24.415	0.627	5.556	23.465	0.237	0.323	0.996	0.9976	14	5.56	6	0.6585	0.6122	False	0.9976	0.6667	0.6214	0.6616	0.3277	0.9959	0.9915	397	0.9899	0.9849	0.0051	71	0.9437	0.9155	0.0299	420	727	0.8429	14	0/0
L015415	hotspot_vntr	unit_aware	ok	531	1.0059	872	0.9358	506	0.9941	0.6282	33.67	0.3909	0.0895	410	0.7585	0.7399	15.385	24.415	0.63	4.152	23.49	0.177	0.276	0.9881	0.9854	14	4.93	7	0.5927	0.522	False	0.9881	0.6038	0.5346	0.6272	0.2571	0.9945	0.9887	397	0.9824	0.9647	0.0052	71	0.9014	0.8028	0.0339	420	727	0.8429	14	0/0
L015415	hotspot_vntr	poa_spoa	ok	395	1.0164	872	0.9346	506	0.9921	0.6076	33.75	0.3779	0.1141	409	0.7335	0.716	15.267	24.415	0.625	4.378	23.5	0.186	0.281	0.996	0.9951	14	5.0	6	0.643	0.5844	False	0.9952	0.6516	0.5943	0.6396	0.2825	0.9917	0.9831	397	0.9849	0.9622	0.0052	71	0.9155	0.8028	0.0339	420	727	0.8429	14	0/0
L015415	hotspot_vntr	poa_abpoa	ok	367	1.0111	872	0.9358	506	0.9941	0.6103	33.56	0.3799	0.1091	410	0.7317	0.716	15.334	24.415	0.628	4.53	23.351	0.194	0.287	0.992	0.9902	14	5.33	6	0.6659	0.5976	False	0.9928	0.6754	0.6086	0.6355	0.2797	0.9931	0.9859	397	0.9849	0.9572	0.0078	71	0.9155	0.7887	0.0508	420	727	0.8429	14	0/0
L015415	hotspot_vntr	unit_aware__all	ok	691	1.0148	872	0.9358	506	0.9941	0.6203	33.63	0.386	0.1152	410	0.7488	0.7327	15.324	24.415	0.628	4.442	23.46	0.189	0.276	0.9901	0.9878	14	4.73	8	0.6024	0.4756	False	0.9905	0.6134	0.4893	0.6259	0.2542	0.9945	0.9887	397	0.9849	0.9723	0.0026	71	0.9155	0.8451	0.0164	420	727	0.8429	14	0/0
L015415	hotspot_vntr	mafft_linsi__all	ok	519	1.0216	872	0.9358	506	0.9941	0.5626	35.26	0.3493	0.1017	410	0.6829	0.6683	15.354	24.415	0.629	5.434	23.89	0.227	0.304	0.992	0.9902	14	5.2	6	0.6341	0.5268	False	0.9928	0.6444	0.5394	0.6657	0.3277	0.989	0.9774	397	0.9849	0.9849	0.0051	71	0.9155	0.9155	0.0299	420	727	0.8429	14	0/0
L015415	hotspot_vntr	poa_spoa__all	ok	826	1.0239	872	0.9346	506	0.9921	0.6793	32.67	0.4221	0.1521	409	0.8215	0.8014	15.327	24.415	0.628	2.892	23.409	0.124	0.213	0.992	0.9902	14	3.84	8	0.5526	0.4059	False	0.9928	0.5646	0.4211	0.5956	0.1921	0.9959	0.9915	397	0.9647	0.9169	0.0082	71	0.8028	0.5493	0.0714	420	727	0.8429	14	0/0
L015415	hotspot_vntr	poa_abpoa__all	ok	772	1.0195	872	0.9346	506	0.9921	0.6554	33.55	0.4074	0.135	408	0.7966	0.7799	15.274	24.415	0.626	3.133	23.82	0.132	0.225	0.988	0.9877	14	4.23	8	0.5294	0.4338	False	0.988	0.5407	0.4474	0.6149	0.2232	0.9931	0.9859	397	0.9471	0.9169	0.0136	71	0.7042	0.5493	0.1136	420	727	0.8429	14	0/0
L015415	hotspot_vntr	poa_abpoa_mc__all	ok	574	1.0587	872	0.9358	506	0.9941	0.6541	33.38	0.4056	0.1066	410	0.7878	0.7709	15.345	24.415	0.629	3.388	23.668	0.143	0.249	0.9901	0.9878	14	4.24	7	0.5634	0.4561	False	0.9905	0.5752	0.4702	0.6107	0.2232	0.9931	0.9859	397	0.9572	0.9219	0.0081	71	0.7606	0.5915	0.0667	420	727	0.8429	14	0/0
L015415	hotspot_vntr	truth	ok	332		872	0.9358	506	0.9941	0.5507	32.3	0.3627	0.0772	420	0.6071	0.6071	15.378	24.389	0.631	7.263	20.769	0.35	0.418												0.6465	0.3842	1.0	1.0									420	727	0.8429	14	0/0
L015415	hotspot_vntr	orig	ok	1407	1.1837	872	1.0	506	1.0	0.6028	35.03	0.3555	0.1193	413	0.7264	0.7095	15.366			4.371				0.9901	0.9879	14	4.19	7	0.5811	0.4528	False	0.9905	0.5952	0.4667	0.6396	0.2825			92	0.8478	0.7174	0.0435	71	0.8028	0.6479	0.0612	420	727	0.8429	14	0/0
L005990	hotspot_vntr	mc	ok	3492	1.2107	1934	0.9545	1397	0.9971	0.2182	46.45	0.1663	0.0412	577	0.5251	0.5308	17.692	33.538	0.528	8.659	33.441	0.259	0.314	0.9842	0.9619	32	12.85	13	0.5789	0.4471	False	0.9649	0.5817	0.4499	0.8531	0.4776	0.987	0.9552	24	0.5	0.375	0.0	24	0.5	0.375	0.0	569	1695	0.8243	32	230/8
L005990	hotspot_vntr	mafft_linsi	ok	813	1.0628	1934	0.9545	1397	0.9971	0.2067	46.95	0.1576	0.0265	577	0.4974	0.4991	17.627	33.538	0.526	9.743	33.441	0.291	0.342	0.9914	0.9792	32	13.67	11	0.6118	0.5043	False	0.9807	0.6151	0.5062	0.8625	0.5117	0.99	0.9638	24	0.6667	0.5	0.25	24	0.6667	0.5	0.25	569	1695	0.8243	32	230/8
L005990	hotspot_vntr	unit_aware	ok	1612	1.0142	1934	0.954	1397	0.9964	0.1961	47.2	0.1496	0.0374	576	0.4722	0.4754	17.751	33.538	0.529	9.966	33.441	0.298	0.344	0.9856	0.9653	32	13.2	11	0.5816	0.4896	False	0.9665	0.5827	0.493	0.8684	0.5352	0.9858	0.951	24	0.7083	0.5833	0.125	24	0.7083	0.5833	0.125	569	1695	0.8243	32	230/8
L005990	hotspot_vntr	poa_spoa	ok	1095	1.0269	1934	0.954	1397	0.9964	0.2055	47.11	0.1566	0.0287	576	0.4948	0.4965	17.703	33.538	0.528	9.644	33.441	0.288	0.342	0.9899	0.9757	32	12.7	12	0.5625	0.4722	False	0.9754	0.5634	0.4718	0.8649	0.5203	0.987	0.9531	24	0.5	0.375	0.4375	24	0.5	0.375	0.4375	569	1695	0.8243	32	230/8
L005990	hotspot_vntr	poa_abpoa	ok	892	1.0437	1934	0.954	1397	0.9964	0.1997	47.07	0.1523	0.0276	576	0.4809	0.4824	17.633	33.538	0.526	9.945	33.441	0.297	0.348	0.9892	0.974	32	12.77	12	0.5677	0.4757	False	0.9736	0.5687	0.4789	0.8673	0.5288	0.9906	0.9659	24	0.6667	0.5	0.2	24	0.6667	0.5	0.2	569	1695	0.8243	32	230/8
L005990	hotspot_vntr	unit_aware__all	ok	2648	1.0415	1934	0.9524	1397	0.9943	0.2282	46.42	0.1737	0.0342	572	0.5524	0.554	17.741	33.538	0.529	8.31	33.441	0.248	0.315	0.9791	0.9493	32	11.77	12	0.521	0.4196	False	0.9522	0.5257	0.423	0.8472	0.4563	0.9811	0.9318	24	0.8333	0.2917	0.0	24	0.8333	0.2917	0.0	569	1695	0.8243	32	230/8
L005990	hotspot_vntr	mafft_linsi__all	no_graph																																												569	1695	0.8243	32	230/8
L005990	hotspot_vntr	poa_spoa__all	ok	2278	1.2198	1934	0.9524	1397	0.9943	0.2448	46.13	0.1862	0.044	573	0.5899	0.5929	17.652	33.533	0.526	7.425	33.389	0.222	0.288	0.9762	0.9424	32	10.43	16	0.4555	0.3909	False	0.9451	0.4602	0.3965	0.8366	0.42	0.9858	0.951	24	0.6667	0.2917	0.0	24	0.6667	0.2917	0.0	569	1695	0.8243	32	230/8
L005990	hotspot_vntr	poa_abpoa__all	ok	1848	1.184	1934	0.954	1397	0.9964	0.2306	46.24	0.1756	0.0352	576	0.5556	0.5581	17.7	33.533	0.528	8.12	33.436	0.243	0.301	0.9806	0.9531	32	11.48	13	0.5174	0.4062	False	0.9577	0.5211	0.4102	0.8484	0.4606	0.9876	0.9552	24	0.6667	0.375	0.1818	24	0.6667	0.375	0.1818	569	1695	0.8243	32	230/8
L005990	hotspot_vntr	poa_abpoa_mc__all	ok	1217	1.2446	1934	0.954	1397	0.9964	0.2234	46.6	0.1702	0.0314	576	0.5382	0.5387	17.633	33.538	0.526	8.53	33.441	0.255	0.319	0.9928	0.9826	32	14.11	12	0.6024	0.5226	False	0.9824	0.6021	0.5246	0.8507	0.4712	0.9894	0.9616	24	0.75	0.5	0.0769	24	0.75	0.5	0.0769	569	1695	0.8243	32	230/8
L005990	hotspot_vntr	truth	ok	77		1934	0.9509	1397	0.9921	0.1227	48.99	0.0941	0.0114	569	0.297	0.297	17.466	33.537	0.521	13.655	33.44	0.408	0.431												0.9162	0.7058	1.0	1.0									569	1695	0.8243	32	230/8
L005990	hotspot_vntr	orig	ok	3492	1.2107	1934	1.0	1397	1.0	0.2412	43.62	0.2229	0.0543	580	0.5638	0.5694	17.753			8.245				0.985	0.9638	32	12.7	13	0.5759	0.4414	False	0.9666	0.58	0.4446	0.7941	0.4414			24	0.4583	0.375	0.0	24	0.4583	0.375	0.0	569	1695	0.8243	32	230/8
L012184	hotspot_vntr	mc	ok	9292	1.5992	1540	0.9682	1092	0.9954	0.7047	24.08	0.5252	0.1509	739	0.8119	0.8174	7.514	30.247	0.248	1.39	23.895	0.058	0.102	0.9623	0.9445	30	6.24	18	0.4425	0.3816	False	0.9496	0.4093	0.3539	0.4738	0.1685	0.9467	0.9026	86	0.8256	0.5698	0.02	24	0.4167	0.125	0.25	794	1220	0.8149	31	98/1
L012184	hotspot_vntr	mafft_linsi	ok	1850	1.1428	1540	0.9604	1092	0.9844	0.5153	30.96	0.3766	0.0913	814	0.6769	0.673	8.164	28.754	0.284	2.737	28.423	0.096	0.131	0.9526	0.9373	31	8.17	15	0.5614	0.4951	False	0.947	0.5732	0.5038	0.6361	0.3261	0.9689	0.9444	86	0.9419	0.9186	0.0366	24	0.7917	0.75	0.1429	794	1220	0.8149	31	98/1
L012184	hotspot_vntr	unit_aware	ok	3009	1.1359	1540	0.9383	1092	0.9533	0.6004	30.2	0.4346	0.137	781	0.7939	0.7955	7.894	28.764	0.274	1.652	28.327	0.058	0.095	0.9587	0.9449	31	6.39	17	0.4187	0.3547	False	0.9551	0.4288	0.3641	0.5656	0.1978	0.9402	0.8918	86	0.8953	0.8837	0.013	24	0.625	0.625	0.0625	794	1220	0.8149	31	98/1
L012184	hotspot_vntr	poa_spoa	ok	2758	1.0808	1540	0.9643	1092	0.9899	0.6494	28.88	0.4747	0.134	819	0.8449	0.8424	8.189	28.776	0.285	1.281	28.143	0.046	0.087	0.9352	0.9158	31	6.33	17	0.3871	0.3675	False	0.9294	0.3972	0.3745	0.5385	0.1515	0.9746	0.9536	86	0.907	0.8488	0.0135	24	0.6667	0.5417	0.0714	794	1220	0.8149	31	98/1
L012184	hotspot_vntr	poa_abpoa	ok	2660	1.0908	1540	0.9675	1092	0.9945	0.628	28.87	0.4597	0.1309	825	0.8158	0.8144	8.199	28.786	0.285	1.572	28.142	0.056	0.092	0.9282	0.9055	31	6.94	16	0.4388	0.3988	False	0.9255	0.4545	0.4129	0.5525	0.1777	0.977	0.9598	86	0.9302	0.8488	0.0267	24	0.75	0.5417	0.1333	794	1220	0.8149	31	98/1
L012184	hotspot_vntr	unit_aware__all	ok	3537	1.1831	1540	0.9591	1092	0.9826	0.5443	30.53	0.3974	0.1158	810	0.7136	0.7168	8.109	28.755	0.282	2.28	28.381	0.08	0.116	0.9478	0.9321	31	5.91	18	0.3667	0.321	False	0.9393	0.3717	0.3274	0.6139	0.2859	0.9762	0.9583	86	0.9302	0.8953	0.0253	24	0.75	0.6667	0.1111	794	1220	0.8149	31	98/1
L012184	hotspot_vntr	mafft_linsi__all	no_graph																																												794	1220	0.8149	31	98/1
L012184	hotspot_vntr	poa_spoa__all	no_graph																																												794	1220	0.8149	31	98/1
L012184	hotspot_vntr	poa_abpoa__all	no_graph																																												794	1220	0.8149	31	98/1
L012184	hotspot_vntr	poa_abpoa_mc__all	ok	3512	1.6403	1540	0.9513	1092	0.9716	0.525	30.63	0.3823	0.1085	799	0.6859	0.6863	7.999	28.77	0.278	2.441	28.238	0.086	0.122	0.9529	0.9399	31	5.74	17	0.4068	0.3529	False	0.9475	0.4161	0.3598	0.6238	0.3107	0.9689	0.9459	86	0.9186	0.8721	0.0385	24	0.7083	0.5833	0.1765	794	1220	0.8149	31	98/1
L012184	hotspot_vntr	truth	ok	758		1540	0.9487	1092	0.9679	0.4929	31.64	0.3587	0.1239	794	0.6524	0.6524	8.004	28.71	0.279	2.93	28.467	0.103	0.132												0.6459	0.3416	1.0	1.0									794	1220	0.8149	31	98/1
L012184	hotspot_vntr	orig	ok	9292	1.5992	1540	1.0	1092	1.0	0.7042	25.41	0.5097	0.1766	739	0.8106	0.8186	7.514			1.391				0.9606	0.9418	30	6.25	17	0.4465	0.3816	False	0.9484	0.4131	0.3539	0.4779	0.1731			79	0.7848	0.5696	0.0217	24	0.375	0.125	0.25	794	1220	0.8149	31	98/1
L002013	hotspot_vntr	mc	ok	6291	1.4062	1287	0.9456	748	0.9987	0.7483	29.0	0.4675	0.2227	645	0.8512	0.8341	19.972	33.822	0.591	2.758	32.151	0.086	0.15	0.988	0.986	32	3.45	19	0.5147	0.1519	False	0.9864	0.5038	0.175	0.5502	0.1724	0.956	0.9165									664	1045	0.8298	32	594/578
L002013	hotspot_vntr	mafft_linsi	ok	3430	1.1	1287	0.9402	748	0.9893	0.6581	30.79	0.4083	0.1157	638	0.7539	0.7393	19.853	33.822	0.587	4.745	32.826	0.145	0.233	0.9851	0.9828	32	4.3	19	0.4796	0.1865	False	0.9832	0.4909	0.2088	0.6077	0.2686	0.955	0.9147									664	1045	0.8298	32	594/578
L002013	hotspot_vntr	unit_aware	ok	4231	1.0564	1287	0.9386	748	0.9866	0.7005	31.0	0.4338	0.1589	636	0.8035	0.7875	19.872	33.822	0.588	3.847	32.775	0.117	0.194	0.9864	0.9843	32	4.09	18	0.4513	0.1808	False	0.9847	0.4419	0.2034	0.5799	0.216	0.9531	0.9111									664	1045	0.8298	32	594/578
L002013	hotspot_vntr	poa_spoa	ok	3406	1.0775	1287	0.9386	748	0.9866	0.6951	30.23	0.4305	0.1672	636	0.7972	0.7813	19.836	33.822	0.586	3.871	32.815	0.118	0.188	0.9851	0.9827	32	3.81	19	0.4513	0.1651	False	0.9832	0.4465	0.1881	0.5856	0.2269	0.9579	0.9201									664	1045	0.8298	32	594/578
L002013	hotspot_vntr	poa_abpoa	ok	3131	1.0984	1287	0.9417	748	0.992	0.6523	31.3	0.4051	0.1337	640	0.7484	0.7325	19.858	33.822	0.587	4.785	32.863	0.146	0.221	0.9825	0.9797	32	4.11	19	0.4828	0.1734	False	0.9802	0.4878	0.196	0.6077	0.2686	0.9589	0.922									664	1045	0.8298	32	594/578
L002013	hotspot_vntr	unit_aware__all	ok	4731	1.0799	1287	0.9363	748	0.9826	0.7143	30.3	0.4423	0.1627	633	0.8199	0.8034	19.797	33.822	0.585	3.568	32.703	0.109	0.182	0.9864	0.9842	32	3.89	20	0.4692	0.1722	False	0.9846	0.4839	0.1951	0.5713	0.2015	0.9531	0.9111									664	1045	0.8298	32	594/578
L002013	hotspot_vntr	mafft_linsi__all	no_graph																																												664	1045	0.8298	32	594/578
L002013	hotspot_vntr	poa_spoa__all	no_graph																																												664	1045	0.8298	32	594/578
L002013	hotspot_vntr	poa_abpoa__all	ok	4477	1.1793	1287	0.9363	748	0.9826	0.751	29.55	0.4647	0.1934	633	0.8531	0.8356	19.802	33.822	0.585	2.617	32.287	0.081	0.156	0.9878	0.9858	32	2.91	20	0.3981	0.1122	False	0.9862	0.3902	0.1367	0.5483	0.1688	0.955	0.9147									664	1045	0.8298	32	594/578
L002013	hotspot_vntr	poa_abpoa_mc__all	ok	4154	1.47	1287	0.9371	748	0.984	0.6889	30.56	0.4262	0.1484	634	0.7902	0.7745	19.749	33.822	0.584	4.038	32.798	0.123	0.2	0.9891	0.9874	32	4.03	19	0.4416	0.1861	False	0.9877	0.4509	0.2086	0.5866	0.2287	0.9531	0.9111									664	1045	0.8298	32	594/578
L002013	hotspot_vntr	truth	ok	482		1287	0.9464	748	1.0	0.5067	31.89	0.3227	0.0394	664	0.5617	0.5617	20.089	33.7	0.596	9.381	31.882	0.294	0.369												0.7024	0.4682	1.0	1.0									664	1045	0.8298	32	594/578
L002013	hotspot_vntr	orig	ok	6291	1.4062	1287	1.0	748	1.0	0.7139	29.76	0.4499	0.1663	646	0.8111	0.7952	19.994			3.533				0.9906	0.9892	32	3.42	19	0.4799	0.1502	False	0.9895	0.4699	0.1732	0.5407	0.2051											664	1045	0.8298	32	594/578
L011138	hotspot_vntr	mc	ok	10818	1.3392	2444	0.9718	2098	0.9938	0.9376	8.5	0.8282	0.6371	2010	0.9587	0.9538	27.404	21.92	1.25	0.993	18.991	0.052	0.125	0.9909	0.9905	28	4.24	11	0.4473	0.3124	False	0.9912	0.4543	0.321	0.1552	0.0434	0.9459	0.9381	388	0.7758	0.5954	0.0294	157	0.4777	0.0892	0.125	2047	2107	0.9003	28	3/0
L011138	hotspot_vntr	mafft_linsi	ok	2248	1.041	2444	0.9755	2098	0.9981	0.8032	11.35	0.7093	0.4362	2019	0.8252	0.8213	27.605	21.945	1.258	4.871	20.267	0.24	0.336	0.9947	0.9946	28	7.34	7	0.7167	0.4824	False	0.9951	0.7205	0.489	0.2829	0.1818	0.9587	0.9528	388	0.8299	0.7629	0.039	157	0.6115	0.4459	0.0909	2047	2107	0.9003	28	3/0
L011138	hotspot_vntr	unit_aware	ok	2600	1.0155	2444	0.9701	2098	0.9919	0.8049	11.54	0.7094	0.3935	2005	0.8294	0.8241	27.397	22.007	1.245	4.483	20.767	0.216	0.326	0.9966	0.9965	28	5.88	8	0.6165	0.395	False	0.997	0.6217	0.403	0.2715	0.1677	0.963	0.9577	388	0.7809	0.6985	0.059	157	0.4904	0.2866	0.2105	2047	2107	0.9003	28	3/0
L011138	hotspot_vntr	poa_spoa	no_graph																																												2047	2107	0.9003	28	3/0
L011138	hotspot_vntr	poa_abpoa	no_graph																																												2047	2107	0.9003	28	3/0
L011138	hotspot_vntr	unit_aware__all	ok	3471	1.0239	2444	0.964	2098	0.9847	0.8243	11.29	0.7267	0.4924	1990	0.8548	0.8442	27.214	22.007	1.237	3.706	21.316	0.174	0.256	0.9961	0.996	28	4.98	12	0.4663	0.3116	False	0.9965	0.4734	0.3206	0.2558	0.1503	0.9559	0.9495	388	0.7577	0.6907	0.0629	157	0.4268	0.2675	0.25	2047	2107	0.9003	28	3/0
L011138	hotspot_vntr	mafft_linsi__all	no_graph																																												2047	2107	0.9003	28	3/0
L011138	hotspot_vntr	poa_spoa__all	no_graph																																												2047	2107	0.9003	28	3/0
L011138	hotspot_vntr	poa_abpoa__all	no_graph																																												2047	2107	0.9003	28	3/0
L011138	hotspot_vntr	poa_abpoa_mc__all	ok	3161	1.1047	2444	0.9742	2098	0.9967	0.8747	9.71	0.7724	0.501	2015	0.8993	0.8917	27.53	22.007	1.251	2.751	19.99	0.138	0.226	0.9957	0.9955	28	6.04	12	0.5067	0.396	False	0.9961	0.5132	0.4039	0.2169	0.1101	0.971	0.9669	388	0.7655	0.6701	0.0406	157	0.4841	0.2611	0.0682	2047	2107	0.9003	28	3/0
L011138	hotspot_vntr	truth	ok	621		2444	0.9767	2098	0.9995	0.5117	15.28	0.4566	0.1324	2047	0.5178	0.5178	27.667	21.827	1.268	14.218	18.802	0.756	0.84												0.552	0.4948	1.0	1.0									2047	2107	0.9003	28	3/0
L011138	hotspot_vntr	orig	ok	10818	1.3392	2444	1.0	2098	1.0	0.9366	8.8	0.8241	0.6248	2022	0.9545	0.9521	27.614			1.158				0.99	0.9901	28	4.32	11	0.4723	0.3239	False	0.9907	0.4792	0.3327	0.1533	0.0445			169	0.4734	0.1243	0.2222	157	0.4522	0.0892	0.1765	2047	2107	0.9003	28	3/0
L012272	hotspot_vntr	mc	ok	6174	1.254	11709	0.99	11097	0.9999	0.9055	4.62	0.8723	0.0409	527	0.907	0.907	25.551	31.575	0.809	2.212	4.014	0.551	0.58	0.9982	0.9715	31	3.48	18	0.2827	0.2353	False	0.9715	0.2827	0.2353	0.1238	0.0755	0.9973	0.9741									527	11181	0.8046	31	143/4
L012272	hotspot_vntr	mafft_linsi	no_graph																																												527	11181	0.8046	31	143/4
L012272	hotspot_vntr	unit_aware	ok	2435	1.0482	11709	0.9899	11097	0.9998	0.0765	53.98	0.0758	0.0195	527	0.7894	0.7894	25.551	31.576	0.809	5.051	30.425	0.166	0.263	0.9971	0.9658	31	4.51	16	0.389	0.3093	False	0.9658	0.389	0.3093	0.9327	0.1981	0.9977	0.9835									527	11181	0.8046	31	143/4
L012272	hotspot_vntr	poa_spoa	no_graph																																												527	11181	0.8046	31	143/4
L012272	hotspot_vntr	poa_abpoa	no_graph																																												527	11181	0.8046	31	143/4
L012272	hotspot_vntr	unit_aware__all	ok	2419	1.0812	11709	0.9899	11097	0.9998	0.0724	54.21	0.0713	0.0242	527	0.7514	0.7514	25.589	31.575	0.81	6.152	30.498	0.202	0.288	0.9978	0.9658	31	4.9	18	0.3605	0.2941	False	0.9658	0.3605	0.2941	0.9374	0.25	0.9975	0.9788									527	11181	0.8046	31	143/4
L012272	hotspot_vntr	mafft_linsi__all	no_graph																																												527	11181	0.8046	31	143/4
L012272	hotspot_vntr	poa_spoa__all	no_graph																																												527	11181	0.8046	31	143/4
L012272	hotspot_vntr	poa_abpoa__all	no_graph																																												527	11181	0.8046	31	143/4
L012272	hotspot_vntr	poa_abpoa_mc__all	no_graph																																												527	11181	0.8046	31	143/4
L012272	hotspot_vntr	truth	ok	314		11709	0.9896	11097	0.9995	0.0466	55.16	0.0465	0.0051	527	0.4497	0.4497	25.479	31.573	0.807	15.496	30.854	0.502	0.541												0.9609	0.5802	1.0	1.0									527	11181	0.8046	31	143/4
L012272	hotspot_vntr	orig	ok	6174	1.254	11709	1.0	11097	1.0	0.9152	4.8	0.8815	0.0467	527	0.8994	0.8994	25.526			2.399				0.9981	0.9696	31	3.61	18	0.2998	0.2467	False	0.9696	0.2998	0.2467	0.1088	0.0825											527	11181	0.8046	31	143/4
L001909	hotspot_vntr	mc	ok	12839	1.9587	2982	0.942	2534	0.9795	0.5713	25.33	0.5066	0.3378	1494	0.8367	0.8541	16.111	30.13	0.535	2.429	26.061	0.093	0.13	0.9875	0.9793	34	2.17	28	0.2229	0.1446	False	0.9811	0.2409	0.1346	0.5073	0.1379	0.8773	0.7783									1625	2551	0.8658	34	370/682
L001909	hotspot_vntr	mafft_linsi	ok	6422	1.159	2982	0.9366	2534	0.9732	0.5434	26.2	0.4826	0.2886	1476	0.8144	0.824	15.847	30.41	0.521	2.696	26.655	0.101	0.143	0.9854	0.9858	34	2.41	27	0.227	0.1518	False	0.9797	0.2764	0.1398	0.5237	0.1613	0.8851	0.7925									1625	2551	0.8658	34	370/682
L001909	hotspot_vntr	unit_aware	ok	4463	1.1069	2982	0.9403	2534	0.9775	0.6403	22.64	0.5717	0.3231	1629	0.868	0.8818	17.172	28.438	0.604	2.026	22.635	0.09	0.151	0.9976	0.9963	34	2.27	28	0.2056	0.1393	False	0.9962	0.2088	0.1421	0.4336	0.1066	0.9126	0.8436									1625	2551	0.8658	34	370/682
L001909	hotspot_vntr	poa_spoa	no_graph																																												1625	2551	0.8658	34	370/682
L001909	hotspot_vntr	poa_abpoa	ok	3589	1.1377	2982	0.9433	2534	0.9811	0.5467	26.23	0.4852	0.2908	1638	0.8095	0.8217	17.163	28.505	0.602	2.936	26.194	0.112	0.164	0.9964	0.9945	34	2.44	28	0.2302	0.1612	False	0.995	0.2265	0.1652	0.5245	0.1642	0.9142	0.8458									1625	2551	0.8658	34	370/682
L001909	hotspot_vntr	unit_aware__all	ok	4618	1.1155	2982	0.9373	2534	0.974	0.6025	25.12	0.536	0.3191	1621	0.8951	0.909	17.098	28.446	0.601	1.601	25.828	0.062	0.122	0.9988	0.9981	34	2.08	28	0.2221	0.1511	False	0.9981	0.2193	0.1473	0.4747	0.081	0.9122	0.8422									1625	2551	0.8658	34	370/682
L001909	hotspot_vntr	mafft_linsi__all	no_graph																																												1625	2551	0.8658	34	370/682
L001909	hotspot_vntr	poa_spoa__all	no_graph																																												1625	2551	0.8658	34	370/682
L001909	hotspot_vntr	poa_abpoa__all	no_graph																																												1625	2551	0.8658	34	370/682
L001909	hotspot_vntr	poa_abpoa_mc__all	ok	5137	1.1428	2982	0.9494	2534	0.9882	0.5471	26.08	0.4853	0.2949	1589	0.8081	0.8215	16.905	29.304	0.577	2.879	26.477	0.109	0.158	0.9916	0.9893	34	2.53	28	0.2303	0.1643	False	0.9888	0.2306	0.1587	0.5249	0.1628	0.9169	0.85									1625	2551	0.8658	34	370/682
L001909	hotspot_vntr	truth	ok	372		2982	0.9393	2534	0.9763	0.4272	29.67	0.3777	0.1417	1625	0.6326	0.6326	17.913	26.893	0.666	6.701	26.257	0.255	0.323												0.6464	0.3781	1.0	1.0									1625	2551	0.8658	34	370/682
L001909	hotspot_vntr	orig	ok	12839	1.9587	2982	1.0	2534	1.0	0.5927	26.21	0.5064	0.3293	1455	0.8722	0.8683	15.56			1.818				0.9862	0.9759	34	2.25	28	0.2296	0.1375	False	0.9791	0.2782	0.1218	0.5006	0.1294											1625	2551	0.8658	34	370/682
L016870	hotspot_other	mc	ok	4589	1.0299	404	0.9158	161	0.9938	0.1688	51.53	0.0784	0.0081	94	0.266	0.2404	2.993	16.468	0.182	2.163	15.944	0.136	0.145	0.9938	0.9894	20	12.16	4	0.9043	0.8936	False	0.9904	0.9135	0.9038	0.9178	0.7476	0.9973	0.9903	315	0.981	0.9016	0.0173	72	0.9167	0.625	0.1	105	365	0.981	20	0/0
L016870	hotspot_other	mafft_linsi	ok	1796	1.0231	404	0.9158	161	0.9938	0.025	57.08	0.0108	0.0054	94	0.0426	0.0385	3.01	16.468	0.183	2.92	16.423	0.178	0.178	1.0	1.0	20	12.84	2	0.9787	0.9468	False	1.0	0.9808	0.9519	0.9863	0.9515	0.9973	0.9903	315	0.9905	0.9841	0.0096	72	0.9583	0.9306	0.0429	105	365	0.981	20	0/0
L016870	hotspot_other	unit_aware	ok	1922	1.0213	404	0.9183	161	1.0	0.087	54.75	0.0377	0.0108	95	0.1474	0.1333	3.015	16.468	0.183	2.645	16.354	0.162	0.166	1.0	1.0	20	12.02	3	0.9263	0.9158	False	1.0	0.9333	0.9238	0.9616	0.8641	1.0	1.0	315	0.981	0.9492	0.0132	72	0.9167	0.7778	0.0667	105	365	0.981	20	0/0
L016870	hotspot_other	poa_spoa	ok	1637	1.009	404	0.9183	161	1.0	0.0373	56.88	0.0162	0.0054	95	0.0632	0.0571	3.015	16.468	0.183	2.839	16.423	0.173	0.176	1.0	1.0	20	12.83	3	0.9474	0.9158	False	1.0	0.9524	0.9238	0.9836	0.9417	1.0	1.0	315	0.9841	0.9778	0.0096	72	0.9306	0.9028	0.0441	105	365	0.981	20	0/0
L016870	hotspot_other	poa_abpoa	ok	1703	1.0174	404	0.9183	161	1.0	0.0373	57.12	0.0162	0.0054	95	0.0632	0.0571	3.015	16.468	0.183	2.882	16.423	0.175	0.177	1.0	1.0	20	12.93	2	0.9789	0.9368	False	1.0	0.981	0.9429	0.9836	0.9417	1.0	1.0	315	0.9873	0.9841	0.0064	72	0.9444	0.9306	0.029	105	365	0.981	20	0/0
L016870	hotspot_other	unit_aware__all	ok	2859	1.0239	404	0.9158	161	0.9938	0.1062	54.35	0.0459	0.0135	94	0.1809	0.1635	3.01	16.468	0.183	2.516	16.354	0.154	0.159	1.0	1.0	20	12.11	3	0.9362	0.9362	True	1.0	0.9423	0.9423	0.9507	0.8252	0.9973	0.9903	315	0.9905	0.946	0.0067	72	0.9583	0.7639	0.0351	105	365	0.981	20	0/0
L016870	hotspot_other	mafft_linsi__all	no_graph																																												105	365	0.981	20	0/0
L016870	hotspot_other	poa_spoa__all	no_graph																																												105	365	0.981	20	0/0
L016870	hotspot_other	poa_abpoa__all	no_graph																																												105	365	0.981	20	0/0
L016870	hotspot_other	poa_abpoa_mc__all	ok	1386	1.07	404	0.9183	161	1.0	0.0373	55.16	0.0162	0.0054	95	0.0632	0.0571	3.015	16.468	0.183	2.879	16.37	0.176	0.177	1.0	1.0	20	12.22	3	0.9263	0.8842	False	1.0	0.9333	0.8952	0.9836	0.9417	1.0	1.0	315	0.9841	0.981	0.0128	72	0.9306	0.9167	0.0571	105	365	0.981	20	0/0
L016870	hotspot_other	truth	ok	259		404	0.9183	161	1.0	0.1677	51.68	0.0916	0.0	105	0.2095	0.2095	3.134	16.304	0.192	2.647	15.025	0.176	0.179												0.9068	0.7864	1.0	1.0									105	365	0.981	20	0/0
L016870	hotspot_other	orig	ok	4589	1.0299	404	1.0	161	1.0	0.1553	51.88	0.0842	0.0198	95	0.2211	0.2	3.015			2.184				0.9938	0.9895	20	12.06	4	0.8947	0.8947	True	0.9905	0.9048	0.9048	0.9096	0.7961			92	0.9348	0.7065	0.0714	72	0.9167	0.6667	0.0943	105	365	0.981	20	0/0
L016124	control_vntr_matched	mc	ok	372	1.5848	1414	0.947	932	1.0	0.029	54.37	0.0217	0.0	704	0.0341	0.0341	39.992	30.128	1.327	39.163	29.911	1.309	1.314	0.9979	0.9972	6	4.0	2	0.9943	0.9886	False	0.9972	0.9943	0.9886	0.9873	0.981	1.0	1.0	1114	0.9946	0.9937	0.0054	499	0.988	0.986	0.012	704	1259	0.8949	6	0/0
L016124	control_vntr_matched	mafft_linsi	ok	260	1.0543	1414	0.947	932	1.0	0.0354	50.73	0.0261	0.0	704	0.0426	0.0426	40.014	30.128	1.328	38.804	29.911	1.297	1.3	0.9957	0.9943	6	3.96	2	0.9886	0.9858	False	0.9943	0.9886	0.9858	0.9841	0.9746	1.0	1.0	1114	0.9955	0.9955	0.0045	499	0.99	0.99	0.01	704	1259	0.8949	6	0/0
L016124	control_vntr_matched	unit_aware	ok	252	1.0478	1414	0.947	932	1.0	0.0354	50.83	0.0261	0.0	704	0.0426	0.0426	40.016	30.128	1.328	38.817	29.911	1.298	1.302	0.9946	0.9929	6	3.98	2	0.9858	0.983	False	0.9929	0.9858	0.983	0.9841	0.9746	0.9992	0.9984	1114	0.9946	0.9946	0.0054	499	0.988	0.988	0.012	704	1259	0.8949	6	0/0
L016124	control_vntr_matched	poa_spoa	ok	248	1.0193	1414	0.947	932	1.0	0.0354	50.76	0.0261	0.0	704	0.0426	0.0426	40.016	30.128	1.328	38.804	29.911	1.297	1.301	0.9946	0.9929	6	3.96	2	0.9858	0.983	False	0.9929	0.9858	0.983	0.9841	0.9746	0.9992	0.9984	1114	0.9946	0.9946	0.0054	499	0.988	0.988	0.012	704	1259	0.8949	6	0/0
L016124	control_vntr_matched	poa_abpoa	ok	258	1.045	1414	0.947	932	1.0	0.0354	50.78	0.0261	0.0	704	0.0426	0.0426	40.014	30.128	1.328	38.804	29.911	1.297	1.3	0.9957	0.9943	6	3.96	2	0.9872	0.9844	False	0.9943	0.9872	0.9844	0.9841	0.9746	1.0	1.0	1114	0.9946	0.9946	0.0054	499	0.988	0.988	0.012	704	1259	0.8949	6	0/0
L016124	control_vntr_matched	unit_aware__all	ok	260	1.051	1414	0.947	932	1.0	0.0333	50.91	0.0246	0.0	704	0.0398	0.0398	40.014	30.128	1.328	38.927	29.911	1.301	1.304	0.9946	0.9929	6	3.98	2	0.9858	0.983	False	0.9929	0.9858	0.983	0.9857	0.9778	1.0	1.0	1114	0.9937	0.9937	0.0063	499	0.986	0.986	0.014	704	1259	0.8949	6	0/0
L016124	control_vntr_matched	mafft_linsi__all	ok	260	1.0543	1414	0.947	932	1.0	0.0354	50.73	0.0261	0.0	704	0.0426	0.0426	40.014	30.128	1.328	38.804	29.911	1.297	1.3	0.9957	0.9943	6	3.96	2	0.9886	0.9858	False	0.9943	0.9886	0.9858	0.9841	0.9746	1.0	1.0	1114	0.9955	0.9955	0.0045	499	0.99	0.99	0.01	704	1259	0.8949	6	0/0
L016124	control_vntr_matched	poa_spoa__all	ok	291	1.0896	1414	0.947	932	1.0	0.0376	50.65	0.0276	0.0	704	0.0455	0.0455	40.011	30.128	1.328	38.689	29.911	1.293	1.298	0.9946	0.9929	6	3.95	2	0.9872	0.9844	False	0.9929	0.9872	0.9844	0.9825	0.9714	0.9992	0.9984	1114	0.9946	0.9928	0.0054	499	0.988	0.984	0.0121	704	1259	0.8949	6	0/0
L016124	control_vntr_matched	poa_abpoa__all	ok	324	1.2536	1414	0.947	932	1.0	0.0762	49.15	0.0545	0.0	704	0.0966	0.0966	40.0	30.128	1.328	36.479	29.911	1.22	1.24	0.9946	0.9929	6	3.91	2	0.9858	0.983	False	0.9929	0.9858	0.983	0.9547	0.9159	0.9984	0.9968	1114	0.9928	0.965	0.0074	499	0.984	0.9218	0.0171	704	1259	0.8949	6	0/0
L016124	control_vntr_matched	poa_abpoa_mc__all	ok	107	1.8678	1414	0.947	932	1.0	0.044	53.26	0.0321	0.0	704	0.054	0.054	40.004	30.128	1.328	38.224	29.911	1.278	1.289	0.9989	0.9986	6	3.89	2	0.9915	0.9886	False	0.9986	0.9915	0.9886	0.9762	0.9587	1.0	1.0	1114	0.9937	0.982	0.0064	499	0.986	0.9599	0.0144	704	1259	0.8949	6	0/0
L016124	control_vntr_matched	truth	ok	252		1414	0.947	932	1.0	0.0354	50.82	0.0261	0.0	704	0.0426	0.0426	40.014	30.128	1.328	38.804	29.911	1.297	1.301												0.9841	0.9746	1.0	1.0									704	1259	0.8949	6	0/0
L016124	control_vntr_matched	orig	ok	372	1.5848	1414	1.0	932	1.0	0.029	54.73	0.024	0.0042	704	0.0327	0.0327	39.998			39.112				0.9979	0.9972	6	4.01	2	0.9957	0.9915	False	0.9972	0.9957	0.9915	0.9833	0.9825			666	0.9895	0.988	0.0105	499	0.988	0.986	0.012	704	1259	0.8949	6	0/0
L007687	control_vntr_matched	mc	ok	371	1.1116	950	0.9337	501	1.0	0.2695	40.65	0.1601	0.0135	421	0.3112	0.3112	25.4	28.502	0.891	17.283	27.8	0.622	0.668	0.998	0.9976	10	7.13	3	0.9406	0.9311	False	0.9976	0.9406	0.9311	0.8461	0.6942	0.9988	0.9975	671	0.9851	0.9478	0.0078	235	0.9574	0.8638	0.024	421	851	0.9477	10	0/0
L007687	control_vntr_matched	mafft_linsi	ok	123	1.0336	950	0.9337	501	1.0	0.2595	43.78	0.1556	0.0068	421	0.304	0.304	25.4	28.502	0.891	17.409	27.861	0.625	0.688	1.0	1.0	10	7.39	2	0.9667	0.9549	False	1.0	0.9667	0.9549	0.8531	0.7043	1.0	1.0	671	0.9866	0.9657	0.0077	235	0.9617	0.9106	0.0228	421	851	0.9477	10	0/0
L007687	control_vntr_matched	unit_aware	ok	200	1.0272	950	0.9337	501	1.0	0.2814	41.17	0.1669	0.0135	421	0.3302	0.3302	25.4	28.5	0.891	16.937	27.874	0.608	0.68	1.0	1.0	10	7.03	3	0.9477	0.9026	False	1.0	0.9477	0.9026	0.8402	0.6767	0.9988	0.9975	671	0.9762	0.9389	0.0156	235	0.9319	0.834	0.0485	421	851	0.9477	10	0/0
L007687	control_vntr_matched	poa_spoa	ok	264	1.0359	950	0.9337	501	1.0	0.2834	39.74	0.1691	0.0158	421	0.3325	0.3325	25.4	28.502	0.891	16.76	27.861	0.602	0.667	0.998	0.9976	10	6.98	3	0.9264	0.9002	False	0.9976	0.9264	0.9002	0.839	0.6742	1.0	1.0	671	0.9747	0.9389	0.0202	235	0.9277	0.834	0.0622	421	851	0.9477	10	0/0
L007687	control_vntr_matched	poa_abpoa	ok	320	1.0469	950	0.9337	501	1.0	0.6307	36.63	0.363	0.1488	421	0.734	0.734	25.398	28.5	0.891	5.947	27.465	0.217	0.308	0.998	0.9976	10	5.27	3	0.9311	0.696	False	0.9976	0.9311	0.696	0.6416	0.2632	0.9976	0.995	671	0.8972	0.7794	0.0132	235	0.7064	0.3957	0.07	421	851	0.9477	10	0/0
L007687	control_vntr_matched	unit_aware__all	ok	458	1.0494	950	0.9337	501	1.0	0.6347	36.63	0.3653	0.2029	421	0.7387	0.7387	25.393	28.5	0.891	5.825	27.46	0.212	0.284	0.998	0.9976	10	4.97	3	0.8504	0.6437	False	0.9976	0.8504	0.6437	0.6404	0.2607	0.9976	0.995	671	0.8852	0.7899	0.0019	235	0.6723	0.4213	0.01	421	851	0.9477	10	0/0
L007687	control_vntr_matched	mafft_linsi__all	ok	205	1.0454	950	0.9337	501	1.0	0.2735	42.45	0.1623	0.0225	421	0.3207	0.3207	25.398	28.5	0.891	17.034	27.874	0.611	0.67	0.998	0.9976	10	7.12	2	0.9525	0.9216	False	0.9976	0.9525	0.9216	0.8449	0.6867	0.9976	0.995	671	0.9717	0.9419	0.0217	235	0.9191	0.8426	0.066	421	851	0.9477	10	0/0
L007687	control_vntr_matched	poa_spoa__all	ok	375	1.0731	950	0.9337	501	1.0	0.509	37.21	0.2954	0.106	421	0.5986	0.5986	25.4	28.502	0.891	9.45	27.861	0.339	0.428	0.998	0.9976	10	6.11	4	0.9074	0.8029	False	0.9976	0.9074	0.8029	0.7109	0.4035	0.9988	0.9975	671	0.9463	0.8554	0.0052	235	0.8468	0.5957	0.021	421	851	0.9477	10	0/0
L007687	control_vntr_matched	poa_abpoa__all	ok	444	1.1015	950	0.9337	501	1.0	0.6327	35.21	0.3653	0.212	421	0.7363	0.7363	25.396	28.502	0.891	5.843	27.447	0.213	0.277	0.998	0.9976	10	5.08	3	0.9192	0.677	False	0.9976	0.9192	0.677	0.6416	0.2632	0.9976	0.995	671	0.9046	0.7824	0.0057	235	0.7277	0.4043	0.0306	421	851	0.9477	10	0/0
L007687	control_vntr_matched	poa_abpoa_mc__all	ok	138	1.0555	950	0.9337	501	1.0	0.2635	43.27	0.1578	0.0203	421	0.3064	0.3064	25.398	28.502	0.891	17.387	27.8	0.625	0.681	1.0	1.0	10	7.05	3	0.9359	0.9121	False	1.0	0.9359	0.9121	0.8508	0.7018	1.0	1.0	671	0.9672	0.9478	0.02	235	0.9064	0.8596	0.0605	421	851	0.9477	10	0/0
L007687	control_vntr_matched	truth	ok	6		950	0.9337	501	1.0	0.1916	46.89	0.115	0.0068	421	0.228	0.228	25.398	28.502	0.891	19.409	28.195	0.688	0.734												0.8907	0.7769	1.0	1.0									421	851	0.9477	10	0/0
L007687	control_vntr_matched	orig	ok	371	1.1116	950	1.0	501	1.0	0.2615	42.44	0.1453	0.0105	421	0.304	0.304	25.394			17.448				0.998	0.9976	10	7.13	2	0.9477	0.9311	False	0.9976	0.9477	0.9311	0.8531	0.7018			274	0.9599	0.8759	0.0204	235	0.9532	0.8638	0.024	421	851	0.9477	10	0/0
L007172	control_vntr_matched	mc	ok	609	1.1031	1287	0.9324	742	1.0	0.2709	43.47	0.1675	0.0383	612	0.3235	0.3235	28.424	35.347	0.804	19.483	35.086	0.555	0.581	0.9919	0.9902	11	6.74	3	0.8971	0.848	False	0.9902	0.8971	0.848	0.846	0.6873	0.9982	0.9963	999	0.957	0.8739	0.0068	440	0.9023	0.7182	0.0186	612	1104	0.8725	11	0/0
L007172	control_vntr_matched	mafft_linsi	ok	488	1.031	1287	0.9324	742	1.0	0.2601	43.37	0.1608	0.035	612	0.3154	0.3154	28.418	35.347	0.804	19.834	35.311	0.562	0.592	0.9906	0.9886	11	7.11	3	0.8987	0.8676	False	0.9886	0.8987	0.8676	0.8614	0.7135	0.9991	0.9981	999	0.964	0.8919	0.0089	440	0.9182	0.7545	0.0235	612	1104	0.8725	11	0/0
L007172	control_vntr_matched	unit_aware	ok	623	1.0262	1287	0.9324	742	1.0	0.341	40.31	0.2108	0.0467	612	0.4134	0.4134	28.482	35.347	0.806	16.373	35.265	0.464	0.518	0.9825	0.9788	11	6.54	4	0.8382	0.7859	False	0.9788	0.8382	0.7859	0.8098	0.6067	0.9937	0.9869	999	0.9199	0.8268	0.0167	440	0.8182	0.6068	0.0498	612	1104	0.8725	11	0/0
L007172	control_vntr_matched	poa_spoa	ok	856	1.1382	1287	0.9324	742	1.0	0.5121	37.41	0.3167	0.115	612	0.6209	0.6209	28.416	35.347	0.804	10.31	35.177	0.293	0.375	0.9852	0.982	11	5.42	5	0.8121	0.7696	False	0.982	0.8121	0.7696	0.7138	0.4082	0.9964	0.9925	999	0.9139	0.7487	0.0119	440	0.8045	0.4295	0.0455	612	1104	0.8725	11	0/0
L007172	control_vntr_matched	poa_abpoa	ok	716	1.0936	1287	0.9324	742	1.0	0.504	37.62	0.3117	0.14	612	0.6095	0.6095	28.442	35.347	0.805	10.702	35.119	0.305	0.374	0.9892	0.9869	11	5.76	4	0.8676	0.7794	False	0.9869	0.8676	0.7794	0.7201	0.4232	0.9964	0.9925	999	0.9229	0.7548	0.0118	440	0.825	0.4455	0.0439	612	1104	0.8725	11	0/0
L007172	control_vntr_matched	unit_aware__all	ok	771	1.0447	1287	0.9324	742	1.0	0.4434	39.88	0.2742	0.0733	612	0.5376	0.5376	28.411	35.347	0.804	13.139	35.31	0.372	0.453	0.9865	0.9837	11	5.83	5	0.8088	0.6879	False	0.9837	0.8088	0.6879	0.7572	0.4981	0.9946	0.9888	999	0.8969	0.7938	0.0161	440	0.7659	0.5318	0.0526	612	1104	0.8725	11	0/0
L007172	control_vntr_matched	mafft_linsi__all	no_graph																																												612	1104	0.8725	11	0/0
L007172	control_vntr_matched	poa_spoa__all	ok	1030	1.4305	1287	0.9324	742	1.0	0.6725	32.76	0.4167	0.13	612	0.7843	0.7843	28.451	35.347	0.805	5.656	33.398	0.169	0.288	0.9838	0.9804	11	4.21	5	0.6683	0.6503	False	0.9804	0.6683	0.6503	0.6078	0.2247	0.9964	0.9925	999	0.8599	0.6366	0.017	440	0.6818	0.2182	0.1028	612	1104	0.8725	11	0/0
L007172	control_vntr_matched	poa_abpoa__all	ok	788	1.2299	1287	0.9324	742	1.0	0.4865	38.3	0.3008	0.1383	612	0.5899	0.5899	28.512	35.347	0.807	11.258	35.252	0.319	0.383	0.9906	0.9886	11	5.4	5	0.8366	0.6928	False	0.9886	0.8366	0.6928	0.7274	0.4363	0.9964	0.9925	999	0.8909	0.7618	0.0104	440	0.7523	0.4591	0.0381	612	1104	0.8725	11	0/0
L007172	control_vntr_matched	poa_abpoa_mc__all	ok	484	1.1284	1287	0.9324	742	1.0	0.3571	41.62	0.2208	0.0633	612	0.4216	0.4216	28.493	35.347	0.806	16.615	34.776	0.478	0.528	0.9892	0.9869	11	6.31	4	0.8676	0.7892	False	0.9869	0.8676	0.7892	0.8043	0.6067	0.9964	0.9925	999	0.9389	0.8418	0.0059	440	0.8614	0.6523	0.0171	612	1104	0.8725	11	0/0
L007172	control_vntr_matched	truth	ok	15		1287	0.9324	742	1.0	0.0377	52.92	0.0233	0.0	612	0.0458	0.0458	28.385	35.347	0.803	27.442	35.31	0.777	0.779												0.9819	0.9625	1.0	1.0									612	1104	0.8725	11	0/0
L007172	control_vntr_matched	orig	ok	609	1.1031	1287	1.0	742	1.0	0.2642	44.89	0.1546	0.0373	612	0.3154	0.3154	28.493			19.677				0.9906	0.9886	11	6.79	3	0.902	0.8546	False	0.9886	0.902	0.8546	0.8496	0.6985			489	0.9243	0.7485	0.0188	440	0.9159	0.7227	0.0215	612	1104	0.8725	11	0/0
L011430	control_vntr_matched	mc	ok	669	1.3614	1138	0.9482	642	0.9938	0.1787	47.49	0.1066	0.0056	504	0.2222	0.22	22.465	32.588	0.689	18.039	32.489	0.555	0.591	0.9796	0.9742	13	7.08	4	0.8234	0.8234	True	0.98	0.83	0.83	0.9166	0.8038	0.991	0.9809	765	0.9791	0.9556	0.0175	259	0.9382	0.8687	0.0546	502	887	0.7311	13	0/0
L011430	control_vntr_matched	mafft_linsi	ok	311	1.2032	1138	0.9482	642	0.9938	0.1505	47.82	0.0899	0.0037	504	0.1845	0.186	22.451	32.588	0.689	19.116	32.489	0.588	0.614	0.9765	0.9702	13	7.26	5	0.8413	0.8413	True	0.976	0.848	0.848	0.9245	0.8229	0.9899	0.9755	765	0.9817	0.9634	0.016	259	0.9459	0.8919	0.0494	502	887	0.7311	13	0/0
L011430	control_vntr_matched	unit_aware	ok	459	1.1413	1138	0.9473	642	0.9922	0.2653	45.42	0.1577	0.0121	503	0.332	0.334	22.335	32.588	0.685	15.433	32.489	0.475	0.526	0.9796	0.9742	13	6.84	5	0.8012	0.7873	False	0.978	0.806	0.792	0.876	0.703	0.9899	0.9782	765	0.9673	0.9281	0.0125	259	0.9035	0.7876	0.0423	502	887	0.7311	13	0/0
L011430	control_vntr_matched	poa_spoa	ok	332	1.1791	1138	0.9482	642	0.9938	0.1897	46.7	0.1131	0.0074	502	0.2351	0.236	22.441	32.588	0.689	17.665	32.489	0.544	0.577	0.9796	0.9761	13	7.01	5	0.8187	0.8127	False	0.978	0.822	0.816	0.9098	0.7875	0.9932	0.9837	765	0.9765	0.9451	0.0177	259	0.9305	0.8378	0.0565	502	887	0.7311	13	0/0
L011430	control_vntr_matched	poa_abpoa	ok	294	1.2675	1138	0.9482	642	0.9938	0.1473	47.8	0.088	0.0056	502	0.1833	0.184	22.423	32.588	0.688	19.022	32.489	0.585	0.614	0.9812	0.9781	13	7.15	5	0.8386	0.8327	False	0.98	0.842	0.836	0.929	0.8311	0.9932	0.9837	765	0.9765	0.9569	0.0201	259	0.9305	0.8726	0.0622	502	887	0.7311	13	0/0
L011430	control_vntr_matched	unit_aware__all	ok	532	1.158	1138	0.9473	642	0.9922	0.2527	45.56	0.1503	0.0158	503	0.3161	0.318	22.361	32.588	0.686	15.871	32.489	0.489	0.529	0.9749	0.9682	13	6.81	5	0.7932	0.7734	False	0.972	0.798	0.778	0.8828	0.7193	0.9899	0.9782	765	0.9699	0.9333	0.0111	259	0.9112	0.8031	0.037	502	887	0.7311	13	0/0
L011430	control_vntr_matched	mafft_linsi__all	ok	338	1.2138	1138	0.9482	642	0.9938	0.1536	47.76	0.0918	0.0074	504	0.1905	0.19	22.522	32.588	0.691	19.134	32.489	0.589	0.612	0.9781	0.9722	13	7.34	4	0.8552	0.8512	False	0.978	0.862	0.858	0.9267	0.8256	0.991	0.9782	765	0.983	0.9634	0.016	259	0.9498	0.8919	0.0494	502	887	0.7311	13	0/0
L011430	control_vntr_matched	poa_spoa__all	ok	507	1.268	1138	0.9482	642	0.9938	0.2476	46.08	0.1474	0.0167	504	0.3095	0.31	22.51	32.588	0.691	16.143	32.489	0.497	0.541	0.9687	0.9623	13	6.86	5	0.7857	0.7857	True	0.968	0.792	0.792	0.8884	0.733	0.9853	0.9673	765	0.9752	0.9386	0.0137	259	0.9266	0.8185	0.045	502	887	0.7311	13	0/0
L011430	control_vntr_matched	poa_abpoa__all	ok	399	1.3831	1138	0.9482	642	0.9938	0.2085	47.09	0.1242	0.0111	504	0.2599	0.262	22.546	32.588	0.692	17.479	32.489	0.538	0.58	0.9718	0.9663	13	7.03	5	0.8056	0.8056	True	0.972	0.812	0.812	0.9042	0.7711	0.9876	0.9728	765	0.9791	0.9516	0.0149	259	0.9382	0.8571	0.0472	502	887	0.7311	13	0/0
L011430	control_vntr_matched	poa_abpoa_mc__all	ok	244	1.4373	1138	0.9482	642	0.9938	0.1536	47.89	0.0918	0.0037	503	0.1909	0.19	22.433	32.588	0.688	18.821	32.489	0.579	0.603	0.9765	0.9742	13	7.25	5	0.839	0.839	True	0.978	0.844	0.844	0.9267	0.8256	0.9899	0.9782	765	0.9752	0.9569	0.0174	259	0.9266	0.8726	0.0544	502	887	0.7311	13	0/0
L011430	control_vntr_matched	truth	ok	44		1138	0.9473	642	0.9922	0.0659	49.95	0.0399	0.0019	502	0.0797	0.0797	22.316	32.588	0.685	21.167	32.489	0.652	0.655												0.9741	0.9401	1.0	1.0									502	887	0.7311	13	0/0
L011430	control_vntr_matched	orig	ok	669	1.3614	1138	1.0	642	1.0	0.19	47.52	0.1151	0.0132	508	0.2362	0.2311	22.55			17.965				0.9782	0.9724	13	7.04	5	0.8169	0.8169	True	0.9781	0.8267	0.8267	0.9121	0.8011			332	0.9548	0.8946	0.0419	259	0.9421	0.8649	0.0549	502	887	0.7311	13	0/0
L007065	control_vntr_matched	mc	ok	156	1.0003	1313	0.9573	863	1.0	0.0301	55	0.0207	0.0	760	0.0342	0.0342	28.602	29.322	0.975	27.855	29.322	0.95	0.957	1.0	1.0	9	7.34	2	0.9842	0.9842	False	1.0	0.9842	0.9842	0.9848	0.9749	1.0	1.0	1118	0.9937	0.9937	0.0063	659	0.9894	0.9894	0.0106	760	1185	0.9434	9	0/0
L007065	control_vntr_matched	mafft_linsi	ok	48	1.0017	1313	0.9573	863	1.0	0.0463	54.21	0.0318	0.0	760	0.0526	0.0526	28.607	29.322	0.976	27.324	29.251	0.934	0.944	1.0	1.0	9	7.33	2	0.9855	0.9842	False	1.0	0.9855	0.9842	0.9713	0.9526	1.0	1.0	1118	0.9928	0.9812	0.0045	659	0.9879	0.9681	0.0078	760	1185	0.9434	9	0/0
L007065	control_vntr_matched	unit_aware	ok	48	1.0093	1313	0.9573	863	1.0	0.0394	54.55	0.027	0.0	760	0.0447	0.0447	28.606	29.322	0.976	27.517	29.322	0.938	0.947	1.0	1.0	9	7.29	2	0.9855	0.9842	False	1.0	0.9855	0.9842	0.9764	0.9609	1.0	1.0	1118	0.9928	0.9839	0.0072	659	0.9879	0.9727	0.0123	760	1185	0.9434	9	0/0
L007065	control_vntr_matched	poa_spoa	ok	39	1.0003	1313	0.9573	863	1.0	0.0278	55.07	0.0191	0.0	760	0.0316	0.0316	28.606	29.322	0.976	27.925	29.322	0.952	0.958	1.0	1.0	9	7.34	2	0.9855	0.9842	False	1.0	0.9855	0.9842	0.9848	0.9749	1.0	1.0	1118	0.9928	0.9928	0.0072	659	0.9879	0.9879	0.0121	760	1185	0.9434	9	0/0
L007065	control_vntr_matched	poa_abpoa	ok	39	1.0003	1313	0.9573	863	1.0	0.0278	55.07	0.0191	0.0	760	0.0316	0.0316	28.606	29.322	0.976	27.925	29.322	0.952	0.958	1.0	1.0	9	7.34	2	0.9855	0.9842	False	1.0	0.9855	0.9842	0.9848	0.9749	1.0	1.0	1118	0.9928	0.9928	0.0072	659	0.9879	0.9879	0.0121	760	1185	0.9434	9	0/0
L007065	control_vntr_matched	unit_aware__all	ok	48	1.0093	1313	0.9573	863	1.0	0.0394	54.55	0.027	0.0	760	0.0447	0.0447	28.606	29.322	0.976	27.517	29.322	0.938	0.947	1.0	1.0	9	7.28	2	0.9842	0.9829	False	1.0	0.9842	0.9829	0.9764	0.9609	1.0	1.0	1118	0.9919	0.983	0.0081	659	0.9863	0.9712	0.0139	760	1185	0.9434	9	0/0
L007065	control_vntr_matched	mafft_linsi__all	ok	176	1.0276	1313	0.9573	863	1.0	0.0881	52.15	0.0605	0.0095	760	0.1	0.1	28.611	29.322	0.976	25.905	29.322	0.883	0.896	0.9988	0.9987	9	7.08	2	0.9737	0.95	False	0.9987	0.9737	0.95	0.9443	0.9079	1.0	1.0	1118	0.9758	0.949	0.0103	659	0.959	0.9135	0.0179	760	1185	0.9434	9	0/0
L007065	control_vntr_matched	poa_spoa__all	ok	248	1.0218	1313	0.9573	863	1.0	0.2839	44.35	0.1949	0.0223	760	0.3211	0.3211	28.596	29.322	0.975	19.403	29.228	0.664	0.735	0.9988	0.9987	9	6.44	3	0.9474	0.8697	False	0.9987	0.9474	0.8697	0.8084	0.6848	0.9975	0.9958	1118	0.9311	0.8238	0.0086	659	0.8832	0.7011	0.017	760	1185	0.9434	9	0/0
L007065	control_vntr_matched	poa_abpoa__all	ok	39	1.0003	1313	0.9573	863	1.0	0.0278	55.07	0.0191	0.0	760	0.0316	0.0316	28.606	29.322	0.976	27.925	29.322	0.952	0.958	1.0	1.0	9	7.34	2	0.9855	0.9842	False	1.0	0.9855	0.9842	0.9848	0.9749	1.0	1.0	1118	0.9928	0.9928	0.0072	659	0.9879	0.9879	0.0121	760	1185	0.9434	9	0/0
L007065	control_vntr_matched	poa_abpoa_mc__all	ok	39	1.0003	1313	0.9573	863	1.0	0.0278	55.07	0.0191	0.0	760	0.0316	0.0316	28.606	29.322	0.976	27.925	29.322	0.952	0.958	1.0	1.0	9	7.34	2	0.9855	0.9842	False	1.0	0.9855	0.9842	0.9848	0.9749	1.0	1.0	1118	0.9928	0.9928	0.0072	659	0.9879	0.9879	0.0121	760	1185	0.9434	9	0/0
L007065	control_vntr_matched	truth	ok	9		1313	0.9573	863	1.0	0.0278	55.14	0.0191	0.0	760	0.0316	0.0316	28.599	29.322	0.975	27.933	29.322	0.953	0.958												0.9857	0.9763	1.0	1.0									760	1185	0.9434	9	0/0
L007065	control_vntr_matched	orig	ok	156	1.0003	1313	1.0	863	1.0	0.0301	55.48	0.0206	0.0008	760	0.0342	0.0342	28.604			27.869				1.0	1.0	9	7.33	2	0.9842	0.9829	False	1.0	0.9842	0.9829	0.9831	0.9735			707	0.9887	0.9873	0.0113	659	0.9879	0.9863	0.0122	760	1185	0.9434	9	0/0
L004021	control_vntr_matched	mc	ok	822	1.0215	2199	0.9714	1856	1.0	0.0366	55.78	0.0323	0.0028	1737	0.0391	0.0391	34.857	23.745	1.468	33.527	23.724	1.413	1.424	0.9989	0.9988	20	16.82	2	0.9879	0.9862	False	0.9988	0.9879	0.9862	0.9677	0.9617	0.999	0.9988	1864	0.9914	0.9646	0.0083	1565	0.9911	0.9591	0.0086	1737	1948	0.9465	20	1/0
L004021	control_vntr_matched	mafft_linsi	ok	171	1.0215	2199	0.9714	1856	1.0	0.0129	57.11	0.0117	0.0	1737	0.0138	0.0138	34.85	23.745	1.468	34.401	23.724	1.45	1.454	0.9989	0.9988	20	16.68	2	0.9787	0.977	False	0.9988	0.9787	0.977	0.9892	0.9872	0.9995	0.9994	1864	0.9844	0.9812	0.0145	1565	0.9827	0.9789	0.0161	1737	1948	0.9465	20	1/0
L004021	control_vntr_matched	unit_aware	ok	168	1.0211	2199	0.9714	1856	1.0	0.0129	57.11	0.0117	0.0	1737	0.0138	0.0138	34.85	23.745	1.468	34.401	23.724	1.45	1.454	0.9989	0.9988	20	16.69	2	0.9793	0.9775	False	0.9988	0.9793	0.9775	0.9892	0.9872	0.9995	0.9994	1864	0.9855	0.9823	0.0135	1565	0.984	0.9802	0.0148	1737	1948	0.9465	20	1/0
L004021	control_vntr_matched	poa_spoa	ok	168	1.0211	2199	0.9714	1856	1.0	0.0129	57.11	0.0117	0.0	1737	0.0138	0.0138	34.85	23.745	1.468	34.401	23.724	1.45	1.454	0.9989	0.9988	20	16.69	2	0.9793	0.9775	False	0.9988	0.9793	0.9775	0.9892	0.9872	0.9995	0.9994	1864	0.9855	0.9823	0.0135	1565	0.984	0.9802	0.0148	1737	1948	0.9465	20	1/0
L004021	control_vntr_matched	poa_abpoa	ok	168	1.0211	2199	0.9714	1856	1.0	0.0129	57.11	0.0117	0.0	1737	0.0138	0.0138	34.85	23.745	1.468	34.401	23.724	1.45	1.454	0.9989	0.9988	20	16.69	2	0.9793	0.9775	False	0.9988	0.9793	0.9775	0.9892	0.9872	0.9995	0.9994	1864	0.9855	0.9823	0.0135	1565	0.984	0.9802	0.0148	1737	1948	0.9465	20	1/0
L004021	control_vntr_matched	unit_aware__all	ok	205	1.0216	2199	0.9714	1856	1.0	0.0312	56.09	0.0276	0.0	1737	0.0334	0.0334	34.849	23.745	1.468	33.734	23.724	1.422	1.433	0.9973	0.9971	20	16.79	2	0.9839	0.9822	False	0.9971	0.9839	0.9822	0.9733	0.9684	0.9985	0.9982	1864	0.9914	0.97	0.0082	1565	0.9911	0.9655	0.0085	1737	1948	0.9465	20	1/0
L004021	control_vntr_matched	mafft_linsi__all	no_graph																																												1737	1948	0.9465	20	1/0
L004021	control_vntr_matched	poa_spoa__all	ok	788	1.1036	2199	0.9714	1856	1.0	0.25	43.4	0.2177	0.0272	1737	0.2666	0.2666	34.849	23.745	1.468	25.667	23.614	1.087	1.173	0.993	0.9925	20	14.54	3	0.8831	0.8566	False	0.9925	0.8831	0.8566	0.7813	0.7415	0.999	0.9988	1864	0.8906	0.7876	0.0128	1565	0.8709	0.7489	0.0143	1737	1948	0.9465	20	1/0
L004021	control_vntr_matched	poa_abpoa__all	ok	567	1.1487	2199	0.9714	1856	1.0	0.2074	45.0	0.1807	0.0487	1737	0.2216	0.2216	34.843	23.745	1.467	27.177	23.671	1.148	1.183	0.9935	0.9931	20	15.41	3	0.909	0.9079	False	0.9931	0.909	0.9079	0.8172	0.7835	0.9974	0.997	1864	0.9356	0.8176	0.0104	1565	0.9246	0.784	0.0113	1737	1948	0.9465	20	1/0
L004021	control_vntr_matched	poa_abpoa_mc__all	ok	170	1.0211	2199	0.9714	1856	1.0	0.0065	57.39	0.0061	0.0	1737	0.0069	0.0069	34.85	23.745	1.468	34.649	23.724	1.461	1.463	0.9984	0.9983	20	16.85	2	0.9873	0.9862	False	0.9983	0.9873	0.9862	0.9949	0.9939	0.9985	0.9982	1864	0.9941	0.9941	0.0059	1565	0.9942	0.9942	0.0058	1737	1948	0.9465	20	1/0
L004021	control_vntr_matched	truth	ok	30		2199	0.9714	1856	1.0	0.0086	57.49	0.008	0.0	1737	0.0092	0.0092	34.852	23.745	1.468	34.573	23.725	1.457	1.46												0.9933	0.9921	1.0	1.0									1737	1948	0.9465	20	1/0
L004021	control_vntr_matched	orig	ok	822	1.0215	2199	1.0	1856	1.0	0.0523	50.68	0.1119	0.0055	1737	0.034	0.034	34.854			33.809				0.9984	0.9983	20	16.8	2	0.9856	0.9845	False	0.9983	0.9856	0.9845	0.9363	0.9696			1618	0.9883	0.9654	0.0101	1565	0.9891	0.9719	0.0104	1737	1948	0.9465	20	1/0
L014111	control_vntr_matched	mc	ok	238	1.112	1154	0.9558	734	0.9986	0.0055	57.43	0.0063	0.0	666	0.006	0.006	25.143	25.636	0.981	25.015	25.508	0.981	0.98	1.0	1.0	4	2.16	2	0.9985	0.9985	True	1.0	0.9985	0.9985	0.9951	0.9952	0.999	0.9984	985	0.997	0.997	0.002	607	0.9951	0.9951	0.0033	666	1011	0.9294	4	0/0
L014111	control_vntr_matched	mafft_linsi	ok	175	1.1533	1154	0.9575	734	1.0	0.0054	57.47	0.0063	0.0	667	0.006	0.006	25.151	25.646	0.981	25.023	25.518	0.981	0.98	0.9987	1.0	4	2.16	2	0.997	0.997	True	1.0	0.997	0.997	0.996	0.9968	1.0	1.0	985	0.9949	0.9949	0.0051	607	0.9918	0.9918	0.0082	666	1011	0.9294	4	0/0
L014111	control_vntr_matched	unit_aware	ok	563	1.0187	1154	0.9575	734	1.0	0.0232	52.94	0.0181	0.0	666	0.0255	0.0255	25.187	25.617	0.983	24.583	25.487	0.965	0.966	0.9919	0.991	4	2.12	2	0.9895	0.9895	True	0.991	0.9895	0.9895	0.9832	0.9758	0.997	0.9952	985	0.9929	0.9807	0.0051	607	0.9885	0.9687	0.0084	666	1011	0.9294	4	0/0
L014111	control_vntr_matched	poa_spoa	ok	203	1.0549	1154	0.9567	734	1.0	0.0054	57.48	0.0063	0.0	666	0.006	0.006	25.164	25.617	0.982	25.036	25.489	0.982	0.982	1.0	1.0	4	2.16	2	0.997	0.997	True	1.0	0.997	0.997	0.996	0.9968	1.0	1.0	985	0.9949	0.9949	0.0051	607	0.9918	0.9918	0.0082	666	1011	0.9294	4	0/0
L014111	control_vntr_matched	poa_abpoa	ok	400	1.0726	1154	0.9575	734	1.0	0.0232	54.7	0.0181	0.0	667	0.0255	0.0255	25.16	25.636	0.981	24.567	25.507	0.963	0.967	0.9946	0.994	4	2.13	2	0.991	0.991	True	0.994	0.991	0.991	0.9842	0.9774	0.998	0.9968	985	0.9929	0.9827	0.0051	607	0.9885	0.972	0.0084	666	1011	0.9294	4	0/0
L014111	control_vntr_matched	unit_aware__all	ok	486	1.1251	1154	0.9584	734	1.0	0.0436	54.42	0.0316	0.0036	668	0.0479	0.048	25.188	25.646	0.982	24.027	25.516	0.942	0.949	0.9919	0.9925	4	2.1	2	0.9731	0.9731	True	0.994	0.9745	0.9745	0.9693	0.9532	0.998	0.9968	985	0.9827	0.9655	0.0073	607	0.972	0.944	0.0121	666	1011	0.9294	4	0/0
L014111	control_vntr_matched	mafft_linsi__all	ok	175	1.1533	1154	0.9575	734	1.0	0.0054	57.47	0.0063	0.0	667	0.006	0.006	25.151	25.646	0.981	25.023	25.518	0.981	0.98	0.9987	1.0	4	2.16	2	0.997	0.997	True	1.0	0.997	0.997	0.996	0.9968	1.0	1.0	985	0.9949	0.9949	0.0051	607	0.9918	0.9918	0.0082	666	1011	0.9294	4	0/0
L014111	control_vntr_matched	poa_spoa__all	ok	226	1.0762	1154	0.9567	734	1.0	0.0054	56.98	0.0063	0.0	666	0.006	0.006	25.164	25.617	0.982	25.036	25.489	0.982	0.981	0.9987	0.9985	4	2.16	2	0.9955	0.9955	True	0.9985	0.9955	0.9955	0.996	0.9968	1.0	1.0	985	0.9959	0.9959	0.0041	607	0.9934	0.9934	0.0066	666	1011	0.9294	4	0/0
L014111	control_vntr_matched	poa_abpoa__all	ok	363	1.1609	1154	0.9575	734	1.0	0.0232	54.7	0.0181	0.0	668	0.0254	0.0255	25.145	25.636	0.981	24.553	25.507	0.963	0.965	0.9919	0.991	4	2.13	2	0.988	0.988	True	0.9925	0.9895	0.9895	0.9842	0.9774	0.999	0.9984	985	0.9929	0.9827	0.0051	607	0.9885	0.972	0.0084	666	1011	0.9294	4	0/0
L014111	control_vntr_matched	poa_abpoa_mc__all	ok	142	1.112	1154	0.9567	734	1.0	0.0054	57.46	0.0063	0.0	667	0.006	0.006	25.151	25.636	0.981	25.023	25.508	0.981	0.981	1.0	1.0	4	2.16	2	0.997	0.997	True	1.0	0.997	0.997	0.996	0.9968	1.0	1.0	985	0.9949	0.9949	0.0051	607	0.9918	0.9918	0.0082	666	1011	0.9294	4	0/0
L014111	control_vntr_matched	truth	ok	198		1154	0.9567	734	1.0	0.0054	57.48	0.0063	0.0	666	0.006	0.006	25.164	25.617	0.982	25.036	25.489	0.982	0.982												0.996	0.9968	1.0	1.0									666	1011	0.9294	4	0/0
L014111	control_vntr_matched	orig	ok	238	1.112	1154	1.0	734	1.0	0.0136	57.95	0.0147	0.0017	659	0.0121	0.009	25.037			24.82				0.9986	0.9985	4	2.14	2	0.9985	0.9985	True	1.0	1.0	1.0	0.9901	0.9935			643	0.9969	0.9953	0.0031	607	0.9967	0.9951	0.0033	666	1011	0.9294	4	0/0
L000506	control_nontr_sv	mc	ok	34	1.0	635	0.9055	195	1.0	0.0103	58.9	0.0035	0.0035	98	0.0204	0.0204	28.241	28.117	1.004	27.43	28.115	0.976	0.976	1.0	1.0	5	3.32	4	0.8878	0.8776	False	1.0	0.8878	0.8776	0.9964	0.9796	1.0	1.0	554	0.9783	0.9747	0.0217	97	0.8763	0.8557	0.1263	98	558	1.0	5	0/0
L000506	control_nontr_sv	mafft_linsi	ok	7	1.0	635	0.9055	195	1.0	0.0103	58.9	0.0035	0.0035	98	0.0204	0.0204	28.241	28.117	1.004	27.43	28.115	0.976	0.976	1.0	1.0	5	3.28	4	0.8878	0.8673	False	1.0	0.8878	0.8673	0.9964	0.9796	1.0	1.0	554	0.9765	0.9747	0.0217	97	0.866	0.8557	0.1263	98	558	1.0	5	0/0
L000506	control_nontr_sv	unit_aware	ok	7	1.0	635	0.9055	195	1.0	0.0103	58.9	0.0035	0.0035	98	0.0204	0.0204	28.241	28.117	1.004	27.43	28.115	0.976	0.976	1.0	1.0	5	3.28	4	0.8878	0.8673	False	1.0	0.8878	0.8673	0.9964	0.9796	1.0	1.0	554	0.9765	0.9747	0.0217	97	0.866	0.8557	0.1263	98	558	1.0	5	0/0
L000506	control_nontr_sv	poa_spoa	ok	7	1.0	635	0.9055	195	1.0	0.0103	58.9	0.0035	0.0035	98	0.0204	0.0204	28.241	28.117	1.004	27.43	28.115	0.976	0.976	1.0	1.0	5	3.28	4	0.8878	0.8673	False	1.0	0.8878	0.8673	0.9964	0.9796	1.0	1.0	554	0.9765	0.9747	0.0217	97	0.866	0.8557	0.1263	98	558	1.0	5	0/0
L000506	control_nontr_sv	poa_abpoa	ok	7	1.0	635	0.9055	195	1.0	0.0103	58.9	0.0035	0.0035	98	0.0204	0.0204	28.241	28.117	1.004	27.43	28.115	0.976	0.976	1.0	1.0	5	3.28	4	0.8878	0.8673	False	1.0	0.8878	0.8673	0.9964	0.9796	1.0	1.0	554	0.9765	0.9747	0.0217	97	0.866	0.8557	0.1263	98	558	1.0	5	0/0
L000506	control_nontr_sv	unit_aware__all	ok	7	1.0	635	0.9055	195	1.0	0.0103	58.9	0.0035	0.0035	98	0.0204	0.0204	28.241	28.117	1.004	27.43	28.115	0.976	0.976	1.0	1.0	5	3.28	4	0.8878	0.8673	False	1.0	0.8878	0.8673	0.9964	0.9796	1.0	1.0	554	0.9765	0.9747	0.0217	97	0.866	0.8557	0.1263	98	558	1.0	5	0/0
L000506	control_nontr_sv	mafft_linsi__all	ok	7	1.0	635	0.9055	195	1.0	0.0103	58.9	0.0035	0.0035	98	0.0204	0.0204	28.241	28.117	1.004	27.43	28.115	0.976	0.976	1.0	1.0	5	3.28	4	0.8878	0.8673	False	1.0	0.8878	0.8673	0.9964	0.9796	1.0	1.0	554	0.9765	0.9747	0.0217	97	0.866	0.8557	0.1263	98	558	1.0	5	0/0
L000506	control_nontr_sv	poa_spoa__all	ok	7	1.0	635	0.9055	195	1.0	0.0103	58.9	0.0035	0.0035	98	0.0204	0.0204	28.241	28.117	1.004	27.43	28.115	0.976	0.976	1.0	1.0	5	3.28	4	0.8878	0.8673	False	1.0	0.8878	0.8673	0.9964	0.9796	1.0	1.0	554	0.9765	0.9747	0.0217	97	0.866	0.8557	0.1263	98	558	1.0	5	0/0
L000506	control_nontr_sv	poa_abpoa__all	ok	7	1.0	635	0.9055	195	1.0	0.0103	58.9	0.0035	0.0035	98	0.0204	0.0204	28.241	28.117	1.004	27.43	28.115	0.976	0.976	1.0	1.0	5	3.28	4	0.8878	0.8673	False	1.0	0.8878	0.8673	0.9964	0.9796	1.0	1.0	554	0.9765	0.9747	0.0217	97	0.866	0.8557	0.1263	98	558	1.0	5	0/0
L000506	control_nontr_sv	poa_abpoa_mc__all	ok	7	1.0	635	0.9055	195	1.0	0.0103	58.9	0.0035	0.0035	98	0.0204	0.0204	28.241	28.117	1.004	27.43	28.115	0.976	0.976	1.0	1.0	5	3.28	4	0.8878	0.8673	False	1.0	0.8878	0.8673	0.9964	0.9796	1.0	1.0	554	0.9765	0.9747	0.0217	97	0.866	0.8557	0.1263	98	558	1.0	5	0/0
L000506	control_nontr_sv	truth	ok	3		635	0.9055	195	1.0	0.0	59.11	0.0	0.0	98	0.0	0.0	28.222	28.117	1.004	28.222	28.117	1.004	1.004												1.0	1.0	1.0	1.0									98	558	1.0	5	0/0
L000506	control_nontr_sv	orig	ok	34	1.0	635	1.0	195	1.0	0.0308	58.3	0.0157	0.0126	98	0.0612	0.0612	28.241			25.816				1.0	1.0	5	3.32	4	0.8878	0.8776	False	1.0	0.8878	0.8776	0.9839	0.9388			149	0.9195	0.8926	0.0699	97	0.8763	0.8351	0.1099	98	558	1.0	5	0/0
L006556	control_nontr_sv	mc	ok	45	1.0033	646	0.904	189	1.0	0.0053	56.99	0.0034	0.0	125	0.008	0.0069	36.883	28.558	1.292	36.642	28.469	1.287	1.286	1.0	1.0	4	1.92	2	0.992	0.992	False	1.0	0.9931	0.9931	0.9962	0.9918	1.0	1.0	439	0.9977	0.9977	0.0023	79	0.9873	0.9873	0.0127	145	526	0.8414	4	0/0
L006556	control_nontr_sv	mafft_linsi	ok	142	1.1894	646	0.904	189	1.0	0.2011	48.36	0.1199	0.0	143	0.2448	0.2552	35.222	28.948	1.217	29.757	26.404	1.127	1.16	0.9811	0.972	4	1.7	3	0.9231	0.9231	True	0.9724	0.8966	0.8966	0.9087	0.8525	1.0	1.0	439	0.9954	0.9932	0.0046	79	0.9747	0.962	0.0256	145	526	0.8414	4	0/0
L006556	control_nontr_sv	unit_aware	ok	142	1.1894	646	0.904	189	1.0	0.2011	48.36	0.1199	0.0	143	0.2448	0.2552	35.222	28.948	1.217	29.757	26.404	1.127	1.16	0.9811	0.972	4	1.7	3	0.9231	0.9231	True	0.9724	0.8966	0.8966	0.9087	0.8525	1.0	1.0	439	0.9954	0.9932	0.0046	79	0.9747	0.962	0.0256	145	526	0.8414	4	0/0
L006556	control_nontr_sv	poa_spoa	ok	15	1.0033	646	0.904	189	1.0	0.0053	56.99	0.0034	0.0	125	0.008	0.0069	36.883	28.558	1.292	36.642	28.469	1.287	1.286	1.0	1.0	4	1.9	2	0.992	0.992	False	1.0	0.9931	0.9931	0.9962	0.9918	1.0	1.0	439	0.9977	0.9977	0.0023	79	0.9873	0.9873	0.0127	145	526	0.8414	4	0/0
L006556	control_nontr_sv	poa_abpoa	ok	15	1.0033	646	0.904	189	1.0	0.0053	56.99	0.0034	0.0	125	0.008	0.0069	36.883	28.558	1.292	36.642	28.469	1.287	1.286	1.0	1.0	4	1.9	2	0.992	0.992	False	1.0	0.9931	0.9931	0.9962	0.9918	1.0	1.0	439	0.9977	0.9977	0.0023	79	0.9873	0.9873	0.0127	145	526	0.8414	4	0/0
L006556	control_nontr_sv	unit_aware__all	ok	139	1.1828	646	0.904	189	1.0	0.2011	48.36	0.1199	0.0	145	0.2552	0.2552	35.293	28.938	1.22	29.951	26.376	1.136	1.164	0.9811	0.9724	4	1.66	3	0.8966	0.8966	True	0.9724	0.8759	0.8759	0.9087	0.8525	1.0	1.0	439	0.9932	0.9932	0.0046	79	0.962	0.962	0.0256	145	526	0.8414	4	0/0
L006556	control_nontr_sv	mafft_linsi__all	ok	139	1.1828	646	0.904	189	1.0	0.2011	48.36	0.1199	0.0	145	0.2552	0.2552	35.293	28.938	1.22	29.951	26.376	1.136	1.164	0.9811	0.9724	4	1.66	3	0.8966	0.8966	True	0.9724	0.8759	0.8759	0.9087	0.8525	1.0	1.0	439	0.9932	0.9932	0.0046	79	0.962	0.962	0.0256	145	526	0.8414	4	0/0
L006556	control_nontr_sv	poa_spoa__all	ok	15	1.0033	646	0.904	189	1.0	0.0053	56.99	0.0034	0.0	125	0.008	0.0069	36.883	28.558	1.292	36.642	28.469	1.287	1.286	1.0	1.0	4	1.9	2	0.992	0.992	False	1.0	0.9931	0.9931	0.9962	0.9918	1.0	1.0	439	0.9977	0.9977	0.0023	79	0.9873	0.9873	0.0127	145	526	0.8414	4	0/0
L006556	control_nontr_sv	poa_abpoa__all	ok	15	1.0033	646	0.904	189	1.0	0.0053	56.99	0.0034	0.0	125	0.008	0.0069	36.883	28.558	1.292	36.642	28.469	1.287	1.286	1.0	1.0	4	1.9	2	0.992	0.992	False	1.0	0.9931	0.9931	0.9962	0.9918	1.0	1.0	439	0.9977	0.9977	0.0023	79	0.9873	0.9873	0.0127	145	526	0.8414	4	0/0
L006556	control_nontr_sv	poa_abpoa_mc__all	ok	15	1.0033	646	0.904	189	1.0	0.0053	56.99	0.0034	0.0	125	0.008	0.0069	36.883	28.558	1.292	36.642	28.469	1.287	1.286	1.0	1.0	4	1.9	2	0.992	0.992	False	1.0	0.9931	0.9931	0.9962	0.9918	1.0	1.0	439	0.9977	0.9977	0.0023	79	0.9873	0.9873	0.0127	145	526	0.8414	4	0/0
L006556	control_nontr_sv	truth	ok	135		646	0.904	189	1.0	0.1693	48.94	0.0805	0.0	145	0.1241	0.1241	35.823	28.861	1.241	31.826	26.794	1.188	1.204												0.9202	0.8852	1.0	1.0									145	526	0.8414	4	0/0
L006556	control_nontr_sv	orig	ok	45	1.0033	646	1.0	189	1.0	0.0635	57.96	0.0217	0.017	112	0.0982	0.0828	36.388			32.164				1.0	1.0	4	1.79	2	0.9911	0.9911	False	1.0	0.9919	0.9919	0.9772	0.9098			92	0.9891	0.9022	0.0119	76	0.9868	0.8816	0.0147	145	526	0.8414	4	0/0
