variant	region_id	group	build_status	align_s	peak_rss_mb	nodes	nodes_per_kb	kmer_frac_extra	cost_over_opt	ed_reps	ed_median	vs_mc	vs_poa_abpoa	vs_poa_abpoa__all
rb_mc_link	TR761026	hurt	ok			1094	291.27	0.2944	1.0723	0,0,0	0	tie	tie	better
rb_mc_link	TR755910	hurt	ok			403	156.14	0.4278	1.1694	670,672,670	670	tie	worse	worse
rb_mc_link	TR761129	hurt	ok			1601	281.57	0.40392	3.1958	610,543,610	610	tie	worse	better
rb_mc_link	TR760137	hurt	ok			431	120.06	0.23403	1.057	180,180,180	180	tie	tie	tie
rb_mc_link	TR773368	hurt	ok			88	71.26	0.02814	1.0058	2,2,2	2	tie	worse	better
rb_mc_link	TR772413	hurt	ok			857	399.91	0.49824	1.4214	64,64	64.0	tie	better	better
rb_mc_link	TR755896	hurt	ok			438	124.96	0.22456	1.1836	0,0,0	0	tie	tie	tie
rb_mc_link	TR770009	hurt	ok			699	307.39	0.17281	1.0771	9,9,9	9	tie	worse	better
rb_mc_link	TR769752	helped	ok			534	265.67	0.20284	1.6883	670,670,670	670	tie	worse	worse
rb_mc_link	TR772976	helped	ok			5747	4437.84	0.66772	1.5628	1790,1790,1790	1790	worse	better	worse
rb_mc_link	TR755726	helped	ok			997	597.36	0.52352	2.8952	125,125,125	125	worse	worse	better
rb_mc_link	TR766584	helped	ok			166	161.17	0.02545	1.5268	0,0,0	0	tie	tie	tie
rb_mc_link	TR773452	helped	ok			714	356.47	0.28362	1.4319	0,0,0	0	tie	better	better
rb_mc_link	TR757936	helped	ok			245	37.91	0.0422	1.2815	2,2,2	2	tie	better	better
rb_mc_link	TR772945	hotspot	ok			321	164.53	0.40909	1.4309	806,782,806	806	tie	worse	worse
rb_mc_link	TR772999	hotspot	ok			4387	1324.58	0.72115	1.7083	654,1474,654	654	better	tie	tie
rb_mc_link	TR773491	hotspot	ok			2000	476.87	0.54173	1.9778	472,443,472	472	tie	better	better
rb_mc_link	TR772198	hotspot	ok			1257	598.57	0.59287	1.3943	967,967,967	967	worse	worse	worse
rb_mc_link	TR764119	mc_right	ok			146	143.42	0.19532	1.7107	11,11,11	11	tie	worse	worse
rb_mc_link	TR765271	mc_right	ok			228	136.85	0.16804	1.0511	26,26,26	26	worse	worse	worse
rb_mc_link	TR773234	mc_right	ok			132	143.48	0.04613	1.1099	2,2,2	2	tie	tie	tie
rb_mc_link	TR772722	mc_right	ok			161	82.9	0.0601	1.1976	1,1,1	1	tie	tie	tie
rb_poa_abpoa	TR761026	hurt	ok			653	173.86	0.27876	1.0543	0,0,0	0	tie	tie	better
rb_poa_abpoa	TR755910	hurt	ok			104	40.29	0.0964	1.0009	604,604,604	604	better	tie	tie
rb_poa_abpoa	TR761129	hurt	ok			1190	209.29	0.38385	1.3415	461,421,461	461	better	tie	better
rb_poa_abpoa	TR760137	hurt	ok			945	263.23	0.2887	1.2987	180,180,180	180	tie	tie	tie
rb_poa_abpoa	TR773368	hurt	ok			13	10.53	0.0	1.001	0,0,0	0	better	tie	better
rb_poa_abpoa	TR772413	hurt	ok			377	175.92	0.35265	1.1123	81,81	81.0	worse	tie	better
rb_poa_abpoa	TR755896	hurt	ok			164	46.79	0.14859	1.0082	0,0,0	0	tie	tie	tie
rb_poa_abpoa	TR770009	hurt	ok			91	40.02	0.12799	1.0279	0,0,0	0	better	tie	better
rb_poa_abpoa	TR769752	helped	ok			227	112.94	0.15131	1.0475	267,311,267	267	better	tie	better
rb_poa_abpoa	TR772976	helped	ok			3077	2376.06	0.60199	1.1983	3532,3536,3532	3532	worse	tie	worse
rb_poa_abpoa	TR755726	helped	ok			410	245.66	0.39263	1.0958	92,92,92	92	better	tie	better
rb_poa_abpoa	TR766584	helped	ok			29	28.16	0.02213	1.0336	0,0,0	0	tie	tie	tie
rb_poa_abpoa	TR773452	helped	ok			269	134.3	0.19891	1.0278	588,588,588	588	worse	tie	better
rb_poa_abpoa	TR757936	helped	ok			75	11.61	0.0207	1.0011	4,4,4	4	worse	tie	better
rb_poa_abpoa	TR772945	hotspot	ok			184	94.31	0.2467	1.0198	131,131,131	131	better	tie	better
rb_poa_abpoa	TR772999	hotspot	ok			2866	865.34	0.68806	1.1315	3231,1055,3231	3231	tie	tie	tie
rb_poa_abpoa	TR773491	hotspot	ok			673	160.47	0.43046	1.1018	611,610,611	611	worse	tie	better
rb_poa_abpoa	TR772198	hotspot	ok			698	332.38	0.48697	1.0655	592,592,592	592	better	tie	worse
rb_poa_abpoa	TR764119	mc_right	ok			65	63.85	0.12086	1.1666	7,7,7	7	better	tie	tie
rb_poa_abpoa	TR765271	mc_right	ok			115	69.03	0.12523	1.0592	4,4,4	4	tie	tie	tie
rb_poa_abpoa	TR773234	mc_right	ok			39	42.39	0.03826	1.0419	2,2,2	2	tie	tie	tie
rb_poa_abpoa	TR772722	mc_right	ok			46	23.69	0.00519	1.1888	1,1,1	1	tie	tie	tie
rb_poa_abpoa__all	TR761026	hurt	ok	2.71	293.1	900	239.62	0.3447	1.0533	1,1,1	1	worse	worse	tie
rb_poa_abpoa__all	TR755910	hurt	ok	1.63	251.8	124	48.04	0.10864	1.0015	604,604,604	604	better	tie	tie
rb_poa_abpoa__all	TR761129	hurt	ok	10.4	642.8	1822	320.44	0.58244	2.658	846,846,846	846	worse	worse	worse
rb_poa_abpoa__all	TR760137	hurt	ok	0.68	288.5	409	113.93	0.19428	1.4319	180,180,180	180	tie	tie	tie
rb_poa_abpoa__all	TR773368	hurt	ok	0.04	0.0	40	32.39	0.09618	1.0169	58,58,58	58	worse	worse	tie
rb_poa_abpoa__all	TR772413	hurt	ok	0.55	64.6	617	287.91	0.50165	1.1175	105,105	105.0	worse	worse	better
rb_poa_abpoa__all	TR755896	hurt	ok	0.67	190.7	372	106.13	0.34321	1.1677	0,0,0	0	tie	tie	tie
rb_poa_abpoa__all	TR770009	hurt	ok	1.44	125.8	303	133.25	0.29713	1.0593	34,34,34	34	worse	worse	tie
rb_poa_abpoa__all	TR769752	helped	ok	0.96	62.5	278	138.31	0.1485	1.1459	319,319,319	319	better	worse	tie
rb_poa_abpoa__all	TR772976	helped	ok	12.95	354.6	4660	3598.46	0.74893	1.3949	1317,1098,1317	1317	tie	better	tie
rb_poa_abpoa__all	TR755726	helped	ok	2.52	161.5	615	368.48	0.5021	1.1449	252,252,252	252	worse	worse	worse
rb_poa_abpoa__all	TR766584	helped	ok	0.04	0.0	52	50.49	0.02792	1.0268	0,0,0	0	tie	tie	tie
rb_poa_abpoa__all	TR773452	helped	ok	0.72	214.2	638	318.52	0.35406	1.0537	343,343,343	343	worse	better	better
rb_poa_abpoa__all	TR757936	helped	ok	0.55	456.1	94	14.55	0.03933	1.009	13,13,13	13	worse	worse	tie
rb_poa_abpoa__all	TR772945	hotspot	ok	1.19	117.7	206	105.59	0.27566	1.0244	775,660,775	775	better	worse	tie
rb_poa_abpoa__all	TR772999	hotspot	ok	16.6	594.6	4036	1218.6	0.77612	1.1325	2135,2179,2135	2135	worse	tie	worse
rb_poa_abpoa__all	TR773491	hotspot	ok	8.01	487.3	920	219.36	0.50874	1.1164	770,770,770	770	worse	worse	tie
rb_poa_abpoa__all	TR772198	hotspot	ok	2.73	148.5	1072	510.48	0.58817	1.0975	522,410,522	522	better	better	tie
rb_poa_abpoa__all	TR764119	mc_right	ok	0.09	0.0	113	111.0	0.18293	1.2943	7,7,7	7	better	tie	tie
rb_poa_abpoa__all	TR765271	mc_right	ok	0.15	0.0	236	141.66	0.274	1.2013	4,4,4	4	tie	tie	tie
rb_poa_abpoa__all	TR773234	mc_right	ok	0.05	0.0	54	58.7	0.07169	1.2655	2,2,2	2	tie	tie	tie
rb_poa_abpoa__all	TR772722	mc_right	ok	0.05	0.0	77	39.65	0.06621	1.0524	1,1,1	1	tie	tie	tie
ua_all_poa	TR761026	hurt	ok			812	216.19	0.29384	1.0292	0,0,0	0	tie	tie	better
ua_all_poa	TR755910	hurt	ok			138	53.47	0.09622	1.0008	604,604,604	604	better	tie	tie
ua_all_poa	TR761129	hurt	ok			1687	296.69	0.51196	1.3125	533,531,533	533	better	worse	better
ua_all_poa	TR760137	hurt	ok			344	95.82	0.15553	1.3264	393,328,393	393	worse	worse	worse
ua_all_poa	TR773368	hurt	ok			29	23.48	0.05822	1.0113	419,419,419	419	worse	worse	worse
ua_all_poa	TR772413	hurt	ok			575	268.32	0.49769	1.1008	100,100	100.0	worse	worse	better
ua_all_poa	TR755896	hurt	ok			299	85.31	0.2758	1.1047	0,0,0	0	tie	tie	tie
ua_all_poa	TR770009	hurt	ok			206	90.59	0.24226	1.0525	0,0,0	0	better	tie	better
ua_all_poa	TR769752	helped	ok			287	142.79	0.17645	1.0589	229,229,229	229	better	tie	better
ua_all_poa	TR772976	helped	ok			4822	3723.55	0.65196	1.0633	580,580,580	580	better	better	better
ua_all_poa	TR755726	helped	ok			552	330.74	0.49451	1.097	558,563,558	558	worse	worse	worse
ua_all_poa	TR766584	helped	ok			54	52.43	0.02129	1.0134	0,0,0	0	tie	tie	tie
ua_all_poa	TR773452	helped	ok			511	255.12	0.30415	1.0199	1880,1562,1880	1880	worse	worse	tie
ua_all_poa	TR757936	helped	ok			89	13.77	0.02779	1.0022	4,4,4	4	worse	tie	better
ua_all_poa	TR772945	hotspot	ok			239	122.5	0.27329	1.0196	80,80,80	80	better	better	better
ua_all_poa	TR772999	hotspot	ok			4183	1262.98	0.74714	1.1022	984,764,984	984	better	tie	better
ua_all_poa	TR773491	hotspot	ok			891	212.45	0.47692	1.0793	932,878,932	932	worse	worse	worse
ua_all_poa	TR772198	hotspot	ok			1004	478.1	0.57078	1.0667	808,808,808	808	better	worse	worse
ua_all_poa	TR764119	mc_right	ok			102	100.2	0.22661	1.1577	7,7,7	7	better	tie	tie
ua_all_poa	TR765271	mc_right	ok			183	109.84	0.23588	1.0575	4,4,4	4	tie	tie	tie
ua_all_poa	TR773234	mc_right	ok			54	58.7	0.07169	1.2655	2,2,2	2	tie	tie	tie
ua_all_poa	TR772722	mc_right	ok			83	42.74	0.08443	1.0519	1,1,1	1	tie	tie	tie
ua_all	TR761026	hurt	ok			818	217.78	0.29412	1.0292	0,0,0	0	tie	tie	better
ua_all	TR755910	hurt	ok			138	53.47	0.09622	1.0008	604,604,604	604	better	tie	tie
ua_all	TR761129	hurt	ok			1687	296.69	0.51196	1.3125	533,531,533	533	better	worse	better
ua_all	TR760137	hurt	ok			347	96.66	0.1597	1.3309	393,328,393	393	worse	worse	worse
ua_all	TR773368	hurt	ok			29	23.48	0.05822	1.0113	419,419,419	419	worse	worse	worse
ua_all	TR772413	hurt	ok			575	268.32	0.49769	1.1008	100,100	100.0	worse	worse	better
ua_all	TR755896	hurt	ok			299	85.31	0.2758	1.1047	0,0,0	0	tie	tie	tie
ua_all	TR770009	hurt	ok			202	88.83	0.24108	1.0402	17,17,17	17	worse	worse	better
ua_all	TR769752	helped	ok			287	142.79	0.17645	1.0589	229,229,229	229	better	tie	better
ua_all	TR772976	helped	ok			4818	3720.46	0.65211	1.0623	721,721,721	721	tie	better	better
ua_all	TR755726	helped	ok			552	330.74	0.49451	1.097	558,563,558	558	worse	worse	worse
ua_all	TR766584	helped	ok			54	52.43	0.02129	1.0134	0,0,0	0	tie	tie	tie
ua_all	TR773452	helped	ok			511	255.12	0.30415	1.0199	1880,1562,1880	1880	worse	worse	tie
ua_all	TR757936	helped	ok			88	13.62	0.02694	1.0022	2,2,2	2	tie	better	better
ua_all	TR772945	hotspot	ok			239	122.5	0.27329	1.0196	80,80,80	80	better	better	better
ua_all	TR772999	hotspot	ok			4183	1262.98	0.74714	1.1022	984,764,984	984	better	tie	better
ua_all	TR773491	hotspot	ok			891	212.45	0.47692	1.0793	932,878,932	932	worse	worse	worse
ua_all	TR772198	hotspot	ok			1004	478.1	0.57078	1.0667	808,808,808	808	better	worse	worse
ua_all	TR764119	mc_right	ok			102	100.2	0.22661	1.1577	7,7,7	7	better	tie	tie
ua_all	TR765271	mc_right	ok			183	109.84	0.23588	1.0575	4,4,4	4	tie	tie	tie
ua_all	TR773234	mc_right	ok			44	47.83	0.03609	1.1266	2,2,2	2	tie	tie	tie
ua_all	TR772722	mc_right	ok			83	42.74	0.08443	1.0519	1,1,1	1	tie	tie	tie
