region	n_alleles	truth_len	called_len	atomic_len	ceil_len	ed	ceil	atomic	excess	n_wrong	max_abs_dlen	truth_het	called_het	wrong_called_n	wrong_best_n	dlen
TR755508	10	4261/4394	8876/9466	6088/4151	4151/4568	9690	311	1836	9379	2	4898	1	1	3,3	3,4	4725,4898
TR755559	4	896/896	896/896	896/896	896/896	0	0	0	0	0	0	0	0			
TR755604	25	934/1385	934/1465	1385/934	934/1385	81	0	0	81	1	80	1	1	1	1	80
TR755658	11	563/605	605/563	605/563	563/605	0	0	0	0	0	0	1	1			
TR755664	5	847/849	849/847	849/847	847/849	0	0	0	0	0	0	1	1			
TR755726	26	1599/1697	1505/1541	1697/1505	1568/1702	269	65	141	204	2	161	1	1	2,1	1,1	-63,-161
TR755752	6	1552/994	1273/994	1180/1180	1273/994	279	279	558	0	0	0	1	1			
TR755791	28	1794/1775	1794/1706	1707/1794	1794/1794	69	33	68	36	1	88	0	1	1	3	-88
TR755827	8	679/701	701/701	701/701	701/701	22	22	22	0	0	0	1	1			
TR755836	8	943/939	939/943	939/943	943/939	0	0	0	0	0	0	1	1			
TR755843	4	1042/1042	1042/1042	1042/1042	1042/1042	0	0	0	0	0	0	0	0			
TR755864	7	1603/1603	1603/1603	1526/1603	1603/1603	0	0	79	0	0	0	0	0			
TR755871	8	1426/1271	1271/1271	1116/1116	1426/1271	155	0	465	155	1	155	1	0	22	5	-155
TR755881	20	809/812	812/809	812/809	809/812	0	0	0	0	0	0	1	1			
TR755886	9	952/1044	1044/952	952/1044	952/1044	0	0	0	0	0	0	1	1			
TR755896	7	3190/3505	3190/3505	3190/3505	3190/3505	0	0	2	0	0	0	1	1			
TR755910	18	974/4391	4257/1510	1443/4324	1041/4391	670	69	538	601	2	469	1	1	1,11	1,1	-134,469
TR755996	23	976/888	938/884	884/938	944/884	42	37	42	5	1	6	1	1	1	1	-6
TR756000	13	930/1047	969/891	930/1086	930/1047	119	1	39	118	2	78	1	1	7,3	1,1	-78,-39
TR756034	34	4825/4372	3288/2734	4144/2402	4857/4144	3215	780	2791	2435	2	1569	1	1	1,1	1,1	-1569,-1410
TR756077	7	767/767	767/767	767/767	767/767	0	0	0	0	0	0	1	1			
TR756131	8	1041/1129	1041/1129	1041/1129	1041/1129	0	0	0	0	0	0	1	1			
TR756283	4	575/575	575/575	575/575	575/575	0	0	0	0	0	0	0	0			
TR756292	24	1273/1331	971/1273	1273/1139	1273/1331	360	3	192	357	1	360	1	1	1	1	-360
TR756310	13	1338/1306	1306/1338	1306/1338	1338/1306	0	0	0	0	0	0	1	1			
TR756343	9	1058/1058	1058/1058	1058/1058	1058/1058	0	0	0	0	0	0	0	0			
TR756355	4	644/644	644/644	644/644	644/644	0	0	0	0	0	0	0	0			
TR756418	3	667/667	667/667	667/667	667/667	0	0	0	0	0	0	0	0			
TR756474	14	759/805	853/759	805/759	759/805	48	0	0	48	1	48	1	1	1	1	48
TR756490	4	1300/1300	1300/1300	1300/1300	1300/1300	0	0	0	0	0	0	0	0			
TR756519	3	1096/1096	1096/1096	1096/1096	1096/1096	0	0	0	0	0	0	0	0			
TR756685	13	1113/1063	1115/1063	1063/1115	1113/1063	2	1	2	1	1	2	1	1	2	1	2
TR756692	18	385/3546	385/3516	3516/385	385/3545	30	1	30	29	1	29	1	1	1	1	-29
TR756743	9	909/1017	909/1017	909/963	909/1017	0	0	54	0	0	0	1	1			
TR756756	15	579/585	585/579	585/579	579/585	0	0	0	0	0	0	1	1			
TR756801	6	575/567	555/571	571/571	571/563	17	8	8	9	1	8	1	1	28	1	-8
TR756802	10	817/805	817/809	809/817	817/809	5	5	5	0	1	0	1	1	5	1	0
TR756901	21	765/775	761/785	554/755	765/775	14	0	232	14	2	10	1	1	2,1	7,2	-4,10
TR756961	11	871/870	870/871	870/871	871/870	0	0	0	0	0	0	1	1			
TR757046	3	589/589	589/589	589/589	589/589	0	0	0	0	0	0	0	0			
TR757059	12	1314/1314	1314/1314	1314/1314	1314/1314	1	0	0	1	1	0	1	0	6	12	0
TR757073	17	800/775	775/831	776/807	807/775	31	7	8	24	1	24	1	1	1	2	24
TR757142	4	732/732	732/732	732/732	732/732	0	0	0	0	0	0	1	1			
TR757292	4	729/654	729/654	729/654	729/654	0	0	1	0	0	0	1	1			
TR757312	11	822/804	804/822	804/822	822/804	0	0	0	0	0	0	1	1			
TR757338	4	1191/1191	1191/1191	1191/1191	1191/1191	0	0	0	0	0	0	0	0			
TR757370	19	903/907	907/903	907/903	903/907	0	0	0	0	0	0	1	1			
TR757380	7	793/789	793/789	793/789	793/789	0	0	0	0	0	0	1	1			
TR757402	23	780/788	788/780	780/788	780/788	1	1	1	0	0	0	1	1			
TR757450	3	1040/1040	1040/1040	1040/1040	1040/1040	0	0	0	0	0	0	0	0			
TR757562	20	756/756	756/756	756/756	756/756	1	1	1	0	0	0	1	1			
TR757644	8	1198/1198	1198/1198	1198/1198	1198/1198	0	0	0	0	0	0	1	1			
TR757757	4	533/533	533/533	533/533	533/533	0	0	0	0	0	0	1	1			
TR757806	17	1013/1207	1013/1229	1013/1233	1013/1207	31	11	28	20	1	22	1	1	5	1	22
TR757936	11	6472/6462	6462/6470	6462/6470	6470/6462	2	2	2	0	0	0	1	1			
TR757964	3	915/915	915/915	915/915	915/915	0	0	0	0	0	0	0	0			
TR757975	22	901/829	829/889	897/829	897/829	12	4	4	8	1	8	1	1	2	1	-8
TR757990	21	2002/2284	2251/2002	2002/2251	2002/2284	33	0	33	33	1	33	1	1	2	1	-33
TR758091	12	1234/1292	1263/1234	1234/1292	1234/1292	29	0	0	29	1	29	1	1	6	1	-29
TR758147	8	2013/1629	1629/2013	1629/2013	2013/1629	1	0	0	1	1	0	1	1	9	5	0
TR758257	10	1029/1029	1029/1029	910/1029	1029/1029	0	0	119	0	0	0	1	1			
TR758291	10	905/901	932/901	902/932	901/901	27	4	28	23	1	31	0	1	1	13	31
TR758394	7	1684/1684	1684/1682	1682/1684	1684/1684	2	1	2	1	1	2	0	1	13	10	-2
TR758405	9	1162/1100	1100/1162	1162/1100	1162/1100	0	0	0	0	0	0	1	1			
TR758447	3	772/628	772/628	772/628	772/628	0	0	0	0	0	0	1	1			
TR758472	3	773/773	773/773	773/773	773/773	0	0	0	0	0	0	0	0			
TR758570	13	681/763	701/763	763/701	699/763	20	19	20	1	1	2	1	1	10	2	2
TR758616	5	816/758	758/816	816/758	816/758	0	0	0	0	0	0	1	1			
TR759060	4	945/975	975/945	975/945	945/975	0	0	0	0	0	0	1	1			
TR759093	7	732/732	732/732	732/732	732/732	0	0	0	0	0	0	0	0			
TR759248	13	657/673	657/673	657/673	657/673	0	0	0	0	0	0	1	1			
TR759286	3	882/882	882/882	882/882	882/882	0	0	0	0	0	0	0	0			
TR759287	16	497/501	497/495	501/497	497/501	6	0	0	6	1	6	1	1	11	1	-6
TR759415	33	1049/1034	1034/1034	1034/1019	1043/1034	15	6	32	9	1	9	1	1	2	1	-9
TR759446	34	2151/2162	722/2116	1930/2328	2162/2162	1513	115	387	1398	2	1440	0	1	1,1	1,1	-1440,-46
TR759521	17	715/670	670/735	670/713	713/670	20	2	2	18	1	22	1	1	1	1	22
TR759634	3	776/776	776/776	776/776	776/776	0	0	0	0	0	0	0	0			
TR759655	17	6752/6756	6756/6752	6752/6756	6752/6756	0	0	0	0	0	0	1	1			
TR759817	4	683/683	683/683	683/683	683/683	0	0	0	0	0	0	0	0			
TR760078	5	908/875	908/875	875/908	908/875	0	0	0	0	0	0	1	1			
TR760124	10	1117/1314	1314/1117	1117/1314	1117/1314	0	0	0	0	0	0	1	1			
TR760137	9	3450/2778	2898/3390	3390/2898	3390/2898	180	180	180	0	0	0	1	1			
TR760148	5	1076/1076	1076/1076	1076/1076	1076/1076	0	0	0	0	0	0	0	0			
TR760169	22	1099/1105	1101/1105	1119/1105	1101/1105	4	2	20	2	1	0	1	1	4	1	0
TR760205	5	533/481	533/481	533/481	533/481	0	0	0	0	0	0	1	1			
TR760293	7	845/797	797/845	845/797	845/797	0	0	0	0	0	0	1	1			
TR760300	15	1028/1037	1028/1037	1028/1037	1028/1037	0	0	0	0	0	0	1	1			
TR760314	28	967/1151	933/1125	965/1121	965/1149	77	4	32	73	2	32	1	1	1,1	1,1	-32,-24
TR760329	11	551/546	546/551	546/551	551/546	0	0	0	0	0	0	1	1			
TR760357	3	711/711	711/711	711/711	711/711	0	0	0	0	0	0	1	1			
TR760392	4	819/906	819/906	906/819	819/906	0	0	0	0	0	0	1	1			
TR760497	16	2012/2012	2012/1982	2012/2012	2012/2012	30	0	0	30	1	30	0	1	2	13	-30
TR760525	4	787/787	787/787	787/713	787/787	0	0	75	0	0	0	0	0			
TR760577	4	1181/1182	1181/1182	1181/1182	1181/1182	0	0	0	0	0	0	1	1			
TR760585	6	2015/2001	2015/2001	2001/2015	2015/2001	0	0	0	0	0	0	1	1			
TR760612	13	1029/913	913/1061	913/1029	1029/913	32	0	0	32	1	32	1	1	10	4	32
TR760632	6	2307/2295	2295/2307	2295/2307	2307/2295	0	0	0	0	0	0	1	1			
TR760689	9	655/691	655/691	691/655	655/691	0	0	0	0	0	0	1	1			
TR760693	3	853/854	853/854	854/853	853/854	0	0	0	0	0	0	1	1			
TR760739	7	1180/1142	1144/1142	1144/1142	1144/1142	36	36	36	0	0	0	1	1			
TR760742	8	1096/1101	1096/1101	1101/1096	1096/1101	0	0	0	0	0	0	1	1			
TR760756	2	1013/1013	1013/1013	1013/1013	1013/1013	0	0	0	0	0	0	0	0			
TR760767	2	883/883	883/883	883/883	883/883	0	0	0	0	0	0	0	0			
TR760800	6	1069/1107	1107/1069	1107/1069	1069/1107	0	0	0	0	0	0	1	1			
TR760814	4	584/584	584/584	584/584	584/584	0	0	0	0	0	0	1	1			
TR760876	21	967/969	969/967	969/967	967/969	0	0	0	0	0	0	1	1			
TR760956	17	1166/1148	1148/1166	1148/1148	1166/1148	0	0	18	0	0	0	1	1			
TR760961	5	1251/1251	1251/1251	1251/1251	1251/1251	0	0	0	0	0	0	0	0			
TR761026	16	1478/3756	1478/3756	1478/3743	1478/3756	0	0	13	0	0	0	1	1			
TR761120	14	1788/1770	1712/1788	1788/1712	1788/1737	58	33	58	25	1	25	1	1	1	1	-25
TR761127	19	2078/801	801/2049	801/1693	2078/801	135	54	385	81	1	29	1	1	1	1	-29
TR761128	23	2383/2071	2387/2731	2731/2387	2383/2067	664	12	664	652	2	664	1	1	1,1	5,5	4,664
TR761129	25	5705/5656	5635/5686	5618/5644	5706/5616	75	41	103	34	2	20	1	1	1,2	2,1	19,-20
TR761154	21	1405/1393	1391/1407	1391/1407	1407/1391	8	8	8	0	0	0	1	1			
TR761278	9	771/711	711/771	771/711	771/711	0	0	0	0	0	0	1	1			
TR761312	5	805/805	805/805	805/805	805/805	0	0	0	0	0	0	0	0			
TR761322	6	1377/1377	1377/1377	1377/1377	1377/1377	0	0	0	0	0	0	0	0			
TR761330	8	567/571	567/551	567/569	567/569	20	2	2	18	1	18	1	1	2	23	-18
TR761480	31	1664/1694	1798/1764	1694/1699	1672/1694	208	11	38	197	2	126	1	1	2,1	1,2	126,70
TR761557	14	2240/1918	1918/2240	2240/1886	2240/1918	0	0	32	0	0	0	1	1			
TR761615	20	559/507	561/507	507/561	561/507	2	2	2	0	0	0	1	1			
TR761663	11	2693/2671	2693/2671	2671/2693	2693/2671	0	0	0	0	0	0	1	1			
TR761681	23	832/838	832/802	832/838	832/838	36	0	0	36	1	36	1	1	1	2	-36
TR761755	8	763/767	767/763	767/763	763/767	0	0	0	0	0	0	1	1			
TR761780	11	910/806	806/910	910/806	910/806	0	0	0	0	0	0	1	1			
TR761813	20	1250/1207	1207/1238	1207/1246	1246/1207	12	4	4	8	1	8	1	1	7	1	-8
TR761843	7	839/844	844/839	839/844	839/844	0	0	0	0	0	0	1	1			
TR761907	3	932/932	932/932	932/932	932/932	0	0	0	0	0	0	1	1			
TR761913	9	984/955	984/955	955/984	984/955	0	0	0	0	0	0	1	1			
TR761931	31	662/776	764/662	666/772	662/776	14	3	8	11	1	12	1	1	1	1	-12
TR762028	3	1048/1078	1078/1078	1078/1078	1078/1078	30	30	30	0	0	0	0	0			
TR762047	7	839/839	839/839	839/839	839/839	0	0	0	0	0	0	1	1			
TR762150	4	1209/1439	1209/1439	1439/1209	1209/1439	0	0	0	0	0	0	1	1			
TR762196	6	1857/1857	1857/1857	1857/1857	1857/1857	0	0	0	0	0	0	0	0			
TR762229	4	828/828	828/828	828/828	828/828	1	1	1	0	0	0	0	0			
TR762237	8	840/956	840/956	956/840	840/956	0	0	0	0	0	0	1	1			
TR762269	3	861/861	861/861	861/861	861/861	0	0	0	0	0	0	1	1			
TR762273	7	1254/1254	1254/1254	1254/1254	1254/1254	0	0	0	0	0	0	1	1			
TR762280	8	1750/1823	1764/1809	1823/1750	1750/1823	118	0	0	118	2	59	1	1	10,5	2,10	-59,59
TR762296	4	766/701	766/701	766/701	766/701	0	0	0	0	0	0	1	1			
TR762306	7	799/799	799/799	799/799	799/799	0	0	0	0	0	0	1	1			
TR762312	5	1035/1092	1092/1036	1035/1092	1035/1092	1	0	0	1	1	1	1	1	1	15	1
TR762323	13	2043/2054	2054/2043	2043/2054	2043/2054	0	0	0	0	0	0	1	1			
TR762337	9	1341/1311	1341/1311	1311/1341	1341/1311	0	0	0	0	0	0	1	1			
TR762340	4	1312/1312	1312/1312	1312/1312	1312/1312	0	0	0	0	0	0	1	1			
TR762355	5	1388/1388	1388/1388	1388/1388	1388/1388	0	0	0	0	0	0	0	0			
TR762359	2	788/788	788/788	788/788	788/788	0	0	0	0	0	0	0	0			
TR762376	22	549/547	547/571	551/549	549/547	22	0	4	22	1	22	1	1	2	1	22
TR762443	5	2646/2319	2646/2319	2319/2646	2646/2319	0	0	0	0	0	0	1	1			
TR762452	5	1337/1311	1311/1337	1337/1311	1337/1311	1	1	1	0	0	0	1	1			
TR762629	16	12683/13879	12683/13879	12685/13879	12683/13879	24	0	27	24	2	0	1	1	1,3	8,9	0,0
TR762646	3	883/937	883/937	883/937	883/937	0	0	0	0	0	0	1	1			
TR762657	8	3032/2949	3032/2949	3032/2949	3032/2949	0	0	0	0	0	0	1	1			
TR762691	10	811/699	699/831	699/831	802/699	20	9	20	11	1	29	1	1	1	1	29
TR762710	21	18426/18101	18426/18101	18101/18426	18426/18101	0	0	0	0	0	0	1	1			
TR762711	19	19135/19310	19310/19135	19135/19310	19135/19310	1	1	1	0	0	0	1	1			
TR762722	21	20616/20616	20616/20616	20616/20616	20616/20616	0	0	0	0	0	0	1	1			
TR762878	11	1146/1022	1146/1022	1022/1146	1146/1022	0	0	0	0	0	0	1	1			
TR762964	9	1203/1205	1203/1205	1257/1205	1203/1205	0	0	159	0	0	0	1	1			
TR763235	12	2562/2487	2562/2487	2487/2562	2562/2487	0	0	0	0	0	0	1	1			
TR763303	11	995/1084	1078/995	995/1080	995/1084	6	3	4	3	1	6	1	1	4	1	-6
TR763309	7	879/895	895/879	879/895	879/895	1	1	1	0	0	0	1	1			
TR763319	7	1250/2674	1250/2674	2674/1250	1250/2674	0	0	0	0	0	0	1	1			
TR763587	6	1773/1771	1773/1773	1773/1121	1773/1773	2	2	650	0	0	0	0	0			
TR763611	10	1846/1842	1842/1842	1842/1846	1846/1842	4	0	0	4	1	4	1	1	2	4	-4
TR763614	21	5013/2008	4838/1646	1646/2841	4838/1823	728	562	2534	166	1	177	1	1	10	1	-177
TR763693	4	662/662	662/662	662/662	662/662	0	0	0	0	0	0	0	0			
TR763733	23	699/752	691/744	744/691	707/744	17	17	17	0	1	16	1	1	1	3	-16
TR763761	2	1246/1246	1246/1246	1246/1246	1246/1246	0	0	0	0	0	0	0	0			
TR763775	5	997/997	997/997	997/997	997/997	0	0	0	0	0	0	0	0			
TR763787	6	698/698	698/698	698/698	698/698	2	2	2	0	0	0	1	1			
TR763817	6	1092/1097	1051/1097	1051/1097	1092/1097	41	0	41	41	1	41	1	1	3	2	-41
TR763830	5	1175/1175	1175/1175	1175/1175	1175/1175	0	0	0	0	0	0	0	0			
TR763914	2	1271/1271	1271/1271	1271/1271	1271/1271	0	0	0	0	0	0	0	0			
TR763973	7	1463/1463	1463/1463	1638/1416	1463/1463	0	0	222	0	0	0	0	0			
TR764108	12	572/576	564/572	576/572	572/576	12	0	0	12	2	8	1	1	2,3	3,7	-8,-4
TR764110	3	1069/1069	1069/1070	1069/1070	1069/1069	1	0	1	1	1	1	0	1	6	26	1
TR764119	23	1098/1093	1093/1105	1109/1093	1097/1093	7	1	11	6	1	8	1	1	2	3	8
TR764302	5	1012/1013	1013/1012	1012/1013	1012/1013	0	0	0	0	0	0	1	1			
TR764339	5	970/648	648/970	648/970	970/648	0	0	0	0	0	0	1	1			
TR764350	4	776/768	800/776	776/800	776/768	32	0	32	32	1	32	1	1	2	14	32
TR764357	25	1311/1339	1311/1311	1311/1361	1311/1337	29	5	22	24	1	26	1	1	1	2	-26
TR764366	8	1937/1937	1937/1937	1937/1886	1937/1937	0	0	51	0	0	0	0	0			
TR764465	9	919/968	968/919	968/919	919/968	0	0	0	0	0	0	1	1			
TR764473	5	759/759	759/759	759/908	759/759	1	0	149	1	1	0	1	1	3	13	0
TR764476	21	966/644	659/966	644/942	974/644	42	14	29	28	2	15	1	1	12,2	2,1	15,-8
TR764486	19	1154/1174	1158/1166	1158/1174	1158/1174	12	5	6	7	1	8	1	1	4	1	-8
TR764604	10	1198/1198	1198/1198	1198/1198	1198/1198	1	1	3	0	0	0	0	0			
TR764713	12	2973/2973	2973/2973	2973/2973	2973/2973	0	0	0	0	0	0	1	1			
TR764727	12	2585/2585	2585/2585	2585/2585	2585/2585	0	0	0	0	0	0	0	0			
TR764761	2	1431/1431	1170/1431	1431/1431	1431/1431	262	0	0	262	1	261	0	1	13	21	-261
TR764794	7	1115/1115	1115/1115	1158/1158	1115/1115	0	0	86	0	0	0	0	0			
TR764862	11	774/779	779/774	774/779	774/779	0	0	0	0	0	0	1	1			
TR764873	18	1179/1173	1169/1179	1169/1179	1179/1175	4	2	4	2	1	6	1	1	3	1	-6
TR764881	8	1200/1200	1200/1073	1200/1200	1200/1200	127	0	0	127	1	127	1	1	2	4	-127
TR764895	4	1159/1159	1159/1159	1159/1159	1159/1159	0	0	0	0	0	0	0	0			
TR764995	5	602/658	658/602	658/602	602/658	1	1	1	0	0	0	1	1			
TR765001	7	926/926	926/926	926/926	926/926	0	0	0	0	0	0	0	0			
TR765031	14	506/510	508/512	508/512	508/512	8	4	4	4	1	0	1	1	4	4	0
TR765194	2	1230/1230	1230/1230	1230/1230	1230/1230	0	0	0	0	0	0	0	0			
TR765244	2	558/558	558/558	558/558	558/558	0	0	0	0	0	0	0	0			
TR765247	15	641/633	641/633	633/641	641/633	0	0	0	0	0	0	1	1			
TR765250	24	2245/2241	2245/2268	2241/2245	2245/2241	27	0	0	27	1	27	1	1	4	2	27
TR765271	22	1602/1622	1606/1622	1606/1622	1606/1622	4	4	4	0	0	0	1	1			
TR765313	11	1167/1177	1167/1173	1173/1167	1167/1173	4	4	4	0	0	0	1	1			
TR765325	19	2194/2194	2201/2194	933/2194	2194/2194	8	1	1262	7	1	7	0	1	2	8	7
TR765332	5	1284/1284	1284/1284	1284/1284	1284/1284	0	0	0	0	0	0	1	1			
TR765354	27	4095/4059	4097/4049	4049/4097	4097/4070	37	13	37	24	1	21	1	1	3	1	-21
TR765395	5	1134/1250	1134/1250	1134/1250	1134/1250	0	0	0	0	0	0	1	1			
TR765408	3	1527/1527	1527/1527	1527/1527	1527/1527	0	0	0	0	0	0	0	0			
TR765435	11	853/814	853/814	814/853	853/814	0	0	0	0	0	0	1	1			
TR765467	14	593/534	593/534	534/593	593/534	0	0	0	0	0	0	1	1			
TR765487	26	1488/1542	1515/1542	1542/1542	1488/1542	27	0	54	27	1	27	1	1	3	1	27
TR765501	3	1105/1105	1105/1105	1105/1105	1105/1105	0	0	0	0	0	0	0	0			
TR765526	33	1797/1714	1831/1706	1698/1772	1772/1698	168	43	43	125	2	59	1	1	1,1	1,1	59,8
TR765536	5	798/798	798/798	798/798	798/798	0	0	0	0	0	0	1	1			
TR765643	20	1195/1194	1194/1195	1195/1194	1195/1194	0	0	0	0	0	0	1	1			
TR765648	9	729/781	781/729	729/781	729/781	0	0	0	0	0	0	1	1			
TR765669	3	1221/1221	1221/1221	1221/1221	1221/1221	0	0	0	0	0	0	0	0			
TR765850	27	830/830	830/830	830/830	830/830	0	0	0	0	0	0	1	1			
TR765873	13	941/941	941/941	941/941	941/941	0	0	0	0	0	0	0	0			
TR766081	19	1530/1266	1266/1222	1354/1354	1530/1266	309	3	264	306	2	308	1	1	2,1	2,1	0,-308
TR766134	8	934/929	929/937	929/929	937/929	3	3	33	0	0	0	1	1			
TR766217	4	1283/1283	1283/1156	1283/1283	1283/1283	127	0	0	127	1	127	0	1	4	27	-127
TR766245	2	629/629	629/629	629/629	629/629	0	0	0	0	0	0	0	0			
TR766253	33	763/775	727/775	775/727	771/775	36	11	36	25	1	44	1	1	1	1	-44
TR766285	20	555/684	555/700	700/555	555/684	17	6	17	11	1	16	1	1	1	1	16
TR766344	30	620/620	592/626	624/564	620/620	34	0	60	34	2	28	0	1	2,1	1,1	-28,6
TR766466	10	1086/1086	1086/1086	1053/1053	1086/1086	0	0	66	0	0	0	0	0			
TR766554	6	1208/1208	1208/1208	1208/1208	1208/1208	0	0	0	0	0	0	0	0			
TR766577	8	1396/1396	1396/1396	1396/1396	1396/1396	0	0	0	0	0	0	0	0			
TR766584	2	734/734	734/734	734/734	734/734	0	0	0	0	0	0	0	0			
TR766622	2	2046/2046	2046/2046	2046/2046	2046/2046	0	0	0	0	0	0	0	0			
TR766686	3	1086/1086	1086/1086	1086/1086	1086/1086	0	0	0	0	0	0	0	0			
TR766913	19	2010/2010	1735/2010	2010/2010	2010/2010	277	0	0	277	1	275	0	1	2	9	-275
TR767020	9	1510/1540	1585/1540	1510/1510	1510/1540	75	0	30	75	1	75	1	1	4	6	75
TR767090	5	1128/1132	1128/1132	1132/1128	1128/1132	0	0	0	0	0	0	1	1			
TR767136	10	726/730	726/817	730/730	726/730	87	0	4	87	1	87	1	1	2	2	87
TR767212	2	893/713	893/713	893/713	893/713	0	0	0	0	0	0	1	1			
TR767326	12	876/798	802/876	876/808	876/802	4	4	10	0	0	0	1	1			
TR767338	2	1094/1094	1094/1094	1094/1094	1094/1094	0	0	0	0	0	0	0	0			
TR767664	15	1369/1501	1501/1369	1369/1369	1369/1501	0	0	132	0	0	0	1	1			
TR767701	7	3044/3036	3036/3044	3044/3036	3044/3036	0	0	0	0	0	0	1	1			
TR767827	15	856/816	836/806	816/846	846/816	31	10	10	21	2	10	1	1	1,3	2,2	-10,-10
TR767959	7	1798/1798	1798/1798	1798/1650	1798/1798	0	0	148	0	0	0	0	0			
TR767965	21	773/822	822/759	758/748	773/822	14	0	89	14	1	14	1	1	1	4	-14
TR768000	3	1024/1024	852/1024	1024/1024	1024/1024	172	0	0	172	1	172	0	1	31	2	-172
TR768001	3	1120/1120	1120/1120	1120/519	1120/1120	0	0	601	0	0	0	0	0			
TR768045	17	6237/8972	8972/6237	6237/8972	6237/8972	1	1	1	0	0	0	1	1			
TR768052	7	878/877	878/877	878/877	878/877	0	0	0	0	0	0	1	1			
TR768112	2	1404/1404	1404/1404	1404/1404	1404/1404	0	0	0	0	0	0	0	0			
TR768143	4	3121/3121	3121/3121	3121/3121	3121/3121	0	0	0	0	0	0	1	1			
TR768250	5	1931/1931	1931/1931	1931/2182	1931/1931	0	0	251	0	0	0	1	1			
TR768258	23	663/727	651/747	747/663	663/735	32	10	20	22	2	12	1	1	1,2	2,1	-12,12
TR768271	20	13373/6902	11216/6902	6902/13373	13373/6902	2157	1	2	2156	1	2157	1	1	1	1	-2157
TR768363	8	1030/753	1030/753	1030/753	1030/753	0	0	0	0	0	0	1	1			
TR768385	6	1016/1025	1025/1016	1025/1016	1016/1025	0	0	0	0	0	0	1	1			
TR768407	5	1113/1113	1113/1113	1113/1113	1113/1113	0	0	0	0	0	0	1	1			
TR768412	12	1063/1059	1063/1059	1063/1059	1063/1059	1	1	1	0	0	0	1	1			
TR768461	29	786/443	443/793	443/793	793/443	8	8	8	0	0	0	1	1			
TR768523	7	1007/843	1007/843	843/1007	1007/843	0	0	0	0	0	0	1	1			
TR768619	19	1699/855	855/809	1682/855	1699/855	890	0	17	890	1	890	1	1	2	1	-890
TR768694	26	867/952	950/867	867/952	867/952	6	2	2	4	1	2	1	1	2	1	-2
TR768721	4	1689/1611	1611/1689	1611/1689	1689/1611	0	0	0	0	0	0	1	1			
TR768732	3	1148/1452	1148/1452	1148/1452	1148/1452	0	0	0	0	0	0	1	1			
TR768745	5	755/755	755/755	755/755	755/755	0	0	0	0	0	0	1	1			
TR768778	19	843/916	843/821	915/843	843/915	96	1	1	95	1	94	1	1	4	1	-94
TR768795	4	1315/1315	1315/1315	1315/1632	1315/1315	0	0	327	0	0	0	0	0			
TR768811	8	1014/1162	1014/1162	1162/1014	1014/1162	0	0	0	0	0	0	1	1			
TR768842	19	1713/1790	1713/1790	1790/1713	1713/1790	0	0	0	0	0	0	1	1			
TR768885	13	761/679	679/757	679/757	761/679	4	2	4	2	1	4	1	1	8	1	-4
TR768925	7	936/936	936/936	936/936	936/936	0	0	0	0	0	0	0	0			
TR768943	21	4644/4669	4654/4664	4654/4669	4654/4669	16	11	12	5	2	5	1	1	3,1	1,2	0,-5
TR768979	28	955/950	952/826	932/948	957/948	131	24	29	107	2	131	1	1	5,2	1,2	4,-131
TR769005	4	961/942	942/942	942/942	961/942	19	0	19	19	1	19	1	0	30	1	-19
TR769096	7	630/630	630/630	630/630	630/630	0	0	0	0	0	0	0	0			
TR769122	12	772/772	772/772	772/772	772/772	0	0	0	0	0	0	1	1			
TR769170	14	1520/1502	1521/1502	1502/1281	1520/1502	2	0	241	2	1	1	1	1	1	2	1
TR769242	3	538/538	538/538	538/538	538/538	1	1	1	0	0	0	0	0			
TR769281	4	799/799	799/799	934/934	799/799	0	0	270	0	0	0	0	0			
TR769316	5	895/895	895/895	895/895	895/895	0	0	1	0	0	0	0	0			
TR769323	11	1408/1099	1099/1408	1099/1408	1408/1099	0	0	0	0	0	0	1	1			
TR769326	13	903/869	877/903	903/870	903/870	8	1	1	7	1	7	1	1	2	5	7
TR769400	2	806/806	806/806	806/806	806/806	0	0	0	0	0	0	0	0			
TR769447	27	920/874	862/874	874/918	918/874	58	2	2	56	1	56	1	1	2	2	-56
TR769510	2	821/744	744/821	744/821	821/744	0	0	0	0	0	0	1	1			
TR769517	8	953/806	806/953	806/953	953/806	0	0	0	0	0	0	1	1			
TR769657	4	1340/1419	1419/1340	1419/1340	1340/1419	0	0	0	0	0	0	1	1			
TR769697	6	1007/1007	1007/1039	1007/1007	1007/1007	32	0	0	32	1	32	0	1	6	24	32
TR769744	21	858/810	810/810	840/810	858/810	48	0	18	48	1	48	1	0	2	2	-48
TR769752	29	1633/1968	1745/1763	1659/1745	1649/1968	324	33	252	291	2	205	1	1	1,1	1,1	96,-205
TR769762	3	1042/985	985/1042	985/1042	1042/985	0	0	0	0	0	0	1	1			
TR769830	6	839/842	842/839	842/839	839/842	0	0	0	0	0	0	1	1			
TR769842	17	1199/1191	1191/1195	1191/1195	1195/1191	4	4	4	0	1	0	1	1	1	5	0
TR769853	9	845/833	845/833	833/845	845/833	0	0	0	0	0	0	1	1			
TR770009	9	926/926	926/926	926/926	926/926	0	0	0	0	0	0	0	0			
TR770023	16	1426/1394	1449/1394	1403/1394	1449/1394	23	23	23	0	0	0	1	1			
TR770041	9	807/756	831/756	756/831	831/756	24	24	24	0	0	0	1	1			
TR770056	15	658/618	713/618	618/658	658/618	55	1	1	54	1	55	1	1	1	1	55
TR770308	9	693/641	693/641	641/693	693/641	0	0	0	0	0	0	1	1			
TR770420	26	651/657	651/651	651/653	651/651	8	7	8	1	1	0	1	1	1	1	0
TR770526	3	674/674	674/674	674/674	674/674	0	0	0	0	0	0	0	0			
TR770567	6	824/788	824/788	788/824	824/788	0	0	0	0	0	0	1	1			
TR770580	10	1275/1444	1444/1275	1275/1401	1275/1444	0	0	43	0	0	0	1	1			
TR770592	13	755/870	870/755	870/755	755/870	0	0	0	0	0	0	1	1			
TR770602	23	2498/2147	2147/2322	2498/2147	2498/2147	176	0	0	176	1	176	1	1	1	3	-176
TR770603	19	1178/1178	1178/1254	1178/1102	1178/1178	76	0	76	76	1	76	1	1	4	2	76
TR770625	8	1657/1657	1657/1657	1657/1657	1657/1657	0	0	0	0	0	0	0	0			
TR770678	13	1833/1629	1734/1629	1629/1734	1833/1629	99	0	99	99	1	99	1	1	6	2	-99
TR770683	13	1248/1114	1248/1136	1114/1248	1248/1114	22	1	1	21	1	22	1	1	10	2	22
TR770742	26	3263/2678	3131/2644	3169/2644	3265/2676	171	31	133	140	2	134	1	1	1,2	1,2	-134,-32
TR770744	26	3539/3434	3565/3434	3434/3565	3513/3434	27	27	27	0	1	52	1	1	2	1	52
TR770768	5	696/696	696/696	696/696	696/696	0	0	0	0	0	0	1	1			
TR770864	3	729/729	729/729	729/729	729/729	0	0	1	0	0	0	1	1			
TR770865	11	1217/1258	1258/1217	1258/1190	1217/1258	0	0	27	0	0	0	1	1			
TR770876	29	929/919	899/943	919/943	935/919	34	14	15	20	2	20	1	1	4,1	1,1	-20,8
TR770877	5	713/713	713/713	713/713	713/713	0	0	0	0	0	0	0	0			
TR770887	16	953/933	921/969	933/921	969/933	31	18	33	13	1	12	1	1	3	1	-12
TR770961	2	778/778	778/778	778/778	778/778	0	0	0	0	0	0	0	0			
TR770976	6	1461/1332	1332/1461	1332/1461	1461/1332	0	0	0	0	0	0	1	1			
TR770984	4	727/691	691/727	727/691	727/691	0	0	0	0	0	0	1	1			
TR770990	8	1150/1176	1176/1150	1150/1176	1150/1176	0	0	0	0	0	0	1	1			
TR771011	6	1114/1082	1082/1046	1046/1082	1118/1082	68	40	68	28	1	72	1	1	13	2	-72
TR771014	5	808/808	808/808	808/808	808/808	0	0	0	0	0	0	1	1			
TR771044	21	798/672	814/672	814/672	814/672	17	17	17	0	0	0	1	1			
TR771057	4	1107/1041	1107/1041	1107/1041	1107/1041	0	0	0	0	0	0	1	1			
TR771109	3	574/524	574/524	574/524	574/524	0	0	0	0	0	0	1	1			
TR771130	7	738/809	809/738	738/809	738/809	0	0	0	0	0	0	1	1			
TR771164	10	1216/1139	1216/1139	1139/1216	1216/1139	0	0	0	0	0	0	1	1			
TR771178	6	1407/1480	1407/1461	1461/1407	1407/1461	19	19	19	0	0	0	1	1			
TR771195	9	932/1009	934/1009	932/1009	932/1009	2	0	0	2	1	2	1	1	6	2	2
TR771197	3	1283/1341	1283/1341	1341/1283	1283/1341	0	0	0	0	0	0	1	1			
TR771214	14	1090/1200	1090/1200	1200/1090	1090/1200	0	0	0	0	0	0	1	1			
TR771225	9	1978/1993	1993/1978	1993/1978	1978/1993	0	0	0	0	0	0	1	1			
TR771261	2	855/855	855/855	855/855	855/855	0	0	0	0	0	0	0	0			
TR771291	32	2455/2463	2463/2447	2463/2447	2463/2463	63	62	63	1	1	16	0	1	1	1	-16
TR771293	5	1275/1275	1275/1275	1275/1275	1275/1275	0	0	0	0	0	0	1	1			
TR771318	5	741/681	661/681	681/681	721/681	80	20	60	60	1	60	1	1	10	1	-60
TR771354	6	1580/1580	1580/1580	1580/1580	1580/1580	0	0	0	0	0	0	1	1			
TR771390	5	702/630	630/702	630/702	702/630	0	0	0	0	0	0	1	1			
TR771424	3	1060/1034	1008/1060	1008/1008	1060/1034	26	0	78	26	1	26	1	1	2	10	-26
TR771442	6	1532/1527	1527/1532	1532/1527	1532/1527	0	0	0	0	0	0	1	1			
TR771481	11	1716/1713	1716/1672	1716/1716	1716/1716	48	3	3	45	1	44	0	1	4	3	-44
TR771590	6	1373/1373	1373/1373	1373/1373	1373/1373	0	0	0	0	0	0	0	0			
TR771630	7	1867/1867	1867/1867	1867/1867	1867/1867	1	1	1	0	0	0	0	0			
TR771633	4	1235/1235	1235/1235	1235/1235	1235/1235	0	0	0	0	0	0	0	0			
TR771640	9	1810/1810	1810/1810	1477/1810	1810/1810	0	0	333	0	0	0	0	0			
TR771653	33	2122/1947	1948/1886	1886/815	2122/1948	238	7	1368	231	1	236	1	1	1	1	-236
TR771689	3	695/692	691/695	695/691	695/691	1	1	1	0	0	0	1	1			
TR771758	8	1388/1388	1388/1388	1388/1388	1388/1388	0	0	0	0	0	0	0	0			
TR771799	15	862/941	1022/961	961/942	922/942	180	62	100	118	2	100	1	1	1,14	1,5	100,19
TR771871	9	884/837	884/790	837/884	884/837	47	0	0	47	1	47	1	1	1	16	-47
TR771923	8	523/475	523/475	523/475	523/475	0	0	0	0	0	0	1	1			
TR771929	12	1646/1666	1646/1666	1666/1646	1646/1666	0	0	0	0	0	0	1	1			
TR771939	19	700/651	651/716	651/704	704/651	16	4	4	12	1	12	1	1	1	2	12
TR771952	11	2002/1910	2002/1910	2002/2002	2002/1910	0	0	96	0	0	0	1	1			
TR771963	3	589/513	589/513	513/589	589/513	0	0	0	0	0	0	1	1			
TR772001	3	771/695	771/695	771/695	771/695	0	0	0	0	0	0	1	1			
TR772036	23	752/687	687/756	687/740	756/687	4	4	12	0	0	0	1	1			
TR772050	5	1528/1520	1528/1520	1520/1528	1528/1520	0	0	0	0	0	0	1	1			
TR772060	8	793/793	793/793	793/793	793/793	0	0	0	0	0	0	0	0			
TR772100	3	830/917	830/917	917/917	830/917	0	0	87	0	0	0	1	1			
TR772131	8	810/838	810/838	838/810	810/838	0	0	0	0	0	0	1	1			
TR772150	7	729/674	777/674	777/674	777/674	48	48	48	0	1	0	1	1	8	1	0
TR772156	4	653/803	653/803	803/653	653/803	0	0	0	0	0	0	1	1			
TR772157	3	993/993	993/993	993/993	993/993	0	0	0	0	0	0	0	0			
TR772169	8	2405/2516	2461/2516	2516/2461	2405/2516	56	0	56	56	1	56	1	1	4	9	56
TR772191	4	855/851	855/851	855/851	855/851	0	0	0	0	0	0	1	1			
TR772192	30	800/816	819/812	812/808	804/816	25	14	22	11	2	15	1	1	1,2	1,1	15,-4
TR772198	28	2100/2234	2232/2100	2232/2100	2100/2236	124	104	124	20	1	4	1	1	1	1	-4
TR772205	5	520/524	520/524	524/520	520/524	0	0	0	0	0	0	1	1			
TR772221	9	2157/2157	2157/2157	2157/2157	2157/2157	0	0	1	0	0	0	1	1			
TR772224	15	4101/4101	4101/4101	4101/4101	4101/4101	0	0	1	0	0	0	1	1			
TR772228	18	1502/1638	1716/1502	1677/1502	1502/1638	81	27	42	54	2	78	1	1	2,3	2,5	78,0
TR772242	4	740/740	740/740	740/740	740/740	0	0	0	0	0	0	1	1			
TR772249	6	1196/2058	1196/2058	1196/2058	1196/2058	0	0	0	0	0	0	1	1			
TR772251	11	2254/1809	2143/1809	2285/1778	2285/1809	115	31	62	84	1	142	1	1	1	11	-142
TR772253	4	1161/1143	1161/1143	1161/1143	1161/1143	0	0	0	0	0	0	1	1			
TR772256	5	1149/1149	1149/1149	1149/1149	1149/1149	0	0	0	0	0	0	0	0			
TR772265	4	2223/2223	2223/2223	2223/2223	2223/2223	0	0	0	0	0	0	0	0			
TR772266	8	1518/1518	1518/1518	1518/1518	1518/1518	0	0	0	0	0	0	0	0			
TR772268	2	1905/1905	1905/1905	1905/1905	1905/1905	0	0	0	0	0	0	0	0			
TR772271	3	512/833	833/512	512/833	512/833	0	0	0	0	0	0	1	1			
TR772285	5	2243/2245	2243/2245	2243/2245	2243/2245	0	0	0	0	0	0	1	1			
TR772292	7	1882/1881	1882/1881	1882/1881	1882/1881	0	0	0	0	0	0	1	1			
TR772296	17	1570/1617	1570/1617	1617/1570	1570/1617	1	1	1	0	0	0	1	1			
TR772315	5	785/786	786/785	785/786	785/786	0	0	0	0	0	0	1	1			
TR772321	5	1413/1413	1413/1413	1413/1413	1413/1413	0	0	0	0	0	0	0	0			
TR772323	3	903/903	903/903	903/903	903/903	0	0	0	0	0	0	0	0			
TR772327	2	1458/1295	1458/1295	1295/1458	1458/1295	0	0	0	0	0	0	1	1			
TR772329	18	830/740	830/737	737/830	830/737	3	3	3	0	0	0	1	1			
TR772338	3	1314/1207	1314/1207	1314/1207	1314/1207	0	0	0	0	0	0	1	1			
TR772350	9	966/998	966/998	998/966	966/998	0	0	0	0	0	0	1	1			
TR772359	6	944/944	944/944	944/944	944/944	0	0	0	0	0	0	1	1			
TR772363	5	843/1075	843/1075	1075/843	843/1075	0	0	0	0	0	0	1	1			
TR772374	4	1279/1279	1279/1279	1227/1227	1279/1279	1	0	104	1	1	0	0	1	2	29	0
TR772382	4	1601/1601	1457/1601	1457/1601	1601/1601	144	0	145	144	1	144	0	1	5	27	-144
TR772404	7	824/896	900/896	900/896	894/896	76	72	76	4	1	6	1	1	8	1	6
TR772411	4	992/1098	1098/992	992/1098	992/1098	0	0	0	0	0	0	1	1			
TR772413	22	1767/1581	1581/1767	1767/1581	1767/1581	0	0	0	0	0	0	1	1			
TR772418	23	1148/1143	1143/1148	1143/1148	1148/1143	0	0	0	0	0	0	1	1			
TR772419	3	845/845	845/845	845/845	845/845	0	0	0	0	0	0	0	0			
TR772430	3	1018/968	968/1018	1018/968	1018/968	0	0	0	0	0	0	1	1			
TR772431	3	1512/1512	1512/1512	1512/1512	1512/1512	1	0	0	1	1	0	1	0	29	3	0
TR772445	6	1436/1436	1436/1436	1436/1436	1436/1436	0	0	0	0	0	0	1	1			
TR772446	3	696/696	696/696	696/696	696/696	0	0	0	0	0	0	1	1			
TR772463	13	2011/2045	2045/2011	2011/2045	2011/2045	0	0	0	0	0	0	1	1			
TR772464	7	1702/1702	1702/1702	1702/1702	1702/1702	0	0	1	0	0	0	1	1			
TR772476	3	2412/2409	2412/2412	2412/2412	2412/2412	3	3	3	0	0	0	0	0			
TR772489	24	4956/4147	4147/4147	4147/4956	4956/4147	1045	1	1	1044	1	809	1	0	8	1	-809
TR772490	5	1233/928	1233/928	928/1233	1233/928	0	0	0	0	0	0	1	1			
TR772500	9	1693/1631	1631/1693	1631/1693	1693/1631	0	0	0	0	0	0	1	1			
TR772504	18	1279/1169	1213/1257	1257/1169	1279/1169	66	0	22	66	2	44	1	1	5,3	1,6	44,-22
TR772506	7	2230/2291	2291/2230	2291/2230	2230/2291	0	0	0	0	0	0	1	1			
TR772509	9	1252/1307	1307/1249	1287/1249	1249/1307	5	5	25	0	0	0	1	1			
TR772530	2	1028/1102	1102/1028	1102/1028	1028/1102	0	0	0	0	0	0	1	1			
TR772531	21	3589/1160	1160/3589	3589/941	3589/1160	1	1	220	0	0	0	1	1			
TR772548	9	991/1071	991/1071	991/1071	991/1071	0	0	0	0	0	0	1	1			
TR772604	7	1311/1172	1172/1366	1311/1172	1311/1172	55	0	0	55	1	55	1	1	14	1	55
TR772606	7	1412/1543	1543/1412	1543/1412	1412/1543	0	0	0	0	0	0	1	1			
TR773098	11	849/812	812/849	739/812	849/812	2	1	112	1	1	0	1	1	12	1	0
TR773108	2	595/659	595/659	595/659	595/659	0	0	0	0	0	0	1	1			
TR773117	2	1026/1085	1026/1085	1085/1026	1026/1085	0	0	0	0	0	0	1	1			
TR773131	6	1588/1624	1696/1624	1624/1588	1588/1624	108	0	0	108	1	108	1	1	2	14	108
TR773137	15	1655/2137	1655/2137	1655/2137	1655/2137	0	0	0	0	0	0	1	1			
TR773138	5	1005/1247	1005/1247	1247/1005	1005/1247	0	0	0	0	0	0	1	1			
TR773142	13	1863/2058	1863/2058	2058/1820	1863/2058	0	0	43	0	0	0	1	1			
TR773143	6	1099/1167	1099/1167	1167/1099	1099/1167	0	0	0	0	0	0	1	1			
TR773144	3	1304/1304	1304/1304	1304/1304	1304/1304	0	0	0	0	0	0	0	0			
TR773155	3	813/813	813/813	813/813	813/813	0	0	0	0	0	0	0	0			
TR773161	18	3201/3324	3205/3320	3197/3320	3205/3320	8	8	8	0	0	0	1	1			
TR773182	5	1097/890	890/1098	890/1098	1098/890	1	1	1	0	0	0	1	1			
TR773187	3	936/862	862/936	936/862	936/862	0	0	0	0	0	0	1	1			
TR773191	5	932/1032	932/1032	1032/932	932/1032	0	0	0	0	0	0	1	1			
TR773193	4	655/655	655/655	655/655	655/655	1	1	1	0	0	0	1	1			
TR773195	11	837/698	833/698	698/833	833/698	4	4	4	0	0	0	1	1			
TR773196	4	583/583	583/583	583/583	583/583	0	0	0	0	0	0	0	0			
TR773201	14	2217/2217	2217/2217	2217/2217	2217/2217	1	1	2	0	0	0	0	0			
TR773215	12	4221/2498	2498/2498	4221/2498	4221/2498	1723	0	0	1723	1	1723	1	0	13	11	-1723
TR773217	5	785/893	785/893	893/785	785/893	0	0	0	0	0	0	1	1			
TR773227	8	964/1096	964/1096	964/1096	964/1096	0	0	0	0	0	0	1	1			
TR773234	10	1147/1155	1147/1157	1153/1147	1147/1157	2	2	3	0	0	0	1	1			
TR773244	11	1454/1055	1055/1055	1397/1055	1454/1055	399	0	57	399	1	399	1	1	1	1	-399
TR773248	6	793/646	744/646	646/744	793/646	49	0	49	49	1	49	1	1	8	9	-49
TR773250	3	1032/1032	1032/1032	1093/1093	1032/1032	0	0	122	0	0	0	0	0			
TR773265	5	1424/1368	1424/1368	1424/1368	1424/1368	0	0	0	0	0	0	1	1			
TR773270	4	843/947	843/947	843/947	843/947	0	0	0	0	0	0	1	1			
TR773280	9	971/857	1048/857	857/971	971/857	77	0	0	77	1	77	1	1	1	11	77
TR773287	4	782/551	782/551	782/551	782/551	0	0	0	0	0	0	1	1			
TR773291	2	736/647	736/647	647/736	736/647	0	0	0	0	0	0	1	1			
TR773300	5	1306/1255	1306/1255	1306/1255	1306/1255	0	0	0	0	0	0	1	1			
TR773308	4	707/707	707/707	707/707	707/707	0	0	0	0	0	0	0	0			
TR773311	10	1678/1668	1678/1668	1678/1668	1678/1668	0	0	0	0	0	0	1	1			
TR773316	4	1195/1143	1195/1143	1091/1091	1195/1143	0	0	156	0	0	0	1	1			
TR773324	4	1311/1311	1311/1311	1311/1311	1311/1311	0	0	0	0	0	0	1	1			
TR773331	3	542/542	542/542	542/542	542/542	0	0	0	0	0	0	0	0			
TR773333	4	973/853	853/853	973/973	973/853	120	0	120	120	1	120	1	0	20	12	-120
TR773337	5	897/897	897/897	897/897	897/897	0	0	0	0	0	0	0	0			
TR773351	4	1534/1654	1534/1654	1614/1534	1534/1654	0	0	40	0	0	0	1	1			
TR773368	8	1235/1235	1235/1235	1235/1235	1235/1235	0	0	0	0	0	0	1	1			
TR773379	23	2737/2738	2741/2739	1098/2739	2741/2739	5	5	1640	0	0	0	1	1			
TR773388	8	700/1888	700/1888	1845/700	700/1888	0	0	43	0	0	0	1	1			
TR773393	12	1125/1129	1125/1107	1125/1107	1125/1129	23	2	23	21	1	22	1	1	2	3	-22
TR773413	13	1885/1767	1472/1767	1826/1472	1885/1767	413	0	354	413	1	413	1	1	4	1	-413
TR773420	4	840/840	840/840	840/840	840/840	0	0	0	0	0	0	1	1			
TR773424	5	1091/1011	1091/1011	1091/1011	1091/1011	0	0	0	0	0	0	1	1			
TR773439	5	778/727	778/727	778/727	778/727	0	0	2	0	0	0	1	1			
TR773451	5	1106/1106	1106/1106	1106/1106	1106/1106	0	0	1	0	0	0	1	1			
TR773452	10	4381/2003	2003/4381	2003/4361	4381/2003	0	0	21	0	0	0	1	1			
TR773453	5	1078/1039	1039/1078	1000/1000	1078/1039	0	0	117	0	0	0	1	1			
TR773454	14	2155/2307	2307/2178	2154/2284	2155/2307	23	0	24	23	1	23	1	1	6	4	23
TR773457	11	1867/1881	1881/1867	1881/1867	1867/1881	0	0	0	0	0	0	1	1			
TR773462	15	1032/1032	1131/1032	1032/1032	1032/1032	100	0	0	100	1	99	0	1	2	11	99
TR773467	7	2830/2831	2831/2830	2830/2831	2830/2831	0	0	2	0	0	0	1	1			
TR773470	6	2647/2647	2647/2647	2647/2647	2647/2647	0	0	0	0	0	0	1	1			
TR773472	34	3973/3876	2725/5030	2725/4596	3838/3838	2253	457	1834	1796	2	1192	0	1	1,1	1,1	-1113,1192
TR773474	8	1909/1979	1909/1979	1979/1909	1909/1979	0	0	0	0	0	0	1	1			
TR773479	5	946/944	944/946	944/946	946/944	0	0	0	0	0	0	1	1			
TR773487	12	1649/1773	1773/1649	1773/1649	1649/1773	0	0	0	0	0	0	1	1			
TR773491	24	3897/2847	3247/3735	3150/3635	3835/2903	572	177	580	395	2	344	1	1	2,2	1,1	344,-100
TR773492	3	741/741	741/741	741/741	741/741	0	0	0	0	0	0	0	0			
TR773493	6	1537/1537	1537/1537	1537/1537	1537/1537	0	0	0	0	0	0	0	0			
TR773496	3	1269/1269	1269/1269	1269/1269	1269/1269	0	0	0	0	0	0	1	1			
TR773517	16	1291/1402	1335/1291	1252/1291	1291/1402	70	0	151	70	1	67	1	1	16	2	-67
TR773518	12	2505/2505	2505/2505	2505/2505	2505/2505	0	0	0	0	0	0	1	1			
TR773523	6	737/738	738/737	737/738	737/738	0	0	0	0	0	0	1	1			
TR773529	9	1296/1296	1296/1296	1242/1242	1296/1296	0	0	108	0	0	0	0	0			
TR773536	20	2757/2719	2769/2775	2775/2775	2757/2757	95	57	95	38	2	18	0	1	1,9	1,1	12,18
TR773565	9	635/635	635/565	635/565	635/635	76	1	76	75	1	70	1	1	2	1	-70
TR773568	5	4775/4901	4777/4777	4777/5976	4777/4777	191	191	1398	0	0	0	0	0			
