region	vgreads	vgreads_len	vgreads_nodepth	vgreads_nodepth_len	reads	kappa	alleles	walks	walks_matching_hap32	alleles_with_walk	wrong_called
TR755559	0	896/896	0	896/896	131	0.1049	4	34	34	4	0
TR755604	0	1385/934	0	1385/934	90	0.106	25	34	34	25	1
TR755658	0	605/563	0	605/563	100	0.1175	11	34	34	11	0
TR755664	0	849/847	0	849/847	80	0.114	5	34	34	5	0
TR755726	141	1697/1505	141	1697/1505	124	0.1129	26	34	34	26	2
TR755752	558	1180/1180	465	1180/1273	153	0.1059	6	34	34	6	0
TR755791	68	1707/1794	339	1707/2065	89	0.0998	28	34	34	28	1
TR755827	22	701/701	22	701/701	100	0.1105	8	34	34	8	0
TR755836	0	939/943	0	939/943	101	0.0979	8	34	34	8	0
TR755843	0	1042/1042	0	1042/1042	157	0.1012	4	34	34	4	0
TR755864	79	1526/1603	4	1603/1603	243	0.1109	7	34	34	7	0
TR755871	465	1116/1116	465	1581/1581	212	0.0985	8	34	34	8	0
TR755881	0	812/809	0	812/809	138	0.1178	20	34	34	20	0
TR755886	0	952/1044	0	952/1044	144	0.1099	9	34	34	9	0
TR755896	2	3190/3505	2	3190/3505	481	0.0914	7	34	34	7	0
TR755910	1876	1443/2984	3419	4324/4324	440	0.1171	18	34	34	18	2
TR755996	42	884/938	42	884/938	103	0.1132	23	34	34	23	1
TR756000	39	930/1086	78	969/1086	176	0.1124	13	34	34	13	2
TR756034	2791	4144/2402	1705	5075/3288	158	0.1152	34	34	34	34	2
TR756077	0	767/767	0	767/767	130	0.1148	7	34	34	7	0
TR756131	0	1041/1129	0	1041/1129	124	0.106	8	34	34	8	0
TR756283	0	575/575	0	575/575	85	0.0793	4	34	34	4	0
TR756292	192	1273/1139	120	1273/1211	141	0.1067	24	34	34	24	1
TR756310	0	1306/1338	0	1306/1338	123	0.1047	13	34	34	13	0
TR756343	0	1058/1058	0	1058/1058	222	0.1122	9	34	34	9	0
TR756355	0	644/644	0	644/644	108	0.1136	4	34	34	4	0
TR756418	0	667/667	0	667/667	74	0.1329	3	34	34	3	0
TR756474	0	805/759	0	805/759	120	0.1103	14	34	34	14	1
TR756490	0	1300/1300	0	1300/1300	222	0.0859	4	34	34	4	0
TR756519	0	1096/1096	0	1096/1096	200	0.1009	3	34	34	3	0
TR756685	1	1063/1113	2	1063/1115	161	0.0906	13	34	34	13	1
TR756692	30	3516/385	30	3516/385	181	0.1103	18	34	34	18	1
TR756743	54	909/963	54	909/963	145	0.1171	9	34	34	9	0
TR756756	0	585/579	0	585/579	53	0.1031	15	34	34	15	0
TR756801	8	571/571	8	571/571	50	0.0702	6	34	34	6	1
TR756802	5	809/817	5	809/817	119	0.0995	10	34	34	10	0
TR756901	232	554/755	11	765/765	46	0.1058	21	34	34	21	2
TR756961	0	870/871	0	870/871	161	0.1122	11	34	34	11	0
TR757046	0	589/589	0	589/589	101	0.0928	3	34	34	3	0
TR757059	0	1314/1314	301	1314/1614	185	0.1014	12	34	34	12	0
TR757073	8	776/807	8	776/807	117	0.1043	17	34	34	17	1
TR757142	0	732/732	0	732/732	131	0.1099	4	34	34	4	0
TR757292	1	729/654	1	729/654	99	0.097	4	34	34	4	0
TR757312	0	804/822	0	804/822	94	0.0964	11	34	34	11	0
TR757338	0	1191/1191	0	1191/1191	179	0.1045	4	34	34	4	0
TR757370	0	907/903	0	907/903	90	0.0863	19	34	34	19	0
TR757380	0	793/789	0	793/789	88	0.1013	7	34	34	7	0
TR757402	1	780/788	1	780/788	116	0.0937	23	34	34	23	0
TR757450	0	1040/1040	0	1040/1040	119	0.1005	3	34	34	3	0
TR757562	1	756/756	1	756/756	67	0.1072	20	34	34	20	0
TR757644	0	1198/1198	0	1198/1198	135	0.0997	8	34	34	8	0
TR757757	0	533/533	0	533/533	66	0.091	4	34	34	4	0
TR757806	28	1013/1233	28	1013/1233	187	0.1035	17	34	34	17	1
TR757936	2	6462/6470	2	6462/6470	1045	0.0986	11	34	34	11	0
TR757964	0	915/915	0	915/915	121	0.094	3	34	34	3	0
TR757975	4	897/829	4	897/829	111	0.0866	22	34	34	22	1
TR757990	33	2002/2251	33	2002/2251	182	0.0917	21	34	34	21	1
TR758091	0	1234/1292	0	1234/1292	188	0.0929	12	34	34	12	1
TR758147	0	1629/2013	0	1629/2013	257	0.0908	8	34	34	8	1
TR758257	119	910/1029	119	910/1029	165	0.107	10	34	34	10	0
TR758291	28	902/932	28	902/932	94	0.089	10	34	34	10	1
TR758394	2	1682/1684	2	1682/1684	182	0.087	7	34	34	7	1
TR758405	0	1162/1100	0	1162/1100	184	0.086	9	34	34	9	0
TR758447	0	772/628	0	772/628	102	0.0982	3	34	34	3	0
TR758472	0	773/773	0	773/773	137	0.0895	3	34	34	3	0
TR758570	20	763/701	20	763/701	85	0.0868	13	34	34	13	1
TR758616	0	816/758	29	845/758	115	0.0868	5	34	34	5	0
TR759060	0	975/945	0	975/945	159	0.0927	4	34	34	4	0
TR759093	0	732/732	0	732/732	115	0.0897	7	34	34	7	0
TR759248	0	657/673	0	657/673	96	0.1037	13	34	34	13	0
TR759286	0	882/882	0	882/882	141	0.0864	3	34	34	3	0
TR759287	0	501/497	0	501/497	35	0.0912	16	34	34	16	1
TR759415	32	1034/1019	32	1034/1019	131	0.0808	33	34	34	33	1
TR759446	1595	2328/722	279	2038/2328	109	0.1002	34	34	34	34	2
TR759521	2	670/713	20	670/735	52	0.0945	17	34	34	17	1
TR759634	0	776/776	0	776/776	62	0.0935	3	34	34	3	0
TR759655	0	6752/6756	0	6752/6756	1069	0.0995	17	34	34	17	0
TR759817	0	683/683	166	766/766	104	0.0796	4	34	34	4	0
TR760078	0	875/908	0	875/908	123	0.0878	5	34	34	5	0
TR760124	0	1117/1314	0	1117/1314	199	0.1028	10	34	34	10	0
TR760137	180	3390/2898	180	3390/2898	303	0.0924	9	34	34	9	0
TR760148	0	1076/1076	0	1076/1076	148	0.104	5	34	34	5	0
TR760169	20	1119/1105	20	1119/1105	124	0.0922	22	34	34	22	1
TR760205	0	533/481	0	533/481	76	0.0889	5	34	34	5	0
TR760293	0	845/797	0	845/797	97	0.0932	7	34	34	7	0
TR760300	0	1028/1037	0	1028/1037	130	0.092	15	34	34	15	0
TR760314	32	965/1121	32	965/1121	152	0.0935	28	34	34	28	2
TR760329	0	546/551	0	546/551	65	0.092	11	34	34	11	0
TR760357	0	711/711	0	711/711	67	0.0862	3	34	34	3	0
TR760392	0	906/819	0	906/819	104	0.0956	4	34	34	4	0
TR760497	0	2012/2012	0	2012/2012	281	0.0983	16	34	34	16	1
TR760525	75	787/713	75	787/713	154	0.106	4	34	34	4	0
TR760577	0	1181/1182	0	1181/1182	196	0.1001	4	34	34	4	0
TR760585	0	2001/2015	0	2001/2015	286	0.0917	6	34	34	6	0
TR760612	0	913/1029	64	913/1093	125	0.1006	13	34	34	13	1
TR760632	0	2295/2307	0	2295/2307	302	0.1184	6	34	34	6	0
TR760689	0	691/655	0	691/655	72	0.1001	9	34	34	9	0
TR760693	0	854/853	0	854/853	159	0.1075	3	34	34	3	0
TR760739	36	1144/1142	36	1144/1142	155	0.1118	7	34	34	7	0
TR760742	0	1101/1096	0	1101/1096	121	0.0981	8	34	34	8	0
TR760756	0	1013/1013	0	1013/1013	157	0.0983	2	34	34	2	0
TR760767	0	883/883	0	883/883	141	0.1053	2	34	34	2	0
TR760800	0	1107/1069	0	1107/1069	156	0.0993	6	34	34	6	0
TR760814	0	584/584	0	584/584	62	0.0947	4	34	34	4	0
TR760876	0	969/967	0	969/967	97	0.1052	21	34	34	21	0
TR760956	495	1148/671	18	1148/1148	97	0.0935	17	34	34	17	0
TR760961	0	1251/1251	0	1251/1251	236	0.0997	5	34	34	5	0
TR761026	13	1478/3743	0	1478/3756	129	0.0978	16	34	34	16	0
TR761120	58	1788/1712	58	1788/1712	267	0.0986	14	34	34	14	1
TR761127	385	801/1693	385	801/1693	68	0.1052	19	34	34	19	1
TR761128	664	2731/2387	664	2731/2387	208	0.0956	23	34	34	23	2
TR761129	238	5483/5644	103	5618/5644	666	0.1075	25	34	34	25	2
TR761154	8	1391/1407	36	1391/1439	153	0.1056	21	34	34	21	0
TR761278	0	771/711	0	771/711	62	0.1016	9	34	34	9	0
TR761312	0	805/805	0	805/805	152	0.1079	5	34	34	5	0
TR761322	0	1377/1377	0	1377/1377	164	0.0877	6	34	34	6	0
TR761330	2	567/569	2	567/569	61	0.0989	8	34	34	8	1
TR761480	38	1694/1699	60	1716/1699	212	0.079	31	34	34	31	2
TR761557	32	2240/1886	32	2240/1886	225	0.0873	14	34	34	14	0
TR761615	2	507/561	2	507/561	50	0.0985	20	34	34	20	0
TR761663	0	2671/2693	0	2671/2693	328	0.0886	11	34	34	11	0
TR761681	0	832/838	0	832/838	92	0.0859	23	34	34	23	1
TR761755	0	767/763	0	767/763	96	0.1029	8	34	34	8	0
TR761780	0	910/806	0	910/806	135	0.0932	11	34	34	11	0
TR761813	4	1207/1246	4	1207/1246	132	0.0918	20	34	34	20	1
TR761843	0	839/844	5	844/844	135	0.0993	7	34	34	7	0
TR761907	0	932/932	0	932/932	160	0.0998	3	34	34	3	0
TR761913	0	955/984	0	955/984	64	0.089	9	34	34	9	0
TR761931	8	666/772	8	666/772	65	0.0958	31	34	34	31	1
TR762028	30	1078/1078	30	1078/1078	163	0.0956	3	34	34	3	0
TR762047	0	839/839	0	839/839	112	0.0933	7	34	34	7	0
TR762150	0	1439/1209	0	1439/1209	179	0.0941	4	34	34	4	0
TR762196	0	1857/1857	0	1857/1857	303	0.0947	6	34	34	6	0
TR762229	1	828/828	1	828/828	72	0.0962	4	34	34	4	0
TR762237	0	956/840	0	956/840	125	0.1006	8	34	34	8	0
TR762269	0	861/861	0	861/861	181	0.1063	3	34	34	3	0
TR762273	0	1254/1254	0	1254/1254	97	0.0905	7	34	34	7	0
TR762280	0	1823/1750	59	1823/1809	145	0.0993	8	34	34	8	2
TR762296	0	766/701	0	766/701	144	0.1139	4	34	34	4	0
TR762306	159	640/799	0	799/799	74	0.1079	7	34	34	7	0
TR762312	0	1035/1092	0	1035/1092	187	0.1079	5	34	34	5	1
TR762323	0	2043/2054	0	2043/2054	306	0.0935	13	34	34	13	0
TR762337	0	1311/1341	0	1311/1341	251	0.0901	9	34	34	9	0
TR762340	0	1312/1312	0	1312/1312	247	0.0956	4	34	34	4	0
TR762355	0	1388/1388	858	1817/1817	245	0.1071	5	34	34	5	0
TR762359	0	788/788	0	788/788	140	0.1039	2	34	34	2	0
TR762376	4	551/549	4	551/549	60	0.1087	22	34	34	22	1
TR762443	0	2319/2646	0	2319/2646	376	0.0956	5	34	34	5	0
TR762452	1	1337/1311	1	1337/1311	194	0.0948	5	34	34	5	0
TR762629	24	12683/13879	24	12683/13879	2256	0.0948	16	34	34	16	2
TR762646	0	883/937	0	883/937	85	0.0858	3	33	33	3	0
TR762657	0	3032/2949	0	3032/2949	615	0.0908	8	33	33	8	0
TR762691	20	699/831	20	699/831	113	0.0955	10	33	33	10	1
TR762710	0	18101/18426	0	18101/18426	3129	0.0986	21	33	33	21	0
TR762711	1	19135/19310	1	19135/19310	3236	0.0891	19	33	33	19	0
TR762722	0	20616/20616	0	20616/20616	3448	0.0881	21	33	33	21	0
TR762878	0	1022/1146	0	1022/1146	164	0.1016	11	34	34	11	0
TR762964	159	1257/1205	159	1257/1205	235	0.1228	9	34	34	9	0
TR763235	0	2487/2562	0	2487/2562	397	0.1094	12	34	34	12	0
TR763303	4	995/1080	4	995/1080	170	0.0913	11	34	34	11	1
TR763309	1	879/895	1	879/895	66	0.0877	7	34	34	7	0
TR763319	0	2674/1250	0	2674/1250	373	0.1063	7	34	34	7	0
TR763587	650	1773/1121	114	1829/1829	138	0.1341	6	34	34	6	0
TR763611	0	1842/1846	0	1842/1846	313	0.1126	10	34	34	10	1
TR763614	2534	1646/2841	728	1646/4838	201	0.1226	21	34	34	21	1
TR763693	0	662/662	0	662/662	96	0.0932	4	34	34	4	0
TR763733	17	744/691	17	744/691	89	0.1159	23	34	34	23	1
TR763761	0	1246/1246	0	1246/1246	199	0.1207	2	34	34	2	0
TR763775	0	997/997	0	997/997	102	0.1256	5	34	34	5	0
TR763787	2	698/698	2	698/698	110	0.1137	6	34	34	6	0
TR763817	41	1051/1097	41	1092/1138	127	0.1099	6	34	34	6	1
TR763830	0	1175/1175	0	1175/1175	200	0.1117	5	34	34	5	0
TR763914	0	1271/1271	0	1271/1271	226	0.1116	2	34	34	2	0
TR763973	0	1463/1463	350	1638/1638	224	0.1108	7	34	34	7	0
TR764108	0	576/572	0	576/572	78	0.0916	12	34	34	12	1
TR764110	1	1069/1070	1	1069/1070	146	0.1045	3	34	34	3	1
TR764119	11	1109/1093	11	1109/1093	133	0.108	23	34	34	23	1
TR764302	0	1012/1013	0	1012/1013	187	0.1058	5	34	34	5	0
TR764339	0	648/970	0	648/970	161	0.1013	5	34	34	5	0
TR764350	0	776/768	32	776/800	133	0.099	4	34	34	4	1
TR764357	182	1339/1135	50	1339/1361	144	0.1048	25	34	34	25	1
TR764366	90	1847/1937	90	1847/1937	320	0.1044	8	34	34	8	0
TR764465	0	968/919	0	968/919	111	0.0975	9	34	34	9	0
TR764473	0	759/759	149	759/908	191	0.114	5	34	34	5	1
TR764476	29	644/942	24	644/957	36	0.1153	21	34	34	21	2
TR764486	6	1158/1174	6	1158/1174	183	0.1114	19	34	34	19	1
TR764604	346	1198/1543	346	1198/1543	229	0.1153	10	34	34	10	0
TR764713	0	2973/2973	0	2973/2973	488	0.1068	12	34	34	12	0
TR764727	0	2585/2585	0	2585/2585	388	0.1087	12	34	34	12	0
TR764761	0	1431/1431	0	1431/1431	236	0.0777	2	34	34	2	1
TR764794	86	1158/1158	86	1158/1158	260	0.085	7	34	34	7	0
TR764862	0	774/779	0	774/779	93	0.089	11	34	34	11	0
TR764873	4	1169/1179	4	1169/1179	166	0.1022	18	34	34	18	1
TR764881	0	1200/1200	0	1200/1200	229	0.1237	8	34	34	8	1
TR764895	0	1159/1159	0	1159/1159	251	0.121	4	34	34	4	0
TR764995	1	658/602	1	658/602	113	0.1137	5	34	34	5	0
TR765001	0	926/926	0	926/926	146	0.1183	7	34	34	7	0
TR765031	4	508/512	4	508/512	76	0.1053	14	34	34	14	1
TR765194	0	1230/1230	0	1230/1230	261	0.1237	2	34	34	2	0
TR765244	0	558/558	0	558/558	75	0.1055	2	34	34	2	0
TR765247	0	633/641	0	633/641	120	0.0697	15	34	34	15	0
TR765250	0	2241/2245	0	2241/2245	218	0.0883	24	34	34	24	1
TR765271	4	1606/1622	4	1606/1622	227	0.1099	22	34	34	22	0
TR765313	4	1173/1167	4	1173/1167	144	0.1089	11	34	34	11	0
TR765325	1262	933/2194	1	2194/2194	167	0.1076	19	34	34	19	1
TR765332	0	1284/1284	0	1284/1284	271	0.1039	5	34	34	5	0
TR765354	37	4049/4097	37	4049/4097	470	0.108	27	34	34	27	1
TR765395	0	1134/1250	0	1134/1250	203	0.1118	5	34	34	5	0
TR765408	0	1527/1527	0	1527/1527	298	0.1026	3	34	34	3	0
TR765435	0	814/853	0	814/853	126	0.1059	11	34	34	11	0
TR765467	0	534/593	0	534/593	100	0.106	14	34	34	14	0
TR765487	54	1542/1542	54	1542/1542	199	0.1233	26	34	34	26	1
TR765501	0	1105/1105	0	1105/1105	184	0.1233	3	34	34	3	0
TR765526	43	1698/1772	107	1760/1772	45	0.1153	33	34	34	33	2
TR765536	0	798/798	0	798/798	89	0.112	5	34	34	5	0
TR765643	0	1195/1194	0	1195/1194	128	0.0875	20	34	34	20	0
TR765648	0	729/781	0	729/781	99	0.0944	9	34	34	9	0
TR765669	0	1221/1221	0	1221/1221	227	0.0974	3	34	34	3	0
TR765850	0	830/830	0	830/830	132	0.0982	27	34	34	27	0
TR765873	0	941/941	0	941/941	80	0.1072	13	34	34	13	0
TR766081	264	1354/1354	310	1618/1486	254	0.0991	19	34	34	19	2
TR766134	137	929/797	33	929/929	53	0.0989	8	34	34	8	0
TR766217	0	1283/1283	0	1283/1283	249	0.113	4	34	34	4	1
TR766245	0	629/629	0	629/629	78	0.1033	2	34	34	2	0
TR766253	36	775/727	36	775/727	86	0.1004	33	34	34	33	1
TR766285	17	700/555	17	700/555	112	0.097	20	34	34	20	1
TR766344	60	624/564	8	624/624	31	0.0966	30	34	34	30	2
TR766466	66	1053/1053	132	1152/1152	105	0.1017	10	34	34	10	0
TR766554	0	1208/1208	0	1208/1208	177	0.0837	6	34	34	6	0
TR766577	0	1396/1396	0	1396/1396	159	0.0832	8	34	34	8	0
TR766584	0	734/734	0	734/734	136	0.1053	2	34	34	2	0
TR766622	0	2046/2046	0	2046/2046	230	0.1082	2	34	34	2	0
TR766686	0	1086/1086	804	1488/1488	221	0.1049	3	34	34	3	0
TR766913	277	2010/1735	0	2010/2010	140	0.1028	19	34	34	19	1
TR767020	30	1510/1510	30	1540/1540	225	0.0928	9	34	34	9	1
TR767090	0	1132/1128	0	1132/1128	193	0.0982	5	34	34	5	0
TR767136	4	730/730	4	730/730	90	0.0998	10	34	34	10	1
TR767212	0	893/713	0	893/713	126	0.106	2	34	34	2	0
TR767326	10	876/808	10	876/808	114	0.1031	12	34	34	12	0
TR767338	0	1094/1094	0	1094/1094	188	0.102	2	34	34	2	0
TR767664	132	1369/1369	66	1567/1369	178	0.0959	15	34	34	15	0
TR767701	0	3044/3036	1215	3044/4251	389	0.1108	7	34	34	7	0
TR767827	10	816/846	10	816/846	67	0.1121	15	34	34	15	2
TR767959	148	1798/1650	148	1798/1650	290	0.1171	7	34	34	7	0
TR767965	89	758/748	74	758/763	80	0.1186	21	34	34	21	1
TR768000	0	1024/1024	0	1024/1024	183	0.1121	3	34	34	3	1
TR768001	601	1120/519	0	1120/1120	69	0.1016	3	34	34	3	0
TR768045	1	6237/8972	1	6237/8972	1223	0.0982	17	34	34	17	0
TR768052	0	878/877	0	878/877	140	0.106	7	34	34	7	0
TR768112	0	1404/1404	0	1404/1404	235	0.1097	2	34	34	2	0
TR768143	0	3121/3121	0	3121/3121	486	0.1126	4	34	34	4	0
TR768250	0	1931/1931	0	1931/1931	400	0.0999	5	34	34	5	0
TR768258	20	747/663	84	811/663	110	0.1108	23	34	34	23	2
TR768271	2	6902/13373	2	6902/13373	1681	0.1101	20	34	34	20	1
TR768363	0	1030/753	0	1030/753	168	0.1101	8	34	34	8	0
TR768385	0	1025/1016	0	1025/1016	201	0.1049	6	34	34	6	0
TR768407	0	1113/1113	0	1113/1113	172	0.1241	5	34	34	5	0
TR768412	1	1063/1059	1	1063/1059	97	0.0993	12	34	34	12	0
TR768461	8	443/793	8	443/793	100	0.1136	29	34	34	29	1
TR768523	0	843/1007	0	843/1007	155	0.1298	7	34	34	7	0
TR768619	17	1682/855	1431	3130/855	96	0.1051	19	34	34	19	1
TR768694	2	867/952	2	867/952	125	0.0989	26	34	34	26	1
TR768721	0	1611/1689	0	1611/1689	336	0.1118	4	34	34	4	0
TR768732	0	1148/1452	0	1148/1452	266	0.1118	3	34	34	3	0
TR768745	0	755/755	0	755/755	84	0.1175	5	34	34	5	0
TR768778	1	915/843	1	915/843	100	0.1082	19	34	34	19	1
TR768795	327	1315/1632	327	1315/1632	234	0.1125	4	34	34	4	0
TR768811	0	1162/1014	0	1162/1014	122	0.0985	8	34	34	8	0
TR768842	0	1790/1713	0	1790/1713	340	0.121	19	34	34	19	0
TR768885	4	679/757	4	679/757	118	0.1063	13	34	34	13	1
TR768925	0	936/936	0	936/936	128	0.1166	7	34	34	7	0
TR768943	12	4654/4669	12	4654/4669	1001	0.1271	21	34	34	21	2
TR768979	29	932/948	29	932/948	66	0.1026	28	34	34	28	2
TR769005	19	942/942	19	942/942	127	0.1133	4	34	34	4	0
TR769096	0	630/630	0	630/630	100	0.1048	7	34	34	7	0
TR769122	0	772/772	0	772/772	116	0.114	12	34	34	12	0
TR769170	241	1502/1281	0	1502/1520	199	0.1137	14	34	34	14	1
TR769242	1	538/538	1	538/538	87	0.0925	3	34	34	3	0
TR769281	135	934/799	270	934/934	161	0.1126	4	34	34	4	0
TR769316	1	895/895	1	895/895	122	0.1109	5	34	34	5	0
TR769323	0	1099/1408	0	1099/1408	180	0.0962	11	34	34	11	0
TR769326	1	903/870	1	903/870	120	0.102	13	34	34	13	1
TR769400	0	806/806	0	806/806	114	0.1098	2	34	34	2	0
TR769447	2	874/918	2	874/918	124	0.1074	27	34	34	27	1
TR769510	0	744/821	0	744/821	141	0.1014	2	34	34	2	0
TR769517	0	806/953	0	806/953	104	0.1133	8	34	34	8	0
TR769657	0	1419/1340	0	1419/1340	208	0.1083	4	34	34	4	0
TR769697	0	1007/1007	0	1007/1007	119	0.0913	6	34	34	6	1
TR769744	18	840/810	16	842/810	108	0.0941	21	34	34	21	0
TR769752	447	1659/1495	252	1659/1745	193	0.0981	29	34	34	29	2
TR769762	0	985/1042	0	985/1042	202	0.0939	3	34	34	3	0
TR769830	0	842/839	0	842/839	147	0.1013	6	34	34	6	0
TR769842	4	1191/1195	4	1191/1195	156	0.1045	17	34	34	17	0
TR769853	0	833/845	0	833/845	144	0.1002	9	34	34	9	0
TR770009	0	926/926	0	926/926	111	0.116	9	34	34	9	0
TR770023	23	1403/1394	23	1403/1394	174	0.1184	16	34	34	16	1
TR770041	24	756/831	48	756/855	143	0.1113	9	34	34	9	0
TR770056	1	618/658	1	618/658	91	0.1087	15	34	34	15	1
TR770308	0	641/693	0	641/693	81	0.0974	9	34	34	9	0
TR770420	8	651/653	8	651/653	47	0.0939	26	34	34	26	1
TR770526	0	674/674	0	674/674	90	0.1078	3	34	34	3	0
TR770567	0	788/824	0	788/824	136	0.1098	6	34	34	6	0
TR770580	43	1275/1401	43	1275/1401	243	0.1108	10	34	34	10	0
TR770592	0	870/755	0	870/755	128	0.0981	13	34	34	13	0
TR770602	0	2498/2147	55	2553/2147	263	0.0698	23	34	34	23	1
TR770603	76	1178/1102	144	1246/1102	136	0.072	19	34	34	19	1
TR770625	0	1657/1657	0	1657/1657	223	0.082	8	34	34	8	0
TR770678	99	1629/1734	99	1629/1734	249	0.0929	13	34	34	13	1
TR770683	1	1114/1248	1	1114/1248	152	0.0999	13	34	34	13	1
TR770742	133	3169/2644	133	3169/2644	373	0.0692	26	34	34	26	2
TR770744	27	3434/3565	27	3434/3565	525	0.0751	26	34	34	26	0
TR770768	0	696/696	0	696/696	106	0.1039	5	34	34	5	0
TR770864	1	729/729	1	729/729	156	0.1016	3	34	34	3	0
TR770865	27	1258/1190	0	1258/1217	74	0.1001	11	34	34	11	0
TR770876	15	919/943	15	919/943	142	0.0889	29	34	34	29	2
TR770877	0	713/713	0	713/713	119	0.0908	5	34	34	5	0
TR770887	33	933/921	319	1257/921	113	0.0908	16	34	34	16	1
TR770961	0	778/778	0	778/778	112	0.0954	2	34	34	2	0
TR770976	0	1332/1461	0	1332/1461	200	0.1113	6	34	34	6	0
TR770984	0	727/691	0	727/691	119	0.0999	4	34	34	4	0
TR770990	0	1150/1176	0	1150/1176	105	0.1108	8	34	34	8	0
TR771011	68	1046/1082	68	1046/1082	194	0.0982	6	34	34	6	1
TR771014	0	808/808	0	808/808	124	0.1031	5	34	34	5	0
TR771044	17	814/672	17	814/672	74	0.1118	21	34	34	21	0
TR771057	0	1107/1041	0	1107/1041	156	0.1106	4	34	34	4	0
TR771109	0	574/524	0	574/524	81	0.1108	3	34	34	3	0
TR771130	0	738/809	0	738/809	147	0.1225	7	34	34	7	0
TR771164	0	1139/1216	0	1139/1216	196	0.1126	10	34	34	10	0
TR771178	19	1461/1407	19	1461/1407	290	0.0958	6	34	34	6	0
TR771195	0	932/1009	0	932/1009	115	0.1032	9	34	34	9	1
TR771197	0	1341/1283	0	1341/1283	199	0.1121	3	34	34	3	0
TR771214	0	1200/1090	0	1200/1090	166	0.1066	14	34	34	14	0
TR771225	0	1993/1978	0	1993/1978	314	0.1041	9	34	34	9	0
TR771261	0	855/855	0	855/855	148	0.0995	2	34	34	2	0
TR771291	63	2463/2447	63	2463/2447	334	0.1121	32	34	34	32	1
TR771293	0	1275/1275	0	1275/1275	203	0.1156	5	34	34	5	0
TR771318	60	681/681	60	721/721	85	0.1016	5	34	34	5	1
TR771354	0	1580/1580	0	1580/1580	277	0.0952	6	34	34	6	0
TR771390	0	630/702	36	666/702	78	0.0918	5	34	34	5	0
TR771424	78	1008/1008	26	1060/1060	164	0.0972	3	34	34	3	1
TR771442	0	1532/1527	0	1532/1527	231	0.1017	6	34	34	6	0
TR771481	3	1716/1716	3	1716/1716	185	0.1153	11	34	34	11	1
TR771590	0	1373/1373	192	1469/1469	222	0.0971	6	34	34	6	0
TR771630	1	1867/1867	1	1867/1867	238	0.1008	7	34	34	7	0
TR771633	0	1235/1235	0	1235/1235	224	0.1095	4	34	34	4	0
TR771640	333	1477/1810	0	1810/1810	175	0.1037	9	34	34	9	0
TR771653	1368	1886/815	238	1886/1948	98	0.1178	33	34	34	33	1
TR771689	1	695/691	1	695/691	78	0.0985	3	34	34	3	0
TR771758	0	1388/1388	0	1388/1388	118	0.1135	8	34	34	8	0
TR771799	100	961/942	100	961/942	97	0.0978	15	34	34	15	2
TR771871	0	837/884	0	837/884	130	0.0937	9	34	34	9	1
TR771923	0	523/475	0	523/475	79	0.0909	8	34	34	8	0
TR771929	0	1666/1646	0	1666/1646	142	0.0943	12	34	34	12	0
TR771939	4	651/704	4	651/704	114	0.1041	19	34	34	19	1
TR771952	96	2002/2002	96	2002/2002	349	0.0945	11	34	34	11	0
TR771963	0	513/589	0	513/589	64	0.1004	3	34	34	3	0
TR772001	0	771/695	0	771/695	118	0.092	3	34	34	3	0
TR772036	12	687/740	12	687/740	102	0.1109	23	34	34	23	0
TR772050	0	1520/1528	0	1520/1528	277	0.1063	5	34	34	5	0
TR772060	0	793/793	0	793/793	93	0.1097	8	34	34	8	0
TR772100	87	917/917	87	917/917	136	0.0952	3	34	34	3	0
TR772131	0	838/810	0	838/810	119	0.0866	8	34	34	8	0
TR772150	48	777/674	48	777/674	51	0.0967	7	34	34	7	0
TR772156	0	803/653	0	803/653	107	0.1035	4	34	34	4	0
TR772157	0	993/993	0	993/993	178	0.1099	3	34	34	3	0
TR772169	56	2516/2461	56	2516/2461	456	0.1045	8	34	34	8	1
TR772191	0	855/851	0	855/851	128	0.0954	4	34	34	4	0
TR772192	22	812/808	22	812/808	81	0.0936	30	34	34	30	2
TR772198	124	2232/2100	1164	2232/3223	312	0.0908	28	34	34	28	1
TR772205	0	524/520	0	524/520	71	0.1026	5	34	34	5	0
TR772221	1	2157/2157	1	2157/2157	326	0.0979	9	34	34	9	0
TR772224	1	4101/4101	1	4101/4101	420	0.1025	15	34	34	15	0
TR772228	42	1677/1502	120	1755/1502	303	0.1098	18	34	34	18	2
TR772242	0	740/740	0	740/740	128	0.1009	4	34	34	4	0
TR772249	0	1196/2058	0	1196/2058	229	0.0812	6	34	34	6	0
TR772251	62	2285/1778	852	3106/1809	226	0.0908	11	34	34	11	1
TR772253	0	1161/1143	0	1161/1143	216	0.1166	4	34	34	4	0
TR772256	0	1149/1149	0	1149/1149	169	0.091	5	34	34	5	0
TR772265	0	2223/2223	546	2496/2496	357	0.1087	4	34	34	4	0
TR772266	0	1518/1518	0	1518/1518	194	0.1118	8	34	34	8	0
TR772268	0	1905/1905	0	1905/1905	326	0.1041	2	34	34	2	0
TR772271	0	512/833	0	512/833	117	0.1041	3	34	34	3	0
TR772285	0	2243/2245	0	2243/2245	475	0.1125	5	34	34	5	0
TR772292	0	1882/1881	0	1882/1881	323	0.1028	7	34	34	7	0
TR772296	1	1617/1570	1	1617/1570	183	0.101	17	34	34	17	0
TR772315	0	785/786	0	785/786	165	0.1048	5	34	34	5	0
TR772321	0	1413/1413	0	1413/1413	214	0.1112	5	34	34	5	0
TR772323	0	903/903	0	903/903	151	0.0982	3	34	34	3	0
TR772327	0	1295/1458	0	1295/1458	164	0.0999	2	34	34	2	0
TR772329	3	737/830	3	737/830	136	0.0983	18	34	34	18	0
TR772338	0	1314/1207	0	1314/1207	226	0.1014	3	34	34	3	0
TR772350	0	998/966	0	998/966	184	0.1163	9	34	34	9	0
TR772359	0	944/944	0	944/944	154	0.0999	6	34	34	6	0
TR772363	0	1075/843	0	1075/843	164	0.1108	5	34	34	5	0
TR772374	104	1227/1227	0	1279/1279	187	0.1124	4	34	34	4	1
TR772382	288	1457/1457	2	1601/1601	279	0.1121	4	34	34	4	1
TR772404	76	900/896	76	900/896	161	0.1105	7	34	34	7	1
TR772411	0	992/1098	0	992/1098	193	0.1198	4	34	34	4	0
TR772413	0	1767/1581	0	1767/1581	280	0.1099	22	34	34	22	0
TR772418	0	1143/1148	0	1143/1148	184	0.076	23	34	34	23	0
TR772419	0	845/845	0	845/845	191	0.0728	3	34	34	3	0
TR772430	0	1018/968	0	1018/968	130	0.0804	3	34	34	3	0
TR772431	0	1512/1512	0	1512/1512	247	0.0786	3	34	34	3	0
TR772445	0	1436/1436	0	1436/1436	233	0.0964	6	34	34	6	0
TR772446	0	696/696	0	696/696	137	0.0702	3	34	34	3	0
TR772463	0	2011/2045	0	2011/2045	328	0.0971	13	34	34	13	0
TR772464	1	1702/1702	1	1702/1702	240	0.087	7	34	34	7	0
TR772476	3	2412/2412	3	2412/2412	497	0.1294	3	34	34	3	0
TR772489	1	4147/4956	101	4147/5056	601	0.0966	24	34	34	24	0
TR772490	0	928/1233	0	928/1233	135	0.0862	5	34	34	5	0
TR772500	0	1631/1693	0	1631/1693	245	0.1139	9	34	34	9	0
TR772504	22	1257/1169	45	1279/1213	201	0.1174	18	34	34	18	2
TR772506	0	2291/2230	0	2291/2230	277	0.1067	7	34	34	7	0
TR772509	25	1287/1249	25	1287/1249	114	0.1076	9	34	34	9	0
TR772530	0	1102/1028	0	1102/1028	204	0.0868	2	34	34	2	0
TR772531	220	3589/941	74	3589/1233	295	0.0936	21	34	34	21	0
TR772548	0	991/1071	0	991/1071	197	0.1075	9	34	34	9	0
TR772604	0	1311/1172	55	1172/1366	165	0.1183	7	34	34	7	1
TR772606	0	1543/1412	0	1543/1412	216	0.0987	7	34	34	7	0
TR773098	112	739/812	112	739/812	127	0.1156	11	34	34	11	2
TR773108	0	595/659	0	595/659	112	0.1094	2	34	34	2	0
TR773117	0	1085/1026	0	1085/1026	177	0.1132	2	34	34	2	0
TR773131	0	1624/1588	0	1624/1588	284	0.1152	6	34	34	6	1
TR773137	0	1655/2137	0	1655/2137	293	0.1049	15	34	34	15	0
TR773138	0	1247/1005	0	1247/1005	196	0.1076	5	34	34	5	0
TR773142	43	2058/1820	0	2058/1863	119	0.112	13	34	34	13	0
TR773143	0	1167/1099	0	1167/1099	207	0.1166	6	34	34	6	0
TR773144	0	1304/1304	0	1304/1304	205	0.1271	3	34	34	3	0
TR773155	0	813/813	0	813/813	150	0.1241	3	34	34	3	0
TR773161	8	3197/3320	8	3197/3320	393	0.1153	18	34	34	18	1
TR773182	1	890/1098	1	890/1098	99	0.1349	5	34	34	5	0
TR773187	0	936/862	0	936/862	154	0.1266	3	34	34	3	0
TR773191	0	1032/932	0	1032/932	170	0.1125	5	34	34	5	0
TR773193	1	655/655	1	655/655	131	0.0897	4	34	34	4	0
TR773195	4	698/833	4	698/833	142	0.077	11	34	34	11	0
TR773196	0	583/583	0	583/583	97	0.0847	4	34	34	4	0
TR773201	2	2217/2217	2	2217/2217	377	0.1286	14	34	34	14	0
TR773215	0	4221/2498	34	4255/2498	391	0.1194	12	34	34	12	0
TR773217	0	893/785	0	893/785	166	0.1001	5	34	34	5	0
TR773227	0	964/1096	211	1175/1096	149	0.1367	8	34	34	8	0
TR773234	3	1153/1147	3	1153/1147	130	0.1166	10	34	34	10	0
TR773244	399	1055/1055	399	1055/1055	237	0.1126	11	34	34	11	1
TR773248	49	646/744	49	646/744	105	0.1241	6	34	34	6	1
TR773250	122	1093/1093	122	1093/1093	249	0.1024	3	34	34	3	0
TR773265	0	1424/1368	0	1424/1368	266	0.1184	5	34	34	5	0
TR773270	0	843/947	0	843/947	156	0.1305	4	34	34	4	0
TR773280	0	857/971	0	857/971	122	0.1348	9	34	34	9	1
TR773287	0	782/551	0	782/551	117	0.1202	4	34	34	4	0
TR773291	0	647/736	0	647/736	130	0.1121	2	34	34	2	0
TR773300	0	1306/1255	0	1306/1255	251	0.123	5	34	34	5	0
TR773308	0	707/707	0	707/707	139	0.106	4	34	34	4	0
TR773311	0	1678/1668	0	1678/1668	302	0.1148	10	34	34	10	0
TR773316	156	1091/1091	156	1091/1091	105	0.1243	4	34	34	4	0
TR773324	0	1311/1311	0	1311/1311	158	0.1266	4	34	34	4	0
TR773331	0	542/542	0	542/542	124	0.1093	3	34	34	3	0
TR773333	0	853/973	120	973/973	160	0.1149	4	34	34	4	0
TR773337	0	897/897	0	897/897	171	0.1249	5	34	34	5	0
TR773351	40	1614/1534	80	1614/1654	244	0.1226	4	34	34	4	0
TR773368	0	1235/1235	0	1235/1235	192	0.0998	8	34	34	8	0
TR773379	1640	1098/2739	78	2668/2739	170	0.1248	23	34	34	23	0
TR773388	43	1845/700	0	1888/700	195	0.123	8	34	34	8	0
TR773393	23	1125/1107	23	1125/1107	162	0.1105	12	34	34	12	1
TR773413	354	1826/1472	59	1826/1885	305	0.107	13	34	34	13	1
TR773420	0	840/840	0	840/840	215	0.1152	4	34	34	4	0
TR773424	0	1091/1011	0	1091/1011	141	0.1248	5	34	34	5	0
TR773439	2	778/727	2	778/727	111	0.1293	5	34	34	5	0
TR773451	1	1106/1106	1	1106/1106	178	0.057	5	34	34	5	0
TR773452	21	2003/4361	21	2003/4361	356	0.0347	10	34	34	10	0
TR773453	39	1078/1078	39	1078/1078	205	0.0662	5	34	34	5	0
TR773454	44	2167/2284	46	2178/2284	101	0.0733	14	34	34	14	1
TR773457	0	1881/1867	0	1881/1867	313	0.0882	11	34	34	11	0
TR773462	0	1032/1032	0	1032/1032	133	0.1149	15	34	34	15	1
TR773467	2	2830/2831	2	2830/2831	209	0.117	7	34	34	7	0
TR773470	0	2647/2647	0	2647/2647	433	0.1053	6	34	34	6	0
TR773472	1834	2725/4596	1758	4596/4913	344	0.0658	34	34	34	34	2
TR773474	0	1979/1909	0	1979/1909	350	0.0705	8	34	34	8	0
TR773479	0	944/946	0	944/946	207	0.1184	5	34	34	5	0
TR773487	0	1773/1649	0	1773/1649	201	0.1232	12	34	34	12	0
TR773491	662	3247/3635	1230	4044/3835	358	0.0624	24	34	34	24	2
TR773492	0	741/741	0	741/741	114	0.0073	3	34	34	3	0
TR773493	0	1537/1537	0	1537/1537	259	0.0725	6	34	34	6	0
TR773496	0	1269/1269	0	1269/1269	329	0.1151	3	34	34	3	0
TR773517	151	1252/1291	151	1252/1291	129	0.0559	16	34	34	16	1
TR773518	0	2505/2505	0	2505/2505	367	0.0642	12	34	34	12	0
TR773523	0	737/738	0	737/738	98	0.1108	6	34	34	6	0
TR773529	108	1242/1242	4	1296/1296	265	0.1108	9	34	34	9	0
TR773536	95	2775/2775	95	2775/2775	525	0.131	20	34	34	20	2
TR773565	76	635/565	76	635/565	96	0.1345	9	33	33	9	1
TR773568	1398	4777/5976	5876	4777/10539	227	0.074	5	33	33	5	0
